2025-04-17 13:02:34,929 - CRITICAL - ---------***********---------Gravity = -9.8, Min_PointsToSolve=260.0
2025-04-17 13:02:34,953 - DEBUG - Before Noise(Current State): [-0.0045579   1.4034212  -0.46168256 -0.33329916  0.00528827  0.10457794
  0.          0.        ]
2025-04-17 13:02:34,956 - DEBUG - After Noise(Current State): None
2025-04-17 13:03:34,726 - CRITICAL - ---------***********---------Gravity = -9.8, Min_PointsToSolve=260.0
2025-04-17 13:03:34,752 - DEBUG - Before Noise(Current State): [-2.0704270e-04  1.4053704e+00 -2.0981109e-02 -2.4665278e-01
  2.4664306e-04  4.7525605e-03  0.0000000e+00  0.0000000e+00]
2025-04-17 13:03:34,753 - DEBUG - After Noise(Current State): [-1.8990533e-02  1.3865869e+00 -2.0981109e-02 -2.4665278e-01
  2.4664306e-04  4.7525605e-03  0.0000000e+00  0.0000000e+00]
2025-04-17 13:03:34,880 - DEBUG - Before Noise(Next State): [-4.1418074e-04  1.3992555e+00 -2.0952579e-02 -2.7176961e-01
  4.8140943e-04  4.6962239e-03  0.0000000e+00  0.0000000e+00]
2025-04-17 13:03:34,881 - DEBUG - After Noise(Next State): [ 6.2614125e-03  1.4059311e+00 -2.0952579e-02 -2.7176961e-01
  4.8140943e-04  4.6962239e-03  0.0000000e+00  0.0000000e+00]
2025-04-17 13:03:34,898 - DEBUG - Before Noise(Next State): [-6.8788527e-04  1.3925576e+00 -2.9308636e-02 -2.9768828e-01
  2.3916708e-03  3.8208857e-02  0.0000000e+00  0.0000000e+00]
2025-04-17 13:03:34,898 - DEBUG - After Noise(Next State): [-0.02955841  1.363687   -0.02930864 -0.29768828  0.00239167  0.03820886
  0.          0.        ]
2025-04-17 13:03:34,918 - DEBUG - Before Noise(Next State): [-8.6383818e-04  1.3852763e+00 -1.7036865e-02 -3.2361206e-01
  1.8386506e-03 -1.1061199e-02  0.0000000e+00  0.0000000e+00]
2025-04-17 13:03:34,918 - DEBUG - After Noise(Next State): [ 0.01711786  1.403258   -0.01703686 -0.32361206  0.00183865 -0.0110612
  0.          0.        ]
2025-04-17 13:03:34,937 - DEBUG - Before Noise(Next State): [-9.7322464e-04  1.3774123e+00 -8.6913053e-03 -3.4950906e-01
 -3.8599200e-04 -4.4497024e-02  0.0000000e+00  0.0000000e+00]
2025-04-17 13:03:34,937 - DEBUG - After Noise(Next State): [-5.5781836e-03  1.3728074e+00 -8.6913053e-03 -3.4950906e-01
 -3.8599200e-04 -4.4497024e-02  0.0000000e+00  0.0000000e+00]
2025-04-17 13:03:34,955 - DEBUG - Before Noise(Next State): [-1.1773109e-03  1.3689504e+00 -2.0574087e-02 -3.7608579e-01
 -2.2620869e-04  3.1960192e-03  0.0000000e+00  0.0000000e+00]
2025-04-17 13:03:34,956 - DEBUG - After Noise(Next State): [ 1.4082080e-02  1.3842098e+00 -2.0574087e-02 -3.7608579e-01
 -2.2620869e-04  3.1960192e-03  0.0000000e+00  0.0000000e+00]
2025-04-17 13:03:34,975 - DEBUG - Before Noise(Next State): [-1.3813972e-03  1.3599005e+00 -2.0575140e-02 -4.0222085e-01
 -6.7865083e-05  3.1672399e-03  0.0000000e+00  0.0000000e+00]
2025-04-17 13:03:34,975 - DEBUG - After Noise(Next State): [-2.5660608e-02  1.3356212e+00 -2.0575140e-02 -4.0222085e-01
 -6.7865083e-05  3.1672399e-03  0.0000000e+00  0.0000000e+00]
2025-04-17 13:03:34,994 - DEBUG - Before Noise(Next State): [-1.5238762e-03  1.3511779e+00 -1.4704391e-02 -3.8767067e-01
  3.8466664e-04  9.0512726e-03  0.0000000e+00  0.0000000e+00]
2025-04-17 13:03:34,994 - DEBUG - After Noise(Next State): [ 2.0740191e-02  1.3734421e+00 -1.4704391e-02 -3.8767067e-01
  3.8466664e-04  9.0512726e-03  0.0000000e+00  0.0000000e+00]
2025-04-17 13:03:35,013 - DEBUG - Before Noise(Next State): [-1.8082618e-03  1.3428518e+00 -2.8210904e-02 -3.7004963e-01
  1.6331174e-04 -4.4274675e-03  0.0000000e+00  0.0000000e+00]
2025-04-17 13:03:35,013 - DEBUG - After Noise(Next State): [-2.4543485e-02  1.3201165e+00 -2.8210904e-02 -3.7004963e-01
  1.6331174e-04 -4.4274675e-03  0.0000000e+00  0.0000000e+00]
2025-04-17 13:03:35,034 - DEBUG - Before Noise(Next State): [-0.00199471  1.3339456  -0.01593896 -0.3958236  -0.00251725 -0.05361609
  0.          0.        ]
2025-04-17 13:03:35,034 - DEBUG - After Noise(Next State): [-0.00727377  1.3286666  -0.01593896 -0.3958236  -0.00251725 -0.05361609
  0.          0.        ]
2025-04-17 13:03:35,053 - DEBUG - Before Noise(Next State): [-0.00218115  1.3244518  -0.01593076 -0.42195514 -0.00519662 -0.0535926
  0.          0.        ]
2025-04-17 13:03:35,054 - DEBUG - After Noise(Next State): [-9.6765245e-05  1.3265362e+00 -1.5930757e-02 -4.2195514e-01
 -5.1966249e-03 -5.3592600e-02  0.0000000e+00  0.0000000e+00]
2025-04-17 13:03:35,073 - DEBUG - Before Noise(Next State): [-0.00236759  1.3143702  -0.01592315 -0.44809008 -0.00787611 -0.05359492
  0.          0.        ]
2025-04-17 13:03:35,073 - DEBUG - After Noise(Next State): [ 0.0036677   1.3204055  -0.01592315 -0.44809008 -0.00787611 -0.05359492
  0.          0.        ]
2025-04-17 13:03:35,093 - DEBUG - Before Noise(Next State): [-0.00249319  1.3036993  -0.00831549 -0.47428605 -0.01207857 -0.08405716
  0.          0.        ]
2025-04-17 13:03:35,093 - DEBUG - After Noise(Next State): [-0.00475139  1.3014411  -0.00831549 -0.47428605 -0.01207857 -0.08405716
  0.          0.        ]
2025-04-17 13:03:35,111 - DEBUG - Before Noise(Next State): [-2.5347709e-03  1.2939490e+00 -2.6087643e-04 -4.3338072e-01
 -1.5941469e-02 -7.7264830e-02  0.0000000e+00  0.0000000e+00]
2025-04-17 13:03:35,112 - DEBUG - After Noise(Next State): [ 1.5404320e-04  1.2966378e+00 -2.6087643e-04 -4.3338072e-01
 -1.5941469e-02 -7.7264830e-02  0.0000000e+00  0.0000000e+00]
2025-04-17 13:03:35,131 - DEBUG - Before Noise(Next State): [-0.00247793  1.2836201   0.01209464 -0.4591464  -0.0222757  -0.12669624
  0.          0.        ]
2025-04-17 13:03:35,132 - DEBUG - After Noise(Next State): [ 0.03096374  1.3170618   0.01209464 -0.4591464  -0.0222757  -0.12669624
  0.          0.        ]
2025-04-17 13:03:35,152 - DEBUG - Before Noise(Next State): [-0.00249739  1.2727153   0.00251154 -0.48473483 -0.02667943 -0.08808277
  0.          0.        ]
2025-04-17 13:03:35,152 - DEBUG - After Noise(Next State): [-0.02641481  1.2487979   0.00251154 -0.48473483 -0.02667943 -0.08808277
  0.          0.        ]
2025-04-17 13:03:35,171 - DEBUG - Before Noise(Next State): [-0.00250483  1.2627759   0.00378026 -0.44183865 -0.03115807 -0.08958083
  0.          0.        ]
2025-04-17 13:03:35,171 - DEBUG - After Noise(Next State): [ 0.03280528  1.298086    0.00378026 -0.44183865 -0.03115807 -0.08958083
  0.          0.        ]
2025-04-17 13:03:35,191 - DEBUG - Before Noise(Next State): [-0.00244398  1.2522421   0.0123522  -0.46831316 -0.03735363 -0.12392236
  0.          0.        ]
2025-04-17 13:03:35,191 - DEBUG - After Noise(Next State): [ 0.01655305  1.2712392   0.0123522  -0.46831316 -0.03735363 -0.12392236
  0.          0.        ]
2025-04-17 13:03:35,212 - DEBUG - Before Noise(Next State): [-0.00229902  1.241106    0.02289592 -0.49515763 -0.04566519 -0.16624622
  0.          0.        ]
2025-04-17 13:03:35,212 - DEBUG - After Noise(Next State): [ 0.01911505  1.2625201   0.02289592 -0.49515763 -0.04566519 -0.16624622
  0.          0.        ]
2025-04-17 13:03:35,231 - DEBUG - Before Noise(Next State): [-0.00207968  1.229371    0.03221619 -0.5219042  -0.05584607 -0.20363614
  0.          0.        ]
2025-04-17 13:03:35,231 - DEBUG - After Noise(Next State): [-0.03061765  1.200833    0.03221619 -0.5219042  -0.05584607 -0.20363614
  0.          0.        ]
2025-04-17 13:03:35,251 - DEBUG - Before Noise(Next State): [-0.00168514  1.218499    0.04916571 -0.4835919  -0.06546204 -0.19233696
  0.          0.        ]
2025-04-17 13:03:35,251 - DEBUG - After Noise(Next State): [-0.03255896  1.1876252   0.04916571 -0.4835919  -0.06546204 -0.19233696
  0.          0.        ]
2025-04-17 13:03:35,270 - DEBUG - Before Noise(Next State): [-1.1931419e-03  1.2070421e+00  6.1345316e-02 -5.0976825e-01
 -7.7507563e-02 -2.4093163e-01  0.0000000e+00  0.0000000e+00]
2025-04-17 13:03:35,271 - DEBUG - After Noise(Next State): [ 0.01485472  1.2230899   0.06134532 -0.50976825 -0.07750756 -0.24093163
  0.          0.        ]
2025-04-17 13:03:35,289 - DEBUG - Before Noise(Next State): [-5.8994291e-04  1.1959139e+00  7.2163284e-02 -4.9524513e-01
 -8.9255787e-02 -2.3498562e-01  0.0000000e+00  0.0000000e+00]
2025-04-17 13:03:35,289 - DEBUG - After Noise(Next State): [-0.00740685  1.189097    0.07216328 -0.49524513 -0.08925579 -0.23498562
  0.          0.        ]
2025-04-17 13:03:35,309 - DEBUG - Before Noise(Next State): [-6.2751773e-05  1.1842195e+00  6.2569633e-02 -5.2036315e-01
 -9.9047676e-02 -1.9585492e-01  0.0000000e+00  0.0000000e+00]
2025-04-17 13:03:35,310 - DEBUG - After Noise(Next State): [ 0.03010385  1.2143861   0.06256963 -0.52036315 -0.09904768 -0.19585492
  0.          0.        ]
2025-04-17 13:03:35,327 - DEBUG - Before Noise(Next State): [ 5.2795408e-04  1.1719280e+00  7.0543721e-02 -5.4708499e-01
 -1.1044460e-01 -2.2795856e-01  0.0000000e+00  0.0000000e+00]
2025-04-17 13:03:35,327 - DEBUG - After Noise(Next State): [-0.03329977  1.1381003   0.07054372 -0.547085   -0.1104446  -0.22795856
  0.          0.        ]
2025-04-17 13:03:35,346 - DEBUG - Before Noise(Next State): [ 1.10225682e-03  1.16023767e+00  6.93808421e-02 -5.20501077e-01
 -1.22320764e-01 -2.37523109e-01  0.00000000e+00  0.00000000e+00]
2025-04-17 13:03:35,346 - DEBUG - After Noise(Next State): [-0.04256522  1.1165702   0.06938084 -0.5205011  -0.12232076 -0.23752311
  0.          0.        ]
2025-04-17 13:03:35,366 - DEBUG - Before Noise(Next State): [ 0.00176697  1.1479441   0.08069716 -0.5476126  -0.13649112 -0.28340706
  0.          0.        ]
2025-04-17 13:03:35,366 - DEBUG - After Noise(Next State): [ 0.02085436  1.1670315   0.08069716 -0.5476126  -0.13649112 -0.28340706
  0.          0.        ]
2025-04-17 13:03:35,383 - DEBUG - Before Noise(Next State): [ 0.00235424  1.135088    0.0709301  -0.57253844 -0.14866106 -0.24339919
  0.          0.        ]
2025-04-17 13:03:35,383 - DEBUG - After Noise(Next State): [ 0.00503924  1.1377729   0.0709301  -0.57253844 -0.14866106 -0.24339919
  0.          0.        ]
2025-04-17 13:03:35,403 - DEBUG - Before Noise(Next State): [ 0.0029417   1.121646    0.07092746 -0.5986841  -0.16083091 -0.24339671
  0.          0.        ]
2025-04-17 13:03:35,404 - DEBUG - After Noise(Next State): [-0.02666746  1.0920368   0.07092746 -0.5986841  -0.16083091 -0.24339671
  0.          0.        ]
2025-04-17 13:03:35,423 - DEBUG - Before Noise(Next State): [ 0.00382233  1.1088032   0.09947262 -0.57206833 -0.17224804 -0.22834244
  0.          0.        ]
2025-04-17 13:03:35,423 - DEBUG - After Noise(Next State): [ 0.01714903  1.1221299   0.09947262 -0.57206833 -0.17224804 -0.22834244
  0.          0.        ]
2025-04-17 13:03:35,441 - DEBUG - Before Noise(Next State): [ 0.00470238  1.0960288   0.09973799 -0.5691483  -0.18401487 -0.23533693
  0.          0.        ]
2025-04-17 13:03:35,441 - DEBUG - After Noise(Next State): [-0.01184187  1.0794846   0.09973799 -0.5691483  -0.18401487 -0.23533693
  0.          0.        ]
2025-04-17 13:03:35,461 - DEBUG - Before Noise(Next State): [ 0.00550108  1.082702    0.08944221 -0.59352416 -0.19363266 -0.19235545
  0.          0.        ]
2025-04-17 13:03:35,462 - DEBUG - After Noise(Next State): [ 0.01607156  1.0932726   0.08944221 -0.59352416 -0.19363266 -0.19235545
  0.          0.        ]
2025-04-17 13:03:35,480 - DEBUG - Before Noise(Next State): [ 0.00636234  1.0687675   0.09729247 -0.6208022  -0.20487632 -0.22487275
  0.          0.        ]
2025-04-17 13:03:35,481 - DEBUG - After Noise(Next State): [ 0.02630852  1.0887138   0.09729247 -0.6208022  -0.20487632 -0.22487275
  0.          0.        ]
2025-04-17 13:03:35,501 - DEBUG - Before Noise(Next State): [ 0.00714378  1.0542762   0.08720043 -0.64534575 -0.21401858 -0.18284489
  0.          0.        ]
2025-04-17 13:03:35,501 - DEBUG - After Noise(Next State): [ 0.0330206   1.080153    0.08720043 -0.64534575 -0.21401858 -0.18284489
  0.          0.        ]
2025-04-17 13:03:35,521 - DEBUG - Before Noise(Next State): [ 0.00786295  1.0392157   0.07935542 -0.6704603  -0.22154368 -0.15050216
  0.          0.        ]
2025-04-17 13:03:35,521 - DEBUG - After Noise(Next State): [ 0.01164227  1.042995    0.07935542 -0.6704603  -0.22154368 -0.15050216
  0.          0.        ]
2025-04-17 13:03:35,541 - DEBUG - Before Noise(Next State): [ 0.00865078  1.0235486   0.08796845 -0.6977271  -0.23084544 -0.18603528
  0.          0.        ]
2025-04-17 13:03:35,541 - DEBUG - After Noise(Next State): [ 0.04548741  1.0603852   0.08796845 -0.6977271  -0.23084544 -0.18603528
  0.          0.        ]
2025-04-17 13:03:35,560 - DEBUG - Before Noise(Next State): [ 0.00934401  1.0073187   0.07608806 -0.7223998  -0.2377048  -0.137187
  0.          0.        ]
2025-04-17 13:03:35,561 - DEBUG - After Noise(Next State): [-0.01677181  0.9812029   0.07608806 -0.7223998  -0.2377048  -0.137187
  0.          0.        ]
2025-04-17 13:03:35,580 - DEBUG - Before Noise(Next State): [ 0.01003742  0.99050146  0.07608669 -0.74853694 -0.24456412 -0.13718657
  0.          0.        ]
2025-04-17 13:03:35,580 - DEBUG - After Noise(Next State): [-0.0076063   0.9728578   0.07608669 -0.74853694 -0.24456412 -0.13718657
  0.          0.        ]
2025-04-17 13:03:35,599 - DEBUG - Before Noise(Next State): [ 0.01077309  0.973829    0.08065821 -0.7421907  -0.25178063 -0.14433035
  0.          0.        ]
2025-04-17 13:03:35,599 - DEBUG - After Noise(Next State): [ 0.01084976  0.9739056   0.08065821 -0.7421907  -0.25178063 -0.14433035
  0.          0.        ]
2025-04-17 13:03:35,619 - DEBUG - Before Noise(Next State): [ 0.01158819  0.9565458   0.09059654 -0.7697321  -0.261057   -0.18552704
  0.          0.        ]
2025-04-17 13:03:35,619 - DEBUG - After Noise(Next State): [ 0.00222013  0.94717777  0.09059654 -0.7697321  -0.261057   -0.18552704
  0.          0.        ]
2025-04-17 13:03:35,639 - DEBUG - Before Noise(Next State): [ 0.01232433  0.93870866  0.08061011 -0.79402804 -0.26822174 -0.14329508
  0.          0.        ]
2025-04-17 13:03:35,640 - DEBUG - After Noise(Next State): [ 0.02966451  0.95604885  0.08061011 -0.79402804 -0.26822174 -0.14329508
  0.          0.        ]
2025-04-17 13:03:35,659 - DEBUG - Before Noise(Next State): [ 0.01296816  0.9203326   0.06891777 -0.81755275 -0.27286708 -0.09290713
  0.          0.        ]
2025-04-17 13:03:35,659 - DEBUG - After Noise(Next State): [-0.02143081  0.88593364  0.06891777 -0.81755275 -0.27286708 -0.09290713
  0.          0.        ]
2025-04-17 13:03:35,678 - DEBUG - Before Noise(Next State): [ 0.01367006  0.9013334   0.07629237 -0.8455601  -0.2791257  -0.1251724
  0.          0.        ]
2025-04-17 13:03:35,678 - DEBUG - After Noise(Next State): [ 0.02125958  0.9089229   0.07629237 -0.8455601  -0.2791257  -0.1251724
  0.          0.        ]
2025-04-17 13:03:35,697 - DEBUG - Before Noise(Next State): [ 0.0144598   0.88170034  0.08739971 -0.87421155 -0.28778487 -0.17318381
  0.          0.        ]
2025-04-17 13:03:35,697 - DEBUG - After Noise(Next State): [ 0.02337706  0.8906176   0.08739971 -0.87421155 -0.28778487 -0.17318381
  0.          0.        ]
2025-04-17 13:03:35,716 - DEBUG - Before Noise(Next State): [ 0.01524963  0.86148036  0.08739708 -0.9003509  -0.29644403 -0.17318293
  0.          0.        ]
2025-04-17 13:03:35,716 - DEBUG - After Noise(Next State): [ 0.00433857  0.8505693   0.08739708 -0.9003509  -0.29644403 -0.17318293
  0.          0.        ]
2025-04-17 13:03:35,737 - DEBUG - Before Noise(Next State): [ 0.01594877  0.8407222   0.07587751 -0.92381215 -0.30260155 -0.12315011
  0.          0.        ]
2025-04-17 13:03:35,737 - DEBUG - After Noise(Next State): [ 0.02179735  0.8465708   0.07587751 -0.92381215 -0.30260155 -0.12315011
  0.          0.        ]
2025-04-17 13:03:35,756 - DEBUG - Before Noise(Next State): [ 0.01656923  0.8194041   0.06598102 -0.94829804 -0.3066818  -0.08160519
  0.          0.        ]
2025-04-17 13:03:35,756 - DEBUG - After Noise(Next State): [ 0.02257193  0.8254068   0.06598102 -0.94829804 -0.3066818  -0.08160519
  0.          0.        ]
2025-04-17 13:03:35,775 - DEBUG - Before Noise(Next State): [ 0.01718969  0.7974983   0.06598039 -0.97443265 -0.31076208 -0.08160511
  0.          0.        ]
2025-04-17 13:03:35,776 - DEBUG - After Noise(Next State): [ 0.00822248  0.78853106  0.06598039 -0.97443265 -0.31076208 -0.08160511
  0.          0.        ]
2025-04-17 13:03:35,796 - DEBUG - Before Noise(Next State): [ 0.01787319  0.7749816   0.07387924 -1.0019393  -0.31650686 -0.11489584
  0.          0.        ]
2025-04-17 13:03:35,796 - DEBUG - After Noise(Next State): [-0.01207582  0.7450326   0.07387924 -1.0019393  -0.31650686 -0.11489584
  0.          0.        ]
2025-04-17 13:03:35,814 - DEBUG - Before Noise(Next State): [ 0.0184679   0.7519085   0.06275286 -1.026194   -0.31991342 -0.06813119
  0.          0.        ]
2025-04-17 13:03:35,815 - DEBUG - After Noise(Next State): [ 0.01439321  0.7478338   0.06275286 -1.026194   -0.31991342 -0.06813119
  0.          0.        ]
2025-04-17 13:03:35,834 - DEBUG - Before Noise(Next State): [ 0.01928358  0.7288844   0.0845014  -1.023945   -0.32296777 -0.06108726
  0.          0.        ]
2025-04-17 13:03:35,834 - DEBUG - After Noise(Next State): [ 0.01258011  0.7221809   0.0845014  -1.023945   -0.32296777 -0.06108726
  0.          0.        ]
2025-04-17 13:03:35,854 - DEBUG - Before Noise(Next State): [ 0.02001743  0.7053146   0.07415466 -1.0477171  -0.32377398 -0.01612397
  0.          0.        ]
2025-04-17 13:03:35,855 - DEBUG - After Noise(Next State): [ 0.04584104  0.73113817  0.07415466 -1.0477171  -0.32377398 -0.01612397
  0.          0.        ]
2025-04-17 13:03:35,873 - DEBUG - Before Noise(Next State): [ 0.02075129  0.6811568   0.07415464 -1.0738504  -0.32458016 -0.01612361
  0.          0.        ]
2025-04-17 13:03:35,873 - DEBUG - After Noise(Next State): [ 0.03582324  0.69622874  0.07415464 -1.0738504  -0.32458016 -0.01612361
  0.          0.        ]
2025-04-17 13:03:35,893 - DEBUG - Before Noise(Next State): [ 0.02190723  0.65761614  0.11573312 -1.0462832  -0.32472047 -0.00280612
  0.          0.        ]
2025-04-17 13:03:35,893 - DEBUG - After Noise(Next State): [ 0.01024973  0.64595866  0.11573312 -1.0462832  -0.32472047 -0.00280612
  0.          0.        ]
2025-04-17 13:03:35,912 - DEBUG - Before Noise(Next State): [ 0.02298746  0.63352317  0.10619271 -1.0703837  -0.32280502  0.03830886
  0.          0.        ]
2025-04-17 13:03:35,913 - DEBUG - After Noise(Next State): [-0.01807909  0.59245664  0.10619271 -1.0703837  -0.32280502  0.03830886
  0.          0.        ]
2025-04-17 13:03:35,930 - DEBUG - Before Noise(Next State): [ 0.02453957  0.610106    0.15257333 -1.0401818  -0.32005584  0.05498341
  0.          0.        ]
2025-04-17 13:03:35,931 - DEBUG - After Noise(Next State): [-0.00115624  0.5844102   0.15257333 -1.0401818  -0.32005584  0.05498341
  0.          0.        ]
2025-04-17 13:03:35,951 - DEBUG - Before Noise(Next State): [ 0.02636538  0.5873064   0.17990275 -1.0127283  -0.31727502  0.05561645
  0.          0.        ]
2025-04-17 13:03:35,952 - DEBUG - After Noise(Next State): [ 0.00749589  0.5684369   0.17990275 -1.0127283  -0.31727502  0.05561645
  0.          0.        ]
2025-04-17 13:03:35,970 - DEBUG - Before Noise(Next State): [ 0.02825823  0.56389403  0.18830885 -1.0403366  -0.31626725  0.02015537
  0.          0.        ]
2025-04-17 13:03:35,971 - DEBUG - After Noise(Next State): [ 0.02235975  0.55799556  0.18830885 -1.0403366  -0.31626725  0.02015537
  0.          0.        ]
2025-04-17 13:03:35,990 - DEBUG - Before Noise(Next State): [ 0.03021526  0.5398586   0.19645058 -1.068406   -0.31703672 -0.01538947
  0.          0.        ]
2025-04-17 13:03:35,990 - DEBUG - After Noise(Next State): [ 0.04144706  0.55109036  0.19645058 -1.068406   -0.31703672 -0.01538947
  0.          0.        ]
2025-04-17 13:03:36,010 - DEBUG - Before Noise(Next State): [ 0.03218336  0.5160089   0.19822177 -1.0602938  -0.31850168 -0.02929944
  0.          0.        ]
2025-04-17 13:03:36,010 - DEBUG - After Noise(Next State): [ 0.03936597  0.5231915   0.19822177 -1.0602938  -0.31850168 -0.02929944
  0.          0.        ]
2025-04-17 13:03:36,029 - DEBUG - Before Noise(Next State): [ 0.03415146  0.49157125  0.1982217  -1.0864272  -0.31996667 -0.02929992
  0.          0.        ]
2025-04-17 13:03:36,029 - DEBUG - After Noise(Next State): [ 0.0193674   0.47678718  0.1982217  -1.0864272  -0.31996667 -0.02929992
  0.          0.        ]
2025-04-17 13:03:36,047 - DEBUG - Before Noise(Next State): [ 0.03611965  0.46654573  0.19822162 -1.1125606  -0.32143167 -0.02929965
  0.          0.        ]
2025-04-17 13:03:36,047 - DEBUG - After Noise(Next State): [ 0.04660938  0.47703546  0.19822162 -1.1125606  -0.32143167 -0.02929965
  0.          0.        ]
2025-04-17 13:03:36,068 - DEBUG - Before Noise(Next State): [ 0.03814325  0.4408965   0.20527378 -1.1406127  -0.32446578 -0.06068249
  0.          0.        ]
2025-04-17 13:03:36,068 - DEBUG - After Noise(Next State): [ 0.04994178  0.45269504  0.20527378 -1.1406127  -0.32446578 -0.06068249
  0.          0.        ]
2025-04-17 13:03:36,088 - DEBUG - Before Noise(Next State): [ 0.04024944  0.41463026  0.21561173 -1.1685207  -0.32967567 -0.10419776
  0.          0.        ]
2025-04-17 13:03:36,088 - DEBUG - After Noise(Next State): [ 0.03872605  0.41310686  0.21561173 -1.1685207  -0.32967567 -0.10419776
  0.          0.        ]
2025-04-17 13:03:36,107 - DEBUG - Before Noise(Next State): [ 0.04241361  0.38773742  0.2229919  -1.196752   -0.33654073 -0.13730098
  0.          0.        ]
2025-04-17 13:03:36,107 - DEBUG - After Noise(Next State): [ 0.08070432  0.42602813  0.2229919  -1.196752   -0.33654073 -0.13730098
  0.          0.        ]
2025-04-17 13:03:36,128 - DEBUG - Before Noise(Next State): [ 0.04457789  0.36025715  0.22298995 -1.2228888  -0.34340575 -0.13730054
  0.          0.        ]
2025-04-17 13:03:36,128 - DEBUG - After Noise(Next State): [ 0.02886438  0.34454364  0.22298995 -1.2228888  -0.34340575 -0.13730054
  0.          0.        ]
2025-04-17 13:03:36,147 - DEBUG - Before Noise(Next State): [ 0.04674244  0.33218953  0.22298796 -1.249026   -0.35027075 -0.13730009
  0.          0.        ]
2025-04-17 13:03:36,147 - DEBUG - After Noise(Next State): [ 0.06439468  0.34984177  0.22298796 -1.249026   -0.35027075 -0.13730009
  0.          0.        ]
2025-04-17 13:03:36,167 - DEBUG - Before Noise(Next State): [ 0.04899349  0.3034873   0.23393007 -1.2778251  -0.35953948 -0.18537499
  0.          0.        ]
2025-04-17 13:03:36,168 - DEBUG - After Noise(Next State): [ 0.05470928  0.3092031   0.23393007 -1.2778251  -0.35953948 -0.18537499
  0.          0.        ]
2025-04-17 13:03:36,187 - DEBUG - Before Noise(Next State): [ 0.05147161  0.2756575   0.25715292 -1.2392539  -0.36941046 -0.19741955
  0.          0.        ]
2025-04-17 13:03:36,187 - DEBUG - After Noise(Next State): [ 0.02527831  0.2494642   0.25715292 -1.2392539  -0.36941046 -0.19741955
  0.          0.        ]
2025-04-17 13:03:37,562 - DEBUG - Before Noise(Next State): [ 0.05394993  0.24724089  0.25714856 -1.2653948  -0.37928137 -0.19741824
  0.          0.        ]
2025-04-17 13:03:37,562 - DEBUG - After Noise(Next State): [ 0.04885693  0.2421479   0.25714856 -1.2653948  -0.37928137 -0.19741824
  0.          0.        ]
2025-04-17 13:03:37,581 - DEBUG - Before Noise(Next State): [ 0.05657043  0.21933432  0.27192637 -1.2429496  -0.38979533 -0.21027908
  0.          0.        ]
2025-04-17 13:03:37,582 - DEBUG - After Noise(Next State): [ 0.06363925  0.22640315  0.27192637 -1.2429496  -0.38979533 -0.21027908
  0.          0.        ]
2025-04-17 13:03:37,602 - DEBUG - Before Noise(Next State): [ 0.05947389  0.19130725  0.2995658  -1.2482046  -0.39964598 -0.1970131
  0.          0.        ]
2025-04-17 13:03:37,602 - DEBUG - After Noise(Next State): [ 0.08981714  0.22165048  0.2995658  -1.2482046  -0.39964598 -0.1970131
  0.          0.        ]
2025-04-17 13:03:37,621 - DEBUG - Before Noise(Next State): [ 0.06228914  0.16274716  0.28834897 -1.2712811  -0.40697774 -0.14663517
  0.          0.        ]
2025-04-17 13:03:37,621 - DEBUG - After Noise(Next State): [ 0.05508219  0.15554021  0.28834897 -1.2712811  -0.40697774 -0.14663517
  0.          0.        ]
2025-04-17 13:03:37,640 - DEBUG - Before Noise(Next State): [ 0.06505156  0.13364032  0.28158098 -1.2951837  -0.4127309  -0.11506255
  0.          0.        ]
2025-04-17 13:03:37,640 - DEBUG - After Noise(Next State): [ 0.05109183  0.11968059  0.28158098 -1.2951837  -0.4127309  -0.11506255
  0.          0.        ]
2025-04-17 13:03:37,659 - DEBUG - Before Noise(Next State): [ 0.06781397  0.10394591  0.28157932 -1.3213197  -0.41848403 -0.11506233
  0.          0.        ]
2025-04-17 13:03:37,660 - DEBUG - After Noise(Next State): [ 0.04254869  0.07868063  0.28157932 -1.3213197  -0.41848403 -0.11506233
  0.          0.        ]
2025-04-17 13:03:37,678 - DEBUG - Before Noise(Next State): [ 0.07057667  0.07366391  0.28157765 -1.3474555  -0.42423716 -0.11506206
  0.          0.        ]
2025-04-17 13:03:37,678 - DEBUG - After Noise(Next State): [ 0.04895491  0.05204216  0.28157765 -1.3474555  -0.42423716 -0.11506206
  0.          0.        ]
2025-04-17 13:03:37,697 - DEBUG - Before Noise(Next State): [ 0.07359876  0.04339629  0.3072175  -1.3467454  -0.42966056 -0.10846788
  1.          0.        ]
2025-04-17 13:03:37,698 - DEBUG - After Noise(Next State): [ 0.08008554  0.04988307  0.3072175  -1.3467454  -0.42966056 -0.10846788
  1.          0.        ]
2025-04-17 13:03:37,716 - DEBUG - Before Noise(Next State): [ 0.07634144  0.01392983  0.26219326 -1.3057216  -0.41997337  0.18927783
  1.          0.        ]
2025-04-17 13:03:37,717 - DEBUG - After Noise(Next State): [ 0.04795107 -0.01446053  0.26219326 -1.3057216  -0.41997337  0.18927783
  1.          0.        ]
2025-04-17 13:03:37,735 - DEBUG - Before Noise(Next State): [ 0.07938795 -0.01560025  0.27699488 -1.3048832  -0.39444205  0.5055959
  1.          0.        ]
2025-04-17 13:03:37,735 - DEBUG - After Noise(Next State): [ 0.08473617 -0.01025203  0.27699488 -1.3048832  -0.39444205  0.5055959
  1.          0.        ]
2025-04-17 13:03:37,755 - DEBUG - Before Noise(Next State): [ 0.08372698 -0.02734669  0.20793256 -0.5199621  -0.16194119  4.3801894
  0.          1.        ]
2025-04-17 13:03:37,755 - DEBUG - After Noise(Next State): [ 0.05937975 -0.05169392  0.20793256 -0.5199621  -0.16194119  4.3801894
  0.          1.        ]
2025-04-17 13:03:37,756 - DEBUG - Episode 1 received a Reward = -112.57465691615162 
2025-04-17 13:03:37,794 - DEBUG - Before Noise(Current State): [-0.00378656  1.4028151  -0.38355184 -0.3602353   0.00439446  0.08688006
  0.          0.        ]
2025-04-17 13:03:37,795 - DEBUG - After Noise(Current State): [ 0.00936136  1.415963   -0.38355184 -0.3602353   0.00439446  0.08688006
  0.          0.        ]
2025-04-17 13:03:37,815 - DEBUG - Before Noise(Next State): [-0.00750542  1.3941549  -0.37448484 -0.3849014   0.00697224  0.05156094
  0.          0.        ]
2025-04-17 13:03:37,815 - DEBUG - After Noise(Next State): [-0.01279754  1.3888627  -0.37448484 -0.3849014   0.00697224  0.05156094
  0.          0.        ]
2025-04-17 13:03:37,834 - DEBUG - Before Noise(Next State): [-0.01116438  1.3859262  -0.36880243 -0.365732    0.00985956  0.05775125
  0.          0.        ]
2025-04-17 13:03:37,835 - DEBUG - After Noise(Next State): [-0.00696293  1.3901277  -0.36880243 -0.365732    0.00985956  0.05775125
  0.          0.        ]
2025-04-17 13:03:37,853 - DEBUG - Before Noise(Next State): [-0.01482334  1.3771095  -0.36881107 -0.3918792   0.01274596  0.05773322
  0.          0.        ]
2025-04-17 13:03:37,853 - DEBUG - After Noise(Next State): [-0.02379382  1.368139   -0.36881107 -0.3918792   0.01274596  0.05773322
  0.          0.        ]
2025-04-17 13:03:37,874 - DEBUG - Before Noise(Next State): [-0.01838522  1.3676963  -0.3566371  -0.41836876  0.01319104  0.00890221
  0.          0.        ]
2025-04-17 13:03:37,875 - DEBUG - After Noise(Next State): [-0.02946575  1.3566158  -0.3566371  -0.41836876  0.01319104  0.00890221
  0.          0.        ]
2025-04-17 13:03:37,892 - DEBUG - Before Noise(Next State): [-0.021947    1.3576951  -0.3566379  -0.4445035   0.01363712  0.00892223
  0.          0.        ]
2025-04-17 13:03:37,892 - DEBUG - After Noise(Next State): [-0.0457376   1.3339045  -0.3566379  -0.4445035   0.01363712  0.00892223
  0.          0.        ]
2025-04-17 13:03:37,912 - DEBUG - Before Noise(Next State): [-2.5606345e-02  1.3485068e+00 -3.6597520e-01 -4.0836880e-01
  1.3677941e-02  8.1675954e-04  0.0000000e+00  0.0000000e+00]
2025-04-17 13:03:37,912 - DEBUG - After Noise(Next State): [-1.6667772e-02  1.3574454e+00 -3.6597520e-01 -4.0836880e-01
  1.3677941e-02  8.1675954e-04  0.0000000e+00  0.0000000e+00]
2025-04-17 13:03:37,932 - DEBUG - Before Noise(Next State): [-0.02919912  1.3387433  -0.357615   -0.43391725  0.01204013 -0.03275916
  0.          0.        ]
2025-04-17 13:03:37,933 - DEBUG - After Noise(Next State): [-0.03703199  1.3309104  -0.357615   -0.43391725  0.01204013 -0.03275916
  0.          0.        ]
2025-04-17 13:03:37,950 - DEBUG - Before Noise(Next State): [-0.03269825  1.3284007  -0.3458746  -0.45964652  0.00804871 -0.07983609
  0.          0.        ]
2025-04-17 13:03:37,950 - DEBUG - After Noise(Next State): [-0.06335657  1.2977424  -0.3458746  -0.45964652  0.00804871 -0.07983609
  0.          0.        ]
2025-04-17 13:03:37,979 - DEBUG - Before Noise(Next State): [-0.03619719  1.3174703  -0.34586227 -0.4857827   0.00405854 -0.07981059
  0.          0.        ]
2025-04-17 13:03:37,980 - DEBUG - After Noise(Next State): [-0.03487521  1.3187923  -0.34586227 -0.4857827   0.00405854 -0.07981059
  0.          0.        ]
2025-04-17 13:03:37,999 - DEBUG - Before Noise(Next State): [-0.03978386  1.3059548  -0.35686412 -0.511793    0.00227598 -0.03565433
  0.          0.        ]
2025-04-17 13:03:38,000 - DEBUG - After Noise(Next State): [-7.7720644e-04  1.3449615e+00 -3.5686412e-01 -5.1179302e-01
  2.2759803e-03 -3.5654329e-02  0.0000000e+00  0.0000000e+00]
2025-04-17 13:03:38,018 - DEBUG - Before Noise(Next State): [-4.3300055e-02  1.2938570e+00 -3.4802407e-01 -5.3767955e-01
 -1.2784328e-03 -7.1095139e-02  0.0000000e+00  0.0000000e+00]
2025-04-17 13:03:38,018 - DEBUG - After Noise(Next State): [-4.6377245e-02  1.2907798e+00 -3.4802407e-01 -5.3767955e-01
 -1.2784328e-03 -7.1095139e-02  0.0000000e+00  0.0000000e+00]
2025-04-17 13:03:38,037 - DEBUG - Before Noise(Next State): [-0.04673128  1.2811773  -0.3373852  -0.56355745 -0.00696124 -0.11366633
  0.          0.        ]
2025-04-17 13:03:38,038 - DEBUG - After Noise(Next State): [-0.06751146  1.2603971  -0.3373852  -0.56355745 -0.00696124 -0.11366633
  0.          0.        ]
2025-04-17 13:03:38,057 - DEBUG - Before Noise(Next State): [-0.05007067  1.2679014  -0.32583952 -0.59010404 -0.01495436 -0.15987687
  0.          0.        ]
2025-04-17 13:03:38,058 - DEBUG - After Noise(Next State): [-0.07016882  1.2478033  -0.32583952 -0.59010404 -0.01495436 -0.15987687
  0.          0.        ]
2025-04-17 13:03:38,075 - DEBUG - Before Noise(Next State): [-0.05350046  1.2540395  -0.33721036 -0.6161412  -0.0206618  -0.11415912
  0.          0.        ]
2025-04-17 13:03:38,076 - DEBUG - After Noise(Next State): [-0.05827451  1.2492654  -0.33721036 -0.6161412  -0.0206618  -0.11415912
  0.          0.        ]
2025-04-17 13:03:38,096 - DEBUG - Before Noise(Next State): [-0.05683412  1.2395811  -0.32514971 -0.64274126 -0.02878672 -0.16251287
  0.          0.        ]
2025-04-17 13:03:38,097 - DEBUG - After Noise(Next State): [-0.04330001  1.2531152  -0.32514971 -0.64274126 -0.02878672 -0.16251287
  0.          0.        ]
2025-04-17 13:03:38,122 - DEBUG - Before Noise(Next State): [-0.06022577  1.2256542  -0.3305745  -0.6191584  -0.03728362 -0.1699535
  0.          0.        ]
2025-04-17 13:03:38,122 - DEBUG - After Noise(Next State): [-0.04952119  1.2363589  -0.3305745  -0.6191584  -0.03728362 -0.1699535
  0.          0.        ]
2025-04-17 13:03:38,145 - DEBUG - Before Noise(Next State): [-0.06369448  1.2111498  -0.34025857 -0.6448204  -0.04382851 -0.13091013
  0.          0.        ]
2025-04-17 13:03:38,147 - DEBUG - After Noise(Next State): [-0.04141654  1.2334278  -0.34025857 -0.6448204  -0.04382851 -0.13091013
  0.          0.        ]
2025-04-17 13:03:38,165 - DEBUG - Before Noise(Next State): [-0.0672247   1.1960672  -0.3479805  -0.67049336 -0.04881646 -0.09976778
  0.          0.        ]
2025-04-17 13:03:38,165 - DEBUG - After Noise(Next State): [-0.077485    1.1858069  -0.3479805  -0.67049336 -0.04881646 -0.09976778
  0.          0.        ]
2025-04-17 13:03:38,185 - DEBUG - Before Noise(Next State): [-0.07084608  1.1803974  -0.35941255 -0.6965306  -0.05151144 -0.05390411
  0.          0.        ]
2025-04-17 13:03:38,185 - DEBUG - After Noise(Next State): [-0.03548773  1.2157557  -0.35941255 -0.6965306  -0.05151144 -0.05390411
  0.          0.        ]
2025-04-17 13:03:38,204 - DEBUG - Before Noise(Next State): [-0.07453356  1.1641532  -0.36773005 -0.7219921  -0.05252795 -0.02033201
  0.          0.        ]
2025-04-17 13:03:38,204 - DEBUG - After Noise(Next State): [-0.08190889  1.1567779  -0.36773005 -0.7219921  -0.05252795 -0.02033201
  0.          0.        ]
2025-04-17 13:03:38,222 - DEBUG - Before Noise(Next State): [-0.07812748  1.1473203  -0.35599637 -0.7482604  -0.05589403 -0.06732784
  0.          0.        ]
2025-04-17 13:03:38,222 - DEBUG - After Noise(Next State): [-0.09389362  1.1315541  -0.35599637 -0.7482604  -0.05589403 -0.06732784
  0.          0.        ]
2025-04-17 13:03:38,242 - DEBUG - Before Noise(Next State): [-0.0818162   1.1299174  -0.36790222 -0.7734936  -0.05685587 -0.01923814
  0.          0.        ]
2025-04-17 13:03:38,242 - DEBUG - After Noise(Next State): [-0.0690222   1.1427114  -0.36790222 -0.7734936  -0.05685587 -0.01923814
  0.          0.        ]
2025-04-17 13:03:38,260 - DEBUG - Before Noise(Next State): [-0.08557749  1.1134613  -0.3745354  -0.73144984 -0.05842541 -0.03139371
  0.          0.        ]
2025-04-17 13:03:38,260 - DEBUG - After Noise(Next State): [-0.08426096  1.1147778  -0.3745354  -0.73144984 -0.05842541 -0.03139371
  0.          0.        ]
2025-04-17 13:03:38,280 - DEBUG - Before Noise(Next State): [-0.08942585  1.0964143  -0.38545474 -0.75761235 -0.05780978  0.01231358
  0.          0.        ]
2025-04-17 13:03:38,280 - DEBUG - After Noise(Next State): [-0.07767101  1.1081692  -0.38545474 -0.75761235 -0.05780978  0.01231358
  0.          0.        ]
2025-04-17 13:03:38,306 - DEBUG - Before Noise(Next State): [-0.09336834  1.078763   -0.39725655 -0.78439087 -0.05484529  0.05929005
  0.          0.        ]
2025-04-17 13:03:38,306 - DEBUG - After Noise(Next State): [-0.10662661  1.0655047  -0.39725655 -0.78439087 -0.05484529  0.05929005
  0.          0.        ]
2025-04-17 13:03:38,324 - DEBUG - Before Noise(Next State): [-0.09738512  1.0605389  -0.40656814 -0.80978876 -0.05000352  0.09683526
  0.          0.        ]
2025-04-17 13:03:38,324 - DEBUG - After Noise(Next State): [-0.10681716  1.0511068  -0.40656814 -0.80978876 -0.05000352  0.09683526
  0.          0.        ]
2025-04-17 13:03:38,343 - DEBUG - Before Noise(Next State): [-0.10140181  1.0417272  -0.4065683  -0.835924   -0.04516175  0.09683517
  0.          0.        ]
2025-04-17 13:03:38,343 - DEBUG - After Noise(Next State): [-0.09589684  1.0472322  -0.4065683  -0.835924   -0.04516175  0.09683517
  0.          0.        ]
2025-04-17 13:03:38,363 - DEBUG - Before Noise(Next State): [-0.10541849  1.0223278  -0.40656844 -0.86205935 -0.04031999  0.09683515
  0.          0.        ]
2025-04-17 13:03:38,363 - DEBUG - After Noise(Next State): [-0.08472136  1.0430249  -0.40656844 -0.86205935 -0.04031999  0.09683515
  0.          0.        ]
2025-04-17 13:03:38,380 - DEBUG - Before Noise(Next State): [-0.10943518  1.0023407  -0.4065686  -0.8881947  -0.03547824  0.09683485
  0.          0.        ]
2025-04-17 13:03:38,381 - DEBUG - After Noise(Next State): [-0.12786391  0.98391193 -0.4065686  -0.8881947  -0.03547824  0.09683485
  0.          0.        ]
2025-04-17 13:03:38,400 - DEBUG - Before Noise(Next State): [-0.11337042  0.98272264 -0.3987074  -0.8718006  -0.03036544  0.10225631
  0.          0.        ]
2025-04-17 13:03:38,401 - DEBUG - After Noise(Next State): [-0.07651134  1.0195817  -0.3987074  -0.8718006  -0.03036544  0.10225631
  0.          0.        ]
2025-04-17 13:03:38,420 - DEBUG - Before Noise(Next State): [-0.11722736  0.96333236 -0.3911632  -0.86169064 -0.02496712  0.10796652
  0.          0.        ]
2025-04-17 13:03:38,420 - DEBUG - After Noise(Next State): [-0.10397469  0.97658503 -0.3911632  -0.86169064 -0.02496712  0.10796652
  0.          0.        ]
2025-04-17 13:03:38,438 - DEBUG - Before Noise(Next State): [-0.12116861  0.94334835 -0.4017396  -0.88807106 -0.01745372  0.15026806
  0.          0.        ]
2025-04-17 13:03:38,438 - DEBUG - After Noise(Next State): [-0.11095201  0.95356494 -0.4017396  -0.88807106 -0.01745372  0.15026806
  0.          0.        ]
2025-04-17 13:03:38,458 - DEBUG - Before Noise(Next State): [-0.12503318  0.9227745  -0.3921097  -0.9143388  -0.01186948  0.11168484
  0.          0.        ]
2025-04-17 13:03:38,458 - DEBUG - After Noise(Next State): [-0.07096963  0.97683805 -0.3921097  -0.9143388  -0.01186948  0.11168484
  0.          0.        ]
2025-04-17 13:03:38,477 - DEBUG - Before Noise(Next State): [-0.12896986  0.90161294 -0.40116373 -0.940473   -0.00447217  0.14794609
  0.          0.        ]
2025-04-17 13:03:38,477 - DEBUG - After Noise(Next State): [-0.14170599  0.8888768  -0.40116373 -0.940473   -0.00447217  0.14794609
  0.          0.        ]
2025-04-17 13:03:38,497 - DEBUG - Before Noise(Next State): [-0.13300085  0.87986684 -0.41299957 -0.966489    0.0052956   0.19535528
  0.          0.        ]
2025-04-17 13:03:38,498 - DEBUG - After Noise(Next State): [-0.12489387  0.88797385 -0.41299957 -0.966489    0.0052956   0.19535528
  0.          0.        ]
2025-04-17 13:03:38,516 - DEBUG - Before Noise(Next State): [-0.13712339  0.85752213 -0.42447367 -0.9931949   0.01736226  0.24133332
  0.          0.        ]
2025-04-17 13:03:38,517 - DEBUG - After Noise(Next State): [-0.12863295  0.8660126  -0.42447367 -0.9931949   0.01736226  0.24133332
  0.          0.        ]
2025-04-17 13:03:38,535 - DEBUG - Before Noise(Next State): [-0.14131089  0.8345936  -0.4326219  -1.0192626   0.0310599   0.2739526
  0.          0.        ]
2025-04-17 13:03:38,535 - DEBUG - After Noise(Next State): [-0.14215876  0.8337457  -0.4326219  -1.0192626   0.0310599   0.2739526
  0.          0.        ]
2025-04-17 13:03:38,555 - DEBUG - Before Noise(Next State): [-0.14533576  0.81165737 -0.41717425 -1.0197504   0.04556446  0.29009137
  0.          0.        ]
2025-04-17 13:03:38,555 - DEBUG - After Noise(Next State): [-0.15460582  0.8023873  -0.41717425 -1.0197504   0.04556446  0.29009137
  0.          0.        ]
2025-04-17 13:03:38,575 - DEBUG - Before Noise(Next State): [-0.1494525   0.78812057 -0.42868766 -1.0466746   0.06238572  0.3364253
  0.          0.        ]
2025-04-17 13:03:38,576 - DEBUG - After Noise(Next State): [-0.14015126  0.7974218  -0.42868766 -1.0466746   0.06238572  0.3364253
  0.          0.        ]
2025-04-17 13:03:38,594 - DEBUG - Before Noise(Next State): [-0.15356942  0.7639997  -0.42868575 -1.0728317   0.07920666  0.3364188
  0.          0.        ]
2025-04-17 13:03:38,594 - DEBUG - After Noise(Next State): [-0.1434632   0.7741059  -0.42868575 -1.0728317   0.07920666  0.3364188
  0.          0.        ]
2025-04-17 13:03:38,613 - DEBUG - Before Noise(Next State): [-0.1579136   0.74017596 -0.45055032 -1.0597588   0.09519497  0.31976572
  0.          0.        ]
2025-04-17 13:03:38,613 - DEBUG - After Noise(Next State): [-0.14501143  0.7530781  -0.45055032 -1.0597588   0.09519497  0.31976572
  0.          0.        ]
2025-04-17 13:03:38,633 - DEBUG - Before Noise(Next State): [-0.16225795  0.71576786 -0.45054755 -1.0859135   0.11118291  0.3197589
  0.          0.        ]
2025-04-17 13:03:38,634 - DEBUG - After Noise(Next State): [-0.16200255  0.71602327 -0.45054755 -1.0859135   0.11118291  0.3197589
  0.          0.        ]
2025-04-17 13:03:38,652 - DEBUG - Before Noise(Next State): [-0.16684398  0.6918722  -0.4739543  -1.0632452   0.12643535  0.30504888
  0.          0.        ]
2025-04-17 13:03:38,653 - DEBUG - After Noise(Next State): [-0.18538085  0.6733353  -0.4739543  -1.0632452   0.12643535  0.30504888
  0.          0.        ]
2025-04-17 13:03:38,672 - DEBUG - Before Noise(Next State): [-0.17141485  0.66868776 -0.4729765  -1.0318434   0.14226224  0.31653783
  0.          0.        ]
2025-04-17 13:03:38,673 - DEBUG - After Noise(Next State): [-0.15129448  0.68880814 -0.4729765  -1.0318434   0.14226224  0.31653783
  0.          0.        ]
2025-04-17 13:03:38,691 - DEBUG - Before Noise(Next State): [-0.17591438  0.6449271  -0.46400505 -1.0574306   0.15628086  0.28037292
  0.          0.        ]
2025-04-17 13:03:38,692 - DEBUG - After Noise(Next State): [-0.19898239  0.6218591  -0.46400505 -1.0574306   0.15628086  0.28037292
  0.          0.        ]
2025-04-17 13:03:38,710 - DEBUG - Before Noise(Next State): [-0.18041429  0.6205811  -0.46400133 -1.0835801   0.1702993   0.2803691
  0.          0.        ]
2025-04-17 13:03:38,710 - DEBUG - After Noise(Next State): [-0.18201534  0.61898005 -0.46400133 -1.0835801   0.1702993   0.2803691
  0.          0.        ]
2025-04-17 13:03:38,729 - DEBUG - Before Noise(Next State): [-0.18482275  0.5956689  -0.45249215 -1.1085843   0.18197347  0.23348288
  0.          0.        ]
2025-04-17 13:03:38,730 - DEBUG - After Noise(Next State): [-0.18180558  0.5986861  -0.45249215 -1.1085843   0.18197347  0.23348288
  0.          0.        ]
2025-04-17 13:03:38,749 - DEBUG - Before Noise(Next State): [-0.18931246  0.57013875 -0.46270734 -1.136416    0.19577557  0.27604222
  0.          0.        ]
2025-04-17 13:03:38,749 - DEBUG - After Noise(Next State): [-0.15164538  0.60780585 -0.46270734 -1.136416    0.19577557  0.27604222
  0.          0.        ]
2025-04-17 13:03:38,768 - DEBUG - Before Noise(Next State): [-0.19380255  0.5440231  -0.4627028  -1.1625651   0.20957752  0.27603865
  0.          0.        ]
2025-04-17 13:03:38,769 - DEBUG - After Noise(Next State): [-0.17895764  0.558868   -0.4627028  -1.1625651   0.20957752  0.27603865
  0.          0.        ]
2025-04-17 13:03:38,789 - DEBUG - Before Noise(Next State): [-0.19825563  0.517873   -0.45948592 -1.1643043   0.2239012   0.28647384
  0.          0.        ]
2025-04-17 13:03:38,790 - DEBUG - After Noise(Next State): [-0.21725848  0.49887013 -0.45948592 -1.1643043   0.2239012   0.28647384
  0.          0.        ]
2025-04-17 13:03:38,807 - DEBUG - Before Noise(Next State): [-0.20262127  0.49116763 -0.44842714 -1.1887525   0.23592357  0.24044761
  0.          0.        ]
2025-04-17 13:03:38,808 - DEBUG - After Noise(Next State): [-0.22960971  0.4641792  -0.44842714 -1.1887525   0.23592357  0.24044761
  0.          0.        ]
2025-04-17 13:03:38,827 - DEBUG - Before Noise(Next State): [-0.207131    0.46517122 -0.4630804  -1.1573851   0.2482323   0.2461746
  0.          0.        ]
2025-04-17 13:03:38,827 - DEBUG - After Noise(Next State): [-0.21781449  0.4544877  -0.4630804  -1.1573851   0.2482323   0.2461746
  0.          0.        ]
2025-04-17 13:03:38,847 - DEBUG - Before Noise(Next State): [-0.21171136  0.4385683  -0.4718942  -1.1847568   0.26236647  0.28268337
  0.          0.        ]
2025-04-17 13:03:38,847 - DEBUG - After Noise(Next State): [-0.21009342  0.44018623 -0.4718942  -1.1847568   0.26236647  0.28268337
  0.          0.        ]
2025-04-17 13:03:38,865 - DEBUG - Before Noise(Next State): [-0.21636319  0.4113618  -0.48077622 -1.2120512   0.27833155  0.3193017
  0.          0.        ]
2025-04-17 13:03:38,865 - DEBUG - After Noise(Next State): [-0.18987903  0.43784598 -0.48077622 -1.2120512   0.27833155  0.3193017
  0.          0.        ]
2025-04-17 13:03:38,885 - DEBUG - Before Noise(Next State): [-0.22092552  0.38359767 -0.4694768  -1.2365428   0.29194993  0.2723674
  0.          0.        ]
2025-04-17 13:03:38,885 - DEBUG - After Noise(Next State): [-0.19926903  0.40525416 -0.4694768  -1.2365428   0.29194993  0.2723674
  0.          0.        ]
2025-04-17 13:03:38,904 - DEBUG - Before Noise(Next State): [-0.22589746  0.35639414 -0.5096124  -1.2115835   0.30477276  0.2564566
  0.          0.        ]
2025-04-17 13:03:38,904 - DEBUG - After Noise(Next State): [-0.21457231  0.3677193  -0.5096124  -1.2115835   0.30477276  0.2564566
  0.          0.        ]
2025-04-17 13:03:38,922 - DEBUG - Before Noise(Next State): [-0.2308126   0.3286414  -0.5023328  -1.2357662   0.31598306  0.22420588
  0.          0.        ]
2025-04-17 13:03:38,923 - DEBUG - After Noise(Next State): [-0.2632243   0.2962297  -0.5023328  -1.2357662   0.31598306  0.22420588
  0.          0.        ]
2025-04-17 13:03:38,943 - DEBUG - Before Noise(Next State): [-0.23578139  0.30100846 -0.5080838  -1.230618    0.32763532  0.23304507
  0.          0.        ]
2025-04-17 13:03:38,943 - DEBUG - After Noise(Next State): [-0.23764616  0.2991437  -0.5080838  -1.230618    0.32763532  0.23304507
  0.          0.        ]
2025-04-17 13:03:38,962 - DEBUG - Before Noise(Next State): [-0.24066047  0.2728457  -0.49662995 -1.253681    0.33674178  0.18212903
  0.          0.        ]
2025-04-17 13:03:38,962 - DEBUG - After Noise(Next State): [-0.22780146  0.2857047  -0.49662995 -1.253681    0.33674178  0.18212903
  0.          0.        ]
2025-04-17 13:03:38,982 - DEBUG - Before Noise(Next State): [-0.24553981  0.2440959  -0.49662662 -1.279821    0.34584817  0.18212798
  0.          0.        ]
2025-04-17 13:03:38,982 - DEBUG - After Noise(Next State): [-0.27574235  0.21389337 -0.49662662 -1.279821    0.34584817  0.18212798
  0.          0.        ]
2025-04-17 13:03:39,001 - DEBUG - Before Noise(Next State): [-0.2507257   0.21531452 -0.52653944 -1.2811047   0.35420176  0.16707194
  0.          0.        ]
2025-04-17 13:03:39,002 - DEBUG - After Noise(Next State): [-0.23242185  0.23361836 -0.52653944 -1.2811047   0.35420176  0.16707194
  0.          0.        ]
2025-04-17 13:03:39,020 - DEBUG - Before Noise(Next State): [-0.25600424  0.18590528 -0.5381478  -1.3096538   0.36505193  0.21700239
  0.          0.        ]
2025-04-17 13:03:39,020 - DEBUG - After Noise(Next State): [-0.2544118   0.18749775 -0.5381478  -1.3096538   0.36505193  0.21700239
  0.          0.        ]
2025-04-17 13:03:39,039 - DEBUG - Before Noise(Next State): [-0.2616735   0.15733631 -0.5770622  -1.272355    0.37578574  0.21467623
  0.          0.        ]
2025-04-17 13:03:39,040 - DEBUG - After Noise(Next State): [-0.2489292   0.17008062 -0.5770622  -1.272355    0.37578574  0.21467623
  0.          0.        ]
2025-04-17 13:03:39,059 - DEBUG - Before Noise(Next State): [-0.267507    0.12885912 -0.59350485 -1.26836     0.38658178  0.21592155
  0.          0.        ]
2025-04-17 13:03:39,060 - DEBUG - After Noise(Next State): [-0.2758559   0.1205102  -0.59350485 -1.26836     0.38658178  0.21592155
  0.          0.        ]
2025-04-17 13:03:39,078 - DEBUG - Before Noise(Next State): [-0.27334085  0.09979542 -0.5934994  -1.2945024   0.39737776  0.21591978
  0.          0.        ]
2025-04-17 13:03:39,078 - DEBUG - After Noise(Next State): [-0.2844748   0.08866148 -0.5934994  -1.2945024   0.39737776  0.21591978
  0.          0.        ]
2025-04-17 13:03:39,097 - DEBUG - Before Noise(Next State): [-0.27958703  0.07110995 -0.6341175  -1.277601    0.407568    0.20380488
  0.          1.        ]
2025-04-17 13:03:39,098 - DEBUG - After Noise(Next State): [-0.29566908  0.05502789 -0.6341175  -1.277601    0.407568    0.20380488
  0.          1.        ]
2025-04-17 13:03:39,116 - DEBUG - Before Noise(Next State): [-0.285172    0.04488882 -0.55397165 -1.1640573   0.4060902  -0.02526815
  0.          1.        ]
2025-04-17 13:03:39,116 - DEBUG - After Noise(Next State): [-0.28042305  0.04963774 -0.55397165 -1.1640573   0.4060902  -0.02526815
  0.          1.        ]
2025-04-17 13:03:39,136 - DEBUG - Before Noise(Next State): [-0.29120192  0.01840926 -0.5829726  -1.1712908   0.38478118 -0.42603904
  0.          1.        ]
2025-04-17 13:03:39,136 - DEBUG - After Noise(Next State): [-0.30508342  0.00452774 -0.5829726  -1.1712908   0.38478118 -0.42603904
  0.          1.        ]
2025-04-17 13:03:39,155 - DEBUG - Before Noise(Next State): [-0.29545933  0.00891599 -0.2183266  -0.32715702  0.20265818 -3.8250263
  0.          1.        ]
2025-04-17 13:03:39,156 - DEBUG - After Noise(Next State): [-0.27111766  0.03325766 -0.2183266  -0.32715702  0.20265818 -3.8250263
  0.          1.        ]
2025-04-17 13:03:39,156 - DEBUG - Episode 2 received a Reward = -101.93042051326202 
2025-04-17 13:03:39,194 - DEBUG - Before Noise(Current State): [-0.00444794  1.405498   -0.45054236 -0.24099524  0.00516083  0.1020546
  0.          0.        ]
2025-04-17 13:03:39,194 - DEBUG - After Noise(Current State): [ 0.00749066  1.4174366  -0.45054236 -0.24099524  0.00516083  0.1020546
  0.          0.        ]
2025-04-17 13:03:39,212 - DEBUG - Before Noise(Next State): [-0.00897541  1.3995186  -0.45986587 -0.26579764  0.01219505  0.14069852
  0.          0.        ]
2025-04-17 13:03:39,213 - DEBUG - After Noise(Next State): [ 0.00619073  1.4146848  -0.45986587 -0.26579764  0.01219505  0.14069852
  0.          0.        ]
2025-04-17 13:03:39,232 - DEBUG - Before Noise(Next State): [-0.01352539  1.3941637  -0.4620587  -0.2380634   0.01916486  0.13940962
  0.          0.        ]
2025-04-17 13:03:39,232 - DEBUG - After Noise(Next State): [-0.01165759  1.3960315  -0.4620587  -0.2380634   0.01916486  0.13940962
  0.          0.        ]
2025-04-17 13:03:39,251 - DEBUG - Before Noise(Next State): [-0.01819801  1.389049   -0.4737672  -0.22742224  0.0255983   0.12868068
  0.          0.        ]
2025-04-17 13:03:39,251 - DEBUG - After Noise(Next State): [-0.0241367   1.3831104  -0.4737672  -0.22742224  0.0255983   0.12868068
  0.          0.        ]
2025-04-17 13:03:39,270 - DEBUG - Before Noise(Next State): [-0.02287083  1.3833467  -0.47378603 -0.25356188  0.03203113  0.12866859
  0.          0.        ]
2025-04-17 13:03:39,270 - DEBUG - After Noise(Next State): [-2.1583015e-04  1.4060017e+00 -4.7378603e-01 -2.5356188e-01
  3.2031126e-02  1.2866859e-01  0.0000000e+00  0.0000000e+00]
2025-04-17 13:03:39,290 - DEBUG - Before Noise(Next State): [-0.02745247  1.3770618  -0.46233502 -0.27942282  0.03616055  0.0825963
  0.          0.        ]
2025-04-17 13:03:39,290 - DEBUG - After Noise(Next State): [-0.04977745  1.3547369  -0.46233502 -0.27942282  0.03616055  0.0825963
  0.          0.        ]
2025-04-17 13:03:39,309 - DEBUG - Before Noise(Next State): [-0.03210821  1.3701899  -0.47163057 -0.30557472  0.04215079  0.11981601
  0.          0.        ]
2025-04-17 13:03:39,310 - DEBUG - After Noise(Next State): [-0.05586192  1.3464361  -0.47163057 -0.30557472  0.04215079  0.11981601
  0.          0.        ]
2025-04-17 13:03:39,327 - DEBUG - Before Noise(Next State): [-0.03696232  1.3641187  -0.49068952 -0.26999453  0.04738126  0.10461892
  0.          0.        ]
2025-04-17 13:03:39,328 - DEBUG - After Noise(Next State): [-0.07176075  1.3293203  -0.49068952 -0.26999453  0.04738126  0.10461892
  0.          0.        ]
2025-04-17 13:03:39,347 - DEBUG - Before Noise(Next State): [-0.04173536  1.3574579  -0.48053187 -0.29614633  0.05057515  0.06388389
  0.          0.        ]
2025-04-17 13:03:39,348 - DEBUG - After Noise(Next State): [-0.04490744  1.3542858  -0.48053187 -0.29614633  0.05057515  0.06388389
  0.          0.        ]
2025-04-17 13:03:39,365 - DEBUG - Before Noise(Next State): [-0.04670286  1.3507792  -0.49913892 -0.29691014  0.05293825  0.04726607
  0.          0.        ]
2025-04-17 13:03:39,366 - DEBUG - After Noise(Next State): [-0.05292181  1.3445603  -0.49913892 -0.29691014  0.05293825  0.04726607
  0.          0.        ]
2025-04-17 13:03:39,384 - DEBUG - Before Noise(Next State): [-0.05174065  1.3435073  -0.50794464 -0.3233472   0.05706856  0.08261357
  0.          0.        ]
2025-04-17 13:03:39,384 - DEBUG - After Noise(Next State): [-0.03870175  1.3565462  -0.50794464 -0.3233472   0.05706856  0.08261357
  0.          0.        ]
2025-04-17 13:03:39,404 - DEBUG - Before Noise(Next State): [-0.05677853  1.3356477  -0.5079578  -0.34948173  0.06119713  0.08257884
  0.          0.        ]
2025-04-17 13:03:39,404 - DEBUG - After Noise(Next State): [-0.08035437  1.3120719  -0.5079578  -0.34948173  0.06119713  0.08257884
  0.          0.        ]
2025-04-17 13:03:39,424 - DEBUG - Before Noise(Next State): [-0.06172228  1.3282093  -0.4991776  -0.3307951   0.06596468  0.09535941
  0.          0.        ]
2025-04-17 13:03:39,424 - DEBUG - After Noise(Next State): [-0.05390392  1.3360276  -0.4991776  -0.3307951   0.06596468  0.09535941
  0.          0.        ]
2025-04-17 13:03:39,443 - DEBUG - Before Noise(Next State): [-0.06666613  1.320183   -0.49919048 -0.35694066  0.07073098  0.09533458
  0.          0.        ]
2025-04-17 13:03:39,443 - DEBUG - After Noise(Next State): [-0.02146766  1.3653815  -0.49919048 -0.35694066  0.07073098  0.09533458
  0.          0.        ]
2025-04-17 13:03:39,464 - DEBUG - Before Noise(Next State): [-0.07154913  1.3115752  -0.49156514 -0.3827303   0.07396032  0.06459285
  0.          0.        ]
2025-04-17 13:03:39,465 - DEBUG - After Noise(Next State): [-0.0945144   1.2886099  -0.49156514 -0.3827303   0.07396032  0.06459285
  0.          0.        ]
2025-04-17 13:03:39,483 - DEBUG - Before Noise(Next State): [-0.07651262  1.3023692  -0.50165313 -0.40942472  0.07921995  0.10520212
  0.          0.        ]
2025-04-17 13:03:39,483 - DEBUG - After Noise(Next State): [-0.09283341  1.2860484  -0.50165313 -0.40942472  0.07921995  0.10520212
  0.          0.        ]
2025-04-17 13:03:39,502 - DEBUG - Before Noise(Next State): [-0.08155145  1.2925646  -0.5110971  -0.43615898  0.08637875  0.14318846
  0.          0.        ]
2025-04-17 13:03:39,503 - DEBUG - After Noise(Next State): [-0.0347962   1.3393198  -0.5110971  -0.43615898  0.08637875  0.14318846
  0.          0.        ]
2025-04-17 13:03:39,522 - DEBUG - Before Noise(Next State): [-0.08668213  1.2836399  -0.5202466  -0.39708722  0.09350303  0.14249866
  0.          0.        ]
2025-04-17 13:03:39,522 - DEBUG - After Noise(Next State): [-0.06137848  1.3089435  -0.5202466  -0.39708722  0.09350303  0.14249866
  0.          0.        ]
2025-04-17 13:03:39,540 - DEBUG - Before Noise(Next State): [-0.09181309  1.2741272  -0.5202645  -0.4232392   0.1006267   0.14248607
  0.          0.        ]
2025-04-17 13:03:39,540 - DEBUG - After Noise(Next State): [-0.09263756  1.2733028  -0.5202645  -0.4232392   0.1006267   0.14248607
  0.          0.        ]
2025-04-17 13:03:39,559 - DEBUG - Before Noise(Next State): [-0.09704046  1.264003   -0.5323835  -0.45063618  0.11020923  0.19166806
  0.          0.        ]
2025-04-17 13:03:39,559 - DEBUG - After Noise(Next State): [-0.08129551  1.279748   -0.5323835  -0.45063618  0.11020923  0.19166806
  0.          0.        ]
2025-04-17 13:03:39,579 - DEBUG - Before Noise(Next State): [-0.10232935  1.2539136  -0.5384463  -0.449148    0.11971842  0.19020084
  0.          0.        ]
2025-04-17 13:03:39,579 - DEBUG - After Noise(Next State): [-0.09454399  1.261699   -0.5384463  -0.449148    0.11971842  0.19020084
  0.          0.        ]
2025-04-17 13:03:39,598 - DEBUG - Before Noise(Next State): [-0.10779075  1.24413    -0.5552236  -0.43558368  0.12876101  0.18086825
  0.          0.        ]
2025-04-17 13:03:39,598 - DEBUG - After Noise(Next State): [-0.13330492  1.2186159  -0.5552236  -0.43558368  0.12876101  0.18086825
  0.          0.        ]
2025-04-17 13:03:39,618 - DEBUG - Before Noise(Next State): [-0.1133399   1.233741   -0.5662146  -0.4627482   0.14003101  0.22542003
  0.          0.        ]
2025-04-17 13:03:39,619 - DEBUG - After Noise(Next State): [-0.11869529  1.2283857  -0.5662146  -0.4627482   0.14003101  0.22542003
  0.          0.        ]
2025-04-17 13:03:39,637 - DEBUG - Before Noise(Next State): [-0.11907196  1.223571   -0.5839815  -0.4530474   0.1508078   0.21555471
  0.          0.        ]
2025-04-17 13:03:39,638 - DEBUG - After Noise(Next State): [-0.07584158  1.2668014  -0.5839815  -0.4530474   0.1508078   0.21555471
  0.          0.        ]
2025-04-17 13:03:39,658 - DEBUG - Before Noise(Next State): [-0.12471781  1.2128313  -0.57315415 -0.478211    0.15937836  0.17142664
  0.          0.        ]
2025-04-17 13:03:39,658 - DEBUG - After Noise(Next State): [-0.15324363  1.1843054  -0.57315415 -0.478211    0.15937836  0.17142664
  0.          0.        ]
2025-04-17 13:03:39,678 - DEBUG - Before Noise(Next State): [-0.13044652  1.2014709  -0.58359134 -0.5060937   0.17010112  0.21445513
  0.          0.        ]
2025-04-17 13:03:39,678 - DEBUG - After Noise(Next State): [-0.10005121  1.2318661  -0.58359134 -0.5060937   0.17010112  0.21445513
  0.          0.        ]
2025-04-17 13:03:39,697 - DEBUG - Before Noise(Next State): [-0.13627377  1.1904339  -0.59343874 -0.4917956   0.18085058  0.21498933
  0.          0.        ]
2025-04-17 13:03:39,697 - DEBUG - After Noise(Next State): [-0.15721127  1.1694963  -0.59343874 -0.4917956   0.18085058  0.21498933
  0.          0.        ]
2025-04-17 13:03:39,716 - DEBUG - Before Noise(Next State): [-0.14203319  1.178818   -0.5849581  -0.51738465  0.18989229  0.18083438
  0.          0.        ]
2025-04-17 13:03:39,716 - DEBUG - After Noise(Next State): [-0.17090552  1.1499456  -0.5849581  -0.51738465  0.18989229  0.18083438
  0.          0.        ]
2025-04-17 13:03:39,735 - DEBUG - Before Noise(Next State): [-0.147964    1.1681418  -0.60218185 -0.47569215  0.19904432  0.18304083
  0.          0.        ]
2025-04-17 13:03:39,736 - DEBUG - After Noise(Next State): [-0.16981867  1.1462872  -0.60218185 -0.47569215  0.19904432  0.18304083
  0.          0.        ]
2025-04-17 13:03:39,754 - DEBUG - Before Noise(Next State): [-0.15380287  1.1569147  -0.59056264 -0.4998947   0.2057708   0.1345298
  0.          0.        ]
2025-04-17 13:03:39,754 - DEBUG - After Noise(Next State): [-0.16898228  1.1417353  -0.59056264 -0.4998947   0.2057708   0.1345298
  0.          0.        ]
2025-04-17 13:03:39,774 - DEBUG - Before Noise(Next State): [-0.1595707   1.1451151  -0.5816458  -0.52511334  0.21067867  0.09815724
  0.          0.        ]
2025-04-17 13:03:39,775 - DEBUG - After Noise(Next State): [-0.16170861  1.1429772  -0.5816458  -0.52511334  0.21067867  0.09815724
  0.          0.        ]
2025-04-17 13:03:39,795 - DEBUG - Before Noise(Next State): [-0.16539964  1.1327081  -0.5893348  -0.5523527   0.21717967  0.13002013
  0.          0.        ]
2025-04-17 13:03:39,795 - DEBUG - After Noise(Next State): [-0.17957874  1.118529   -0.5893348  -0.5523527   0.21717967  0.13002013
  0.          0.        ]
2025-04-17 13:03:39,814 - DEBUG - Before Noise(Next State): [-0.17122869  1.1197135  -0.58933365 -0.5784894   0.22368065  0.1300194
  0.          0.        ]
2025-04-17 13:03:39,815 - DEBUG - After Noise(Next State): [-0.20853767  1.0824046  -0.58933365 -0.5784894   0.22368065  0.1300194
  0.          0.        ]
2025-04-17 13:03:39,833 - DEBUG - Before Noise(Next State): [-0.17705794  1.1061317  -0.58933246 -0.6046263   0.2301816   0.13001907
  0.          0.        ]
2025-04-17 13:03:39,834 - DEBUG - After Noise(Next State): [-0.21043916  1.0727504  -0.58933246 -0.6046263   0.2301816   0.13001907
  0.          0.        ]
2025-04-17 13:03:39,852 - DEBUG - Before Noise(Next State): [-0.18296976  1.0919322  -0.5997505  -0.63245714  0.23886018  0.1735718
  0.          0.        ]
2025-04-17 13:03:39,853 - DEBUG - After Noise(Next State): [-0.2178538   1.0570481  -0.5997505  -0.63245714  0.23886018  0.1735718
  0.          0.        ]
2025-04-17 13:03:39,872 - DEBUG - Before Noise(Next State): [-0.18897733  1.0782317  -0.6096535  -0.61037713  0.24790162  0.18082921
  0.          0.        ]
2025-04-17 13:03:39,872 - DEBUG - After Noise(Next State): [-0.19067247  1.0765365  -0.6096535  -0.61037713  0.24790162  0.18082921
  0.          0.        ]
2025-04-17 13:03:39,892 - DEBUG - Before Noise(Next State): [-0.19507141  1.0638998  -0.6205707  -0.63890433  0.2592846   0.22765931
  0.          0.        ]
2025-04-17 13:03:39,892 - DEBUG - After Noise(Next State): [-0.14037669  1.1185945  -0.6205707  -0.63890433  0.2592846   0.22765931
  0.          0.        ]
2025-04-17 13:03:39,910 - DEBUG - Before Noise(Next State): [-0.20107388  1.0490154  -0.60900486 -0.66309965  0.26824072  0.17912257
  0.          0.        ]
2025-04-17 13:03:39,910 - DEBUG - After Noise(Next State): [-0.21828537  1.031804   -0.60900486 -0.66309965  0.26824072  0.17912257
  0.          0.        ]
2025-04-17 13:03:39,930 - DEBUG - Before Noise(Next State): [-0.20713854  1.0335255  -0.6167797  -0.69036084  0.2788108   0.21140173
  0.          0.        ]
2025-04-17 13:03:39,930 - DEBUG - After Noise(Next State): [-0.20631084  1.0343531  -0.6167797  -0.69036084  0.2788108   0.21140173
  0.          0.        ]
2025-04-17 13:03:39,950 - DEBUG - Before Noise(Next State): [-0.213128    1.0174884  -0.60721713 -0.71436524  0.28731796  0.17014322
  0.          0.        ]
2025-04-17 13:03:39,950 - DEBUG - After Noise(Next State): [-0.18719427  1.0434221  -0.60721713 -0.71436524  0.28731796  0.17014322
  0.          0.        ]
2025-04-17 13:03:39,969 - DEBUG - Before Noise(Next State): [-0.21905938  1.0008991  -0.5998211  -0.7386352   0.2942047   0.13773586
  0.          0.        ]
2025-04-17 13:03:39,969 - DEBUG - After Noise(Next State): [-0.21256596  1.0073925  -0.5998211  -0.7386352   0.2942047   0.13773586
  0.          0.        ]
2025-04-17 13:03:39,988 - DEBUG - Before Noise(Next State): [-0.22490296  0.98375934 -0.5887517  -0.7626683   0.2987398   0.09070148
  0.          0.        ]
2025-04-17 13:03:39,988 - DEBUG - After Noise(Next State): [-0.21409191  0.9945704  -0.5887517  -0.7626683   0.2987398   0.09070148
  0.          0.        ]
2025-04-17 13:03:40,007 - DEBUG - Before Noise(Next State): [-0.23074655  0.96603173 -0.5887509  -0.7888032   0.30327487  0.09070139
  0.          0.        ]
2025-04-17 13:03:40,008 - DEBUG - After Noise(Next State): [-0.2438809   0.95289737 -0.5887509  -0.7888032   0.30327487  0.09070139
  0.          0.        ]
2025-04-17 13:03:40,026 - DEBUG - Before Noise(Next State): [-0.23668595  0.9482975  -0.5984273  -0.78912663  0.3079226   0.09295458
  0.          0.        ]
2025-04-17 13:03:40,026 - DEBUG - After Noise(Next State): [-0.18674943  0.99823403 -0.5984273  -0.78912663  0.3079226   0.09295458
  0.          0.        ]
2025-04-17 13:03:40,045 - DEBUG - Before Noise(Next State): [-0.24268532  0.9299423  -0.60602903 -0.81708926  0.31423065  0.12616074
  0.          0.        ]
2025-04-17 13:03:40,045 - DEBUG - After Noise(Next State): [-0.22984847  0.9427791  -0.60602903 -0.81708926  0.31423065  0.12616074
  0.          0.        ]
2025-04-17 13:03:40,063 - DEBUG - Before Noise(Next State): [-0.24868484  0.91099966 -0.60602754 -0.84322584  0.32053867  0.12616035
  0.          0.        ]
2025-04-17 13:03:40,063 - DEBUG - After Noise(Next State): [-0.26895574  0.8907288  -0.60602754 -0.84322584  0.32053867  0.12616035
  0.          0.        ]
2025-04-17 13:03:40,083 - DEBUG - Before Noise(Next State): [-0.25497526  0.89255834 -0.6348974  -0.82092226  0.32662734  0.12177347
  0.          0.        ]
2025-04-17 13:03:40,083 - DEBUG - After Noise(Next State): [-0.29099625  0.85653734 -0.6348974  -0.82092226  0.32662734  0.12177347
  0.          0.        ]
2025-04-17 13:03:40,102 - DEBUG - Before Noise(Next State): [-0.2613987   0.87461215 -0.6486515  -0.7990468   0.3332046   0.13154511
  0.          0.        ]
2025-04-17 13:03:40,103 - DEBUG - After Noise(Next State): [-0.24833438  0.8876765  -0.6486515  -0.7990468   0.3332046   0.13154511
  0.          0.        ]
2025-04-17 13:03:40,122 - DEBUG - Before Noise(Next State): [-0.26814547  0.8567053  -0.6802181  -0.79715365  0.33900103  0.11592891
  0.          0.        ]
2025-04-17 13:03:40,123 - DEBUG - After Noise(Next State): [-0.25598752  0.8688633  -0.6802181  -0.79715365  0.33900103  0.11592891
  0.          0.        ]
2025-04-17 13:03:40,142 - DEBUG - Before Noise(Next State): [-0.27495044  0.838185   -0.68752843 -0.82479346  0.3463672   0.14732353
  0.          0.        ]
2025-04-17 13:03:40,142 - DEBUG - After Noise(Next State): [-0.2689345   0.84420097 -0.68752843 -0.82479346  0.3463672   0.14732353
  0.          0.        ]
2025-04-17 13:03:40,162 - DEBUG - Before Noise(Next State): [-0.28217608  0.8201057  -0.7288577  -0.8050627   0.35297954  0.13224715
  0.          0.        ]
2025-04-17 13:03:40,163 - DEBUG - After Noise(Next State): [-0.28501722  0.81726456 -0.7288577  -0.8050627   0.35297954  0.13224715
  0.          0.        ]
2025-04-17 13:03:40,182 - DEBUG - Before Noise(Next State): [-0.28967825  0.80216974 -0.756101   -0.79860663  0.35917094  0.12382819
  0.          0.        ]
2025-04-17 13:03:40,182 - DEBUG - After Noise(Next State): [-0.29423517  0.7976128  -0.756101   -0.79860663  0.35917094  0.12382819
  0.          0.        ]
2025-04-17 13:03:40,202 - DEBUG - Before Noise(Next State): [-0.2973711   0.78437823 -0.7751291  -0.7922104   0.36532977  0.12317674
  0.          0.        ]
2025-04-17 13:03:40,203 - DEBUG - After Noise(Next State): [-0.2983335   0.7834158  -0.7751291  -0.7922104   0.36532977  0.12317674
  0.          0.        ]
2025-04-17 13:03:40,222 - DEBUG - Before Noise(Next State): [-0.3051259   0.76596767 -0.78290373 -0.8201617   0.37318802  0.15716492
  0.          0.        ]
2025-04-17 13:03:40,223 - DEBUG - After Noise(Next State): [-0.33636507  0.73472846 -0.78290373 -0.8201617   0.37318802  0.15716492
  0.          0.        ]
2025-04-17 13:03:40,241 - DEBUG - Before Noise(Next State): [-0.31329972  0.74794763 -0.8241199  -0.8026674   0.38034096  0.14305899
  0.          0.        ]
2025-04-17 13:03:40,242 - DEBUG - After Noise(Next State): [-0.31989244  0.74135494 -0.8241199  -0.8026674   0.38034096  0.14305899
  0.          0.        ]
2025-04-17 13:03:40,261 - DEBUG - Before Noise(Next State): [-0.32166046  0.7302019  -0.84296685 -0.7905588   0.38767764  0.14673361
  0.          0.        ]
2025-04-17 13:03:40,261 - DEBUG - After Noise(Next State): [-0.3392192   0.71264315 -0.84296685 -0.7905588   0.38767764  0.14673361
  0.          0.        ]
2025-04-17 13:03:40,280 - DEBUG - Before Noise(Next State): [-0.33028945  0.7133424  -0.8703001  -0.7513473   0.39558375  0.15812244
  0.          0.        ]
2025-04-17 13:03:40,280 - DEBUG - After Noise(Next State): [-0.2940016   0.7496303  -0.8703001  -0.7513473   0.39558375  0.15812244
  0.          0.        ]
2025-04-17 13:03:40,298 - DEBUG - Before Noise(Next State): [-0.33898583  0.6958448  -0.8788683  -0.78026575  0.4054788   0.19790106
  0.          0.        ]
2025-04-17 13:03:40,298 - DEBUG - After Noise(Next State): [-0.3722755   0.66255516 -0.8788683  -0.78026575  0.4054788   0.19790106
  0.          0.        ]
2025-04-17 13:03:40,318 - DEBUG - Before Noise(Next State): [-0.3477685   0.67771184 -0.88970625 -0.8092387   0.41779098  0.24624363
  0.          0.        ]
2025-04-17 13:03:40,319 - DEBUG - After Noise(Next State): [-0.34922513  0.6762552  -0.88970625 -0.8092387   0.41779098  0.24624363
  0.          0.        ]
2025-04-17 13:03:40,337 - DEBUG - Before Noise(Next State): [-0.35691386  0.65982974 -0.92545825 -0.7980332   0.42961958  0.23657206
  0.          0.        ]
2025-04-17 13:03:40,337 - DEBUG - After Noise(Next State): [-0.35508165  0.661662   -0.92545825 -0.7980332   0.42961958  0.23657206
  0.          0.        ]
2025-04-17 13:03:40,357 - DEBUG - Before Noise(Next State): [-0.36605963  0.6413614  -0.925451   -0.8241772   0.44144803  0.23656979
  0.          0.        ]
2025-04-17 13:03:40,358 - DEBUG - After Noise(Next State): [-0.3466003   0.6608207  -0.925451   -0.8241772   0.44144803  0.23656979
  0.          0.        ]
2025-04-17 13:03:40,377 - DEBUG - Before Noise(Next State): [-0.375206    0.6223068  -0.92544353 -0.8503212   0.4532764   0.23656753
  0.          0.        ]
2025-04-17 13:03:40,378 - DEBUG - After Noise(Next State): [-0.3543487   0.6431641  -0.92544353 -0.8503212   0.4532764   0.23656753
  0.          0.        ]
2025-04-17 13:03:40,396 - DEBUG - Before Noise(Next State): [-0.38441443  0.6026222  -0.9332323  -0.8789581   0.46692076  0.27288765
  0.          0.        ]
2025-04-17 13:03:40,397 - DEBUG - After Noise(Next State): [-0.36492905  0.6221076  -0.9332323  -0.8789581   0.46692076  0.27288765
  0.          0.        ]
2025-04-17 13:03:40,417 - DEBUG - Before Noise(Next State): [-0.3938598   0.58326155 -0.9571004  -0.8647619   0.48085168  0.27861857
  0.          0.        ]
2025-04-17 13:03:40,417 - DEBUG - After Noise(Next State): [-0.37557223  0.60154915 -0.9571004  -0.8647619   0.48085168  0.27861857
  0.          0.        ]
2025-04-17 13:03:40,437 - DEBUG - Before Noise(Next State): [-0.40337855  0.5632693  -0.96621597 -0.89361227  0.4968748   0.32046247
  0.          0.        ]
2025-04-17 13:03:40,437 - DEBUG - After Noise(Next State): [-0.3829932   0.5836547  -0.96621597 -0.89361227  0.4968748   0.32046247
  0.          0.        ]
2025-04-17 13:03:40,456 - DEBUG - Before Noise(Next State): [-0.41333532  0.5439948  -1.0100186  -0.8619194   0.5130348   0.32320032
  0.          0.        ]
2025-04-17 13:03:40,456 - DEBUG - After Noise(Next State): [-0.40935737  0.54797274 -1.0100186  -0.8619194   0.5130348   0.32320032
  0.          0.        ]
2025-04-17 13:03:40,475 - DEBUG - Before Noise(Next State): [-0.42323685  0.5241825  -1.0028197  -0.8853794   0.527442    0.28814358
  0.          0.        ]
2025-04-17 13:03:40,475 - DEBUG - After Noise(Next State): [-0.43279538  0.51462394 -1.0028197  -0.8853794   0.527442    0.28814358
  0.          0.        ]
2025-04-17 13:03:40,495 - DEBUG - Before Noise(Next State): [-0.43313932  0.5037845  -1.0028067  -0.9115277   0.54184896  0.28813943
  0.          0.        ]
2025-04-17 13:03:40,495 - DEBUG - After Noise(Next State): [-0.43651095  0.5004128  -1.0028067  -0.9115277   0.54184896  0.28813943
  0.          0.        ]
2025-04-17 13:03:40,514 - DEBUG - Before Noise(Next State): [-0.44298548  0.48285463 -0.99548435 -0.9346302   0.55440813  0.2511851
  0.          0.        ]
2025-04-17 13:03:40,514 - DEBUG - After Noise(Next State): [-0.4489772   0.4768629  -0.99548435 -0.9346302   0.55440813  0.2511851
  0.          0.        ]
2025-04-17 13:03:40,534 - DEBUG - Before Noise(Next State): [-0.45277658  0.46138725 -0.98837936 -0.9579766   0.56520295  0.21589606
  0.          0.        ]
2025-04-17 13:03:40,534 - DEBUG - After Noise(Next State): [-0.5027111   0.41145274 -0.98837936 -0.9579766   0.56520295  0.21589606
  0.          0.        ]
2025-04-17 13:03:40,553 - DEBUG - Before Noise(Next State): [-0.46256822  0.43933305 -0.98837155 -0.9841183   0.57599765  0.21589437
  0.          0.        ]
2025-04-17 13:03:40,553 - DEBUG - After Noise(Next State): [-0.46461886  0.4372824  -0.98837155 -0.9841183   0.57599765  0.21589437
  0.          0.        ]
2025-04-17 13:03:40,572 - DEBUG - Before Noise(Next State): [-0.47242522  0.4166214  -0.99671143 -1.0142387   0.5890132   0.2603109
  0.          0.        ]
2025-04-17 13:03:40,572 - DEBUG - After Noise(Next State): [-0.46629393  0.42275268 -0.99671143 -1.0142387   0.5890132   0.2603109
  0.          0.        ]
2025-04-17 13:03:40,591 - DEBUG - Before Noise(Next State): [-0.48228303  0.39332366 -0.9966998  -1.0403838   0.6020286   0.26030785
  0.          0.        ]
2025-04-17 13:03:40,592 - DEBUG - After Noise(Next State): [-0.5266185   0.3489882  -0.9966998  -1.0403838   0.6020286   0.26030785
  0.          0.        ]
2025-04-17 13:03:40,610 - DEBUG - Before Noise(Next State): [-0.49252376  0.37020385 -1.0347989  -1.0325181   0.6149211   0.25785
  0.          0.        ]
2025-04-17 13:03:40,610 - DEBUG - After Noise(Next State): [-0.504955   0.3577726 -1.0347989 -1.0325181  0.6149211  0.25785
  0.         0.       ]
2025-04-17 13:03:40,630 - DEBUG - Before Noise(Next State): [-0.5031246   0.34743398 -1.0709614  -1.0171831   0.6281209   0.2639959
  0.          0.        ]
2025-04-17 13:03:40,630 - DEBUG - After Noise(Next State): [-0.5194225   0.33113608 -1.0709614  -1.0171831   0.6281209   0.2639959
  0.          0.        ]
2025-04-17 13:03:40,649 - DEBUG - Before Noise(Next State): [-0.5136625   0.32415205 -1.0627234  -1.0391239   0.63905436  0.21866946
  0.          0.        ]
2025-04-17 13:03:40,650 - DEBUG - After Noise(Next State): [-0.488412    0.34940258 -1.0627234  -1.0391239   0.63905436  0.21866946
  0.          0.        ]
2025-04-17 13:03:40,668 - DEBUG - Before Noise(Next State): [-0.5241232   0.30036423 -1.0527806  -1.0605861   0.647337    0.16565269
  0.          0.        ]
2025-04-17 13:03:40,669 - DEBUG - After Noise(Next State): [-0.49566835  0.32881907 -1.0527806  -1.0605861   0.647337    0.16565269
  0.          0.        ]
2025-04-17 13:03:40,690 - DEBUG - Before Noise(Next State): [-0.53482515  0.27637348 -1.0767338  -1.069571    0.65544486  0.16215727
  0.          0.        ]
2025-04-17 13:03:40,690 - DEBUG - After Noise(Next State): [-0.5300861   0.28111252 -1.0767338  -1.069571    0.65544486  0.16215727
  0.          0.        ]
2025-04-17 13:03:40,710 - DEBUG - Before Noise(Next State): [-0.5459739   0.25237578 -1.1209371  -1.0696887   0.66300595  0.15122148
  0.          0.        ]
2025-04-17 13:03:40,711 - DEBUG - After Noise(Next State): [-0.5582496   0.24010006 -1.1209371  -1.0696887   0.66300595  0.15122148
  0.          0.        ]
2025-04-17 13:03:40,729 - DEBUG - Before Noise(Next State): [-0.5570627   0.22784716 -1.1133226  -1.0924901   0.6685909   0.11169962
  0.          0.        ]
2025-04-17 13:03:40,729 - DEBUG - After Noise(Next State): [-0.57034516  0.21456467 -1.1133226  -1.0924901   0.6685909   0.11169962
  0.          0.        ]
2025-04-17 13:03:40,748 - DEBUG - Before Noise(Next State): [-0.5680764   0.20281012 -1.1037534  -1.1140205   0.67159474  0.06007624
  0.          0.        ]
2025-04-17 13:03:40,749 - DEBUG - After Noise(Next State): [-0.5790866   0.19179991 -1.1037534  -1.1140205   0.67159474  0.06007624
  0.          0.        ]
2025-04-17 13:03:40,766 - DEBUG - Before Noise(Next State): [-0.5790901   0.17718501 -1.1037529  -1.1401542   0.6745985   0.06007525
  0.          0.        ]
2025-04-17 13:03:40,766 - DEBUG - After Noise(Next State): [-0.5915502   0.16472496 -1.1037529  -1.1401542   0.6745985   0.06007525
  0.          0.        ]
2025-04-17 13:03:40,786 - DEBUG - Before Noise(Next State): [-0.5901581   0.15090723 -1.1107212  -1.1700066   0.6795693   0.09941622
  0.          0.        ]
2025-04-17 13:03:40,786 - DEBUG - After Noise(Next State): [-0.5977745   0.14329082 -1.1107212  -1.1700066   0.6795693   0.09941622
  0.          0.        ]
2025-04-17 13:03:40,806 - DEBUG - Before Noise(Next State): [-0.6017233   0.12462474 -1.1599157  -1.1699442   0.6838811   0.08623599
  0.          0.        ]
2025-04-17 13:03:40,807 - DEBUG - After Noise(Next State): [-0.59276634  0.13358171 -1.1599157  -1.1699442   0.6838811   0.08623599
  0.          0.        ]
2025-04-17 13:03:40,825 - DEBUG - Before Noise(Next State): [-0.61328864  0.09775451 -1.1599143  -1.1960788   0.6881929   0.08623593
  0.          0.        ]
2025-04-17 13:03:40,826 - DEBUG - After Noise(Next State): [-0.584136    0.12690714 -1.1599143  -1.1960788   0.6881929   0.08623593
  0.          0.        ]
2025-04-17 13:03:40,845 - DEBUG - Before Noise(Next State): [-0.6255156   0.07125543 -1.2256843  -1.1793796   0.69201905  0.07652322
  0.          0.        ]
2025-04-17 13:03:40,845 - DEBUG - After Noise(Next State): [-0.6376321   0.05913895 -1.2256843  -1.1793796   0.69201905  0.07652322
  0.          0.        ]
2025-04-17 13:03:40,863 - DEBUG - Before Noise(Next State): [-0.6378079   0.04407864 -1.2341878  -1.2106072   0.69838434  0.12730584
  0.          1.        ]
2025-04-17 13:03:40,863 - DEBUG - After Noise(Next State): [-0.65926135  0.02262521 -1.2341878  -1.2106072   0.69838434  0.12730584
  0.          1.        ]
2025-04-17 13:03:40,882 - DEBUG - Before Noise(Next State): [-0.6502677   0.01769036 -1.2569617  -1.1919668   0.7073334   0.15029089
  0.          1.        ]
2025-04-17 13:03:40,882 - DEBUG - After Noise(Next State): [-0.6480442   0.01991383 -1.2569617  -1.1919668   0.7073334   0.15029089
  0.          1.        ]
2025-04-17 13:03:40,901 - DEBUG - Before Noise(Next State): [-0.65991163  0.00779637 -0.76980925  0.089023    0.7456391   1.0732573
  0.          1.        ]
2025-04-17 13:03:40,901 - DEBUG - After Noise(Next State): [-0.6562753   0.01143273 -0.76980925  0.089023    0.7456391   1.0732573
  0.          1.        ]
2025-04-17 13:03:40,909 - DEBUG - Episode 3 received a Reward = -217.64922588991578 
2025-04-17 13:03:40,940 - DEBUG - Before Noise(Current State): [ 0.00240965  1.4122661   0.24405241  0.05983016 -0.00278536 -0.05528154
  0.          0.        ]
2025-04-17 13:03:40,940 - DEBUG - After Noise(Current State): [ 0.01183911  1.4216956   0.24405241  0.05983016 -0.00278536 -0.05528154
  0.          0.        ]
2025-04-17 13:03:40,960 - DEBUG - Before Noise(Next State): [ 0.0048192   1.4130466   0.24372268  0.03468407 -0.00551706 -0.05463826
  0.          0.        ]
2025-04-17 13:03:40,960 - DEBUG - After Noise(Next State): [ 0.04040758  1.448635    0.24372268  0.03468407 -0.00551706 -0.05463826
  0.          0.        ]
2025-04-17 13:03:40,978 - DEBUG - Before Noise(Next State): [ 0.00715303  1.4132375   0.23421247  0.00847358 -0.00633845 -0.01642924
  0.          0.        ]
2025-04-17 13:03:40,978 - DEBUG - After Noise(Next State): [-0.01902201  1.3870624   0.23421247  0.00847358 -0.00633845 -0.01642924
  0.          0.        ]
2025-04-17 13:03:40,997 - DEBUG - Before Noise(Next State): [ 0.00951061  1.4135203   0.23649171  0.01256843 -0.00706017 -0.01443586
  0.          0.        ]
2025-04-17 13:03:40,997 - DEBUG - After Noise(Next State): [ 8.7901659e-04  1.4048887e+00  2.3649171e-01  1.2568434e-02
 -7.0601706e-03 -1.4435862e-02  0.0000000e+00  0.0000000e+00]
2025-04-17 13:03:41,018 - DEBUG - Before Noise(Next State): [ 0.01193409  1.4132086   0.24476492 -0.0138651  -0.00944069 -0.04761503
  0.          0.        ]
2025-04-17 13:03:41,018 - DEBUG - After Noise(Next State): [ 0.03119055  1.4324651   0.24476492 -0.0138651  -0.00944069 -0.04761503
  0.          0.        ]
2025-04-17 13:03:41,041 - DEBUG - Before Noise(Next State): [ 0.01426935  1.4123044   0.23368713 -0.04019378 -0.0095982  -0.00315031
  0.          0.        ]
2025-04-17 13:03:41,041 - DEBUG - After Noise(Next State): [ 0.01636411  1.4143991   0.23368713 -0.04019378 -0.0095982  -0.00315031
  0.          0.        ]
2025-04-17 13:03:41,060 - DEBUG - Before Noise(Next State): [ 0.01653814  1.4108112   0.22534366 -0.06635059 -0.0080844   0.03027843
  0.          0.        ]
2025-04-17 13:03:41,061 - DEBUG - After Noise(Next State): [ 0.02302958  1.4173026   0.22534366 -0.06635059 -0.0080844   0.03027843
  0.          0.        ]
2025-04-17 13:03:41,080 - DEBUG - Before Noise(Next State): [ 0.01881189  1.4092854   0.22582695 -0.06780507 -0.00656155  0.03045993
  0.          0.        ]
2025-04-17 13:03:41,081 - DEBUG - After Noise(Next State): [-0.01802051  1.372453    0.22582695 -0.06780507 -0.00656155  0.03045993
  0.          0.        ]
2025-04-17 13:03:41,098 - DEBUG - Before Noise(Next State): [ 0.02121153  1.4078093   0.23783007 -0.06559892 -0.0044523   0.04218908
  0.          0.        ]
2025-04-17 13:03:41,098 - DEBUG - After Noise(Next State): [ 0.01298918  1.3995869   0.23783007 -0.06559892 -0.0044523   0.04218908
  0.          0.        ]
2025-04-17 13:03:41,128 - DEBUG - Before Noise(Next State): [ 0.02369032  1.4057535   0.24776085 -0.09137139 -0.00433528  0.0023406
  0.          0.        ]
2025-04-17 13:03:41,128 - DEBUG - After Noise(Next State): [ 0.05922349  1.4412867   0.24776085 -0.09137139 -0.00433528  0.0023406
  0.          0.        ]
2025-04-17 13:03:41,147 - DEBUG - Before Noise(Next State): [ 0.02616921  1.4031096   0.24776118 -0.11750395 -0.00421721  0.002362
  0.          0.        ]
2025-04-17 13:03:41,148 - DEBUG - After Noise(Next State): [ 0.03994945  1.4168898   0.24776118 -0.11750395 -0.00421721  0.002362
  0.          0.        ]
2025-04-17 13:03:41,165 - DEBUG - Before Noise(Next State): [ 2.8622437e-02  1.4011016e+00  2.4533805e-01 -8.9246519e-02
 -4.2368034e-03 -3.9198989e-04  0.0000000e+00  0.0000000e+00]
2025-04-17 13:03:41,166 - DEBUG - After Noise(Next State): [ 6.1223838e-02  1.4337029e+00  2.4533805e-01 -8.9246519e-02
 -4.2368034e-03 -3.9198989e-04  0.0000000e+00  0.0000000e+00]
2025-04-17 13:03:41,184 - DEBUG - Before Noise(Next State): [ 3.1075668e-02  1.3985052e+00  2.4533820e-01 -1.1539162e-01
 -4.2562555e-03 -3.8892281e-04  0.0000000e+00  0.0000000e+00]
2025-04-17 13:03:41,184 - DEBUG - After Noise(Next State): [-2.1328591e-02  1.3461009e+00  2.4533820e-01 -1.1539162e-01
 -4.2562555e-03 -3.8892281e-04  0.0000000e+00  0.0000000e+00]
2025-04-17 13:03:41,202 - DEBUG - Before Noise(Next State): [ 0.03361358  1.3953297   0.25596607 -0.14113781 -0.00640522 -0.04298341
  0.          0.        ]
2025-04-17 13:03:41,202 - DEBUG - After Noise(Next State): [ 0.04465698  1.4063731   0.25596607 -0.14113781 -0.00640522 -0.04298341
  0.          0.        ]
2025-04-17 13:03:41,220 - DEBUG - Before Noise(Next State): [ 0.03615151  1.3915664   0.25597304 -0.16727339 -0.00855297 -0.04295889
  0.          0.        ]
2025-04-17 13:03:41,221 - DEBUG - After Noise(Next State): [ 0.03389625  1.3893112   0.25597304 -0.16727339 -0.00855297 -0.04295889
  0.          0.        ]
2025-04-17 13:03:41,239 - DEBUG - Before Noise(Next State): [ 0.03877773  1.3872051   0.2670267  -0.19386105 -0.01291622 -0.08727281
  0.          0.        ]
2025-04-17 13:03:41,239 - DEBUG - After Noise(Next State): [ 0.06894666  1.417374    0.2670267  -0.19386105 -0.01291622 -0.08727281
  0.          0.        ]
2025-04-17 13:03:41,259 - DEBUG - Before Noise(Next State): [ 0.04139099  1.3830707   0.26583    -0.1838015  -0.01737184 -0.08912057
  0.          0.        ]
2025-04-17 13:03:41,260 - DEBUG - After Noise(Next State): [ 0.05806707  1.3997468   0.26583    -0.1838015  -0.01737184 -0.08912057
  0.          0.        ]
2025-04-17 13:03:41,281 - DEBUG - Before Noise(Next State): [ 0.04392738  1.379892    0.2585944  -0.1413437  -0.02227133 -0.0979986
  0.          0.        ]
2025-04-17 13:03:41,281 - DEBUG - After Noise(Next State): [ 0.07526816  1.4112328   0.2585944  -0.1413437  -0.02227133 -0.0979986
  0.          0.        ]
2025-04-17 13:03:41,301 - DEBUG - Before Noise(Next State): [ 0.0463829   1.3761333   0.24843863 -0.16709644 -0.02512922 -0.05716259
  0.          0.        ]
2025-04-17 13:03:41,301 - DEBUG - After Noise(Next State): [ 0.07073208  1.4004825   0.24843863 -0.16709644 -0.02512922 -0.05716259
  0.          0.        ]
2025-04-17 13:03:41,319 - DEBUG - Before Noise(Next State): [ 0.04883843  1.3717868   0.24844615 -0.19322667 -0.02798773 -0.05717552
  0.          0.        ]
2025-04-17 13:03:41,319 - DEBUG - After Noise(Next State): [ 0.04952177  1.3724701   0.24844615 -0.19322667 -0.02798773 -0.05717552
  0.          0.        ]
2025-04-17 13:03:41,338 - DEBUG - Before Noise(Next State): [ 0.05120087  1.3668653   0.23675911 -0.21874958 -0.02849668 -0.01017975
  0.          0.        ]
2025-04-17 13:03:41,339 - DEBUG - After Noise(Next State): [ 0.04890696  1.3645713   0.23675911 -0.21874958 -0.02849668 -0.01017975
  0.          0.        ]
2025-04-17 13:03:41,358 - DEBUG - Before Noise(Next State): [ 0.05350075  1.3613492   0.2289149  -0.24514045 -0.02743832  0.02116865
  0.          0.        ]
2025-04-17 13:03:41,359 - DEBUG - After Noise(Next State): [ 0.06782674  1.3756752   0.2289149  -0.24514045 -0.02743832  0.02116865
  0.          0.        ]
2025-04-17 13:03:41,376 - DEBUG - Before Noise(Next State): [ 0.05587006  1.3552527   0.23762444 -0.27096808 -0.02812183 -0.01367114
  0.          0.        ]
2025-04-17 13:03:41,377 - DEBUG - After Noise(Next State): [ 0.05997851  1.3593612   0.23762444 -0.27096808 -0.02812183 -0.01367114
  0.          0.        ]
2025-04-17 13:03:41,395 - DEBUG - Before Noise(Next State): [ 0.05837116  1.3496295   0.25027126 -0.24991724 -0.02828505 -0.00326465
  0.          0.        ]
2025-04-17 13:03:41,395 - DEBUG - After Noise(Next State): [ 0.07039636  1.3616548   0.25027126 -0.24991724 -0.02828505 -0.00326465
  0.          0.        ]
2025-04-17 13:03:41,414 - DEBUG - Before Noise(Next State): [ 0.06095648  1.3434165   0.26084724 -0.27617708 -0.03056793 -0.04566163
  0.          0.        ]
2025-04-17 13:03:41,415 - DEBUG - After Noise(Next State): [ 0.08284075  1.3653008   0.26084724 -0.27617708 -0.03056793 -0.04566163
  0.          0.        ]
2025-04-17 13:03:41,432 - DEBUG - Before Noise(Next State): [ 0.06360416  1.3375441   0.26687583 -0.26103738 -0.03264941 -0.04162976
  0.          0.        ]
2025-04-17 13:03:41,432 - DEBUG - After Noise(Next State): [ 0.0470568   1.3209968   0.26687583 -0.26103738 -0.03264941 -0.04162976
  0.          0.        ]
2025-04-17 13:03:41,451 - DEBUG - Before Noise(Next State): [ 0.0661542   1.3310826   0.25462204 -0.28716984 -0.0322782   0.00742424
  0.          0.        ]
2025-04-17 13:03:41,451 - DEBUG - After Noise(Next State): [ 0.11004306  1.3749714   0.25462204 -0.28716984 -0.0322782   0.00742424
  0.          0.        ]
2025-04-17 13:03:41,470 - DEBUG - Before Noise(Next State): [ 0.06879721  1.324028    0.26629087 -0.31357804 -0.03424599 -0.03935578
  0.          0.        ]
2025-04-17 13:03:41,470 - DEBUG - After Noise(Next State): [ 0.0680886   1.3233194   0.26629087 -0.31357804 -0.03424599 -0.03935578
  0.          0.        ]
2025-04-17 13:03:41,489 - DEBUG - Before Noise(Next State): [ 0.07151041  1.3163717   0.27511796 -0.34037116 -0.03798908 -0.07486165
  0.          0.        ]
2025-04-17 13:03:41,489 - DEBUG - After Noise(Next State): [ 0.06531109  1.3101723   0.27511796 -0.34037116 -0.03798908 -0.07486165
  0.          0.        ]
2025-04-17 13:03:41,512 - DEBUG - Before Noise(Next State): [ 0.07431507  1.3081162   0.28658268 -0.36708075 -0.04403478 -0.12091397
  0.          0.        ]
2025-04-17 13:03:41,513 - DEBUG - After Noise(Next State): [ 0.09111716  1.3249183   0.28658268 -0.36708075 -0.04403478 -0.12091397
  0.          0.        ]
2025-04-17 13:03:41,531 - DEBUG - Before Noise(Next State): [ 0.07711963  1.299273    0.2865825  -0.39321715 -0.05008044 -0.12091355
  0.          0.        ]
2025-04-17 13:03:41,531 - DEBUG - After Noise(Next State): [ 0.08284797  1.3050014   0.2865825  -0.39321715 -0.05008044 -0.12091355
  0.          0.        ]
2025-04-17 13:03:41,550 - DEBUG - Before Noise(Next State): [ 0.0799243   1.2898424   0.28658226 -0.41935354 -0.05612612 -0.12091342
  0.          0.        ]
2025-04-17 13:03:41,550 - DEBUG - After Noise(Next State): [ 0.07803269  1.2879508   0.28658226 -0.41935354 -0.05612612 -0.12091342
  0.          0.        ]
2025-04-17 13:03:41,569 - DEBUG - Before Noise(Next State): [ 0.08265486  1.279825    0.2772936  -0.44538304 -0.06031231 -0.08372404
  0.          0.        ]
2025-04-17 13:03:41,569 - DEBUG - After Noise(Next State): [ 0.07997482  1.2771449   0.2772936  -0.44538304 -0.06031231 -0.08372404
  0.          0.        ]
2025-04-17 13:03:41,588 - DEBUG - Before Noise(Next State): [ 0.08538542  1.2692199   0.27729347 -0.47151786 -0.06449851 -0.08372398
  0.          0.        ]
2025-04-17 13:03:41,588 - DEBUG - After Noise(Next State): [ 0.09402724  1.2778617   0.27729347 -0.47151786 -0.06449851 -0.08372398
  0.          0.        ]
2025-04-17 13:03:41,607 - DEBUG - Before Noise(Next State): [ 0.08811598  1.2580268   0.27729332 -0.49765265 -0.0686847  -0.08372386
  0.          0.        ]
2025-04-17 13:03:41,608 - DEBUG - After Noise(Next State): [ 0.078366    1.2482768   0.27729332 -0.49765265 -0.0686847  -0.08372386
  0.          0.        ]
2025-04-17 13:03:41,626 - DEBUG - Before Noise(Next State): [ 0.09093151  1.2462429   0.28793788 -0.5240398  -0.07500414 -0.12638897
  0.          0.        ]
2025-04-17 13:03:41,627 - DEBUG - After Noise(Next State): [ 0.07008289  1.2253942   0.28793788 -0.5240398  -0.07500414 -0.12638897
  0.          0.        ]
2025-04-17 13:03:41,645 - DEBUG - Before Noise(Next State): [ 0.09365968  1.2338829   0.27696303 -0.5495433  -0.07911401 -0.08219714
  0.          0.        ]
2025-04-17 13:03:41,646 - DEBUG - After Noise(Next State): [ 0.12819798  1.2684212   0.27696303 -0.5495433  -0.07911401 -0.08219714
  0.          0.        ]
2025-04-17 13:03:41,665 - DEBUG - Before Noise(Next State): [ 0.0964572   1.220935    0.28566265 -0.5757906  -0.08496399 -0.11699951
  0.          0.        ]
2025-04-17 13:03:41,665 - DEBUG - After Noise(Next State): [ 0.08055789  1.2050357   0.28566265 -0.5757906  -0.08496399 -0.11699951
  0.          0.        ]
2025-04-17 13:03:41,684 - DEBUG - Before Noise(Next State): [ 0.09928341  1.2084332   0.2886628  -0.5559947  -0.09095229 -0.11976663
  0.          0.        ]
2025-04-17 13:03:41,684 - DEBUG - After Noise(Next State): [ 0.09820087  1.2073506   0.2886628  -0.5559947  -0.09095229 -0.11976663
  0.          0.        ]
2025-04-17 13:03:41,703 - DEBUG - Before Noise(Next State): [ 0.10211115  1.195917    0.28897545 -0.5566616  -0.09709372 -0.12282832
  0.          0.        ]
2025-04-17 13:03:41,704 - DEBUG - After Noise(Next State): [ 0.11774036  1.2115462   0.28897545 -0.5566616  -0.09709372 -0.12282832
  0.          0.        ]
2025-04-17 13:03:41,723 - DEBUG - Before Noise(Next State): [ 0.10503206  1.1828033   0.30065224 -0.5834154  -0.10558525 -0.16983056
  0.          0.        ]
2025-04-17 13:03:41,723 - DEBUG - After Noise(Next State): [ 0.07854078  1.156312    0.30065224 -0.5834154  -0.10558525 -0.16983056
  0.          0.        ]
2025-04-17 13:03:41,741 - DEBUG - Before Noise(Next State): [ 0.10785589  1.1691278   0.28842574 -0.6082332  -0.11158928 -0.12008065
  0.          0.        ]
2025-04-17 13:03:41,742 - DEBUG - After Noise(Next State): [ 0.07423405  1.135506    0.28842574 -0.6082332  -0.11158928 -0.12008065
  0.          0.        ]
2025-04-17 13:03:41,762 - DEBUG - Before Noise(Next State): [ 0.11067972  1.1548649   0.28842524 -0.63436955 -0.1175933  -0.12008031
  0.          0.        ]
2025-04-17 13:03:41,762 - DEBUG - After Noise(Next State): [ 0.09821194  1.1423972   0.28842524 -0.63436955 -0.1175933  -0.12008031
  0.          0.        ]
2025-04-17 13:03:41,782 - DEBUG - Before Noise(Next State): [ 0.11350365  1.1400145   0.28842473 -0.6605059  -0.12359731 -0.12008004
  0.          0.        ]
2025-04-17 13:03:41,782 - DEBUG - After Noise(Next State): [ 0.12482515  1.1513361   0.28842473 -0.6605059  -0.12359731 -0.12008004
  0.          0.        ]
2025-04-17 13:03:41,800 - DEBUG - Before Noise(Next State): [ 0.11624269  1.1245823   0.2777959  -0.6862096  -0.12746902 -0.07743429
  0.          0.        ]
2025-04-17 13:03:41,801 - DEBUG - After Noise(Next State): [ 0.08719283  1.0955324   0.2777959  -0.6862096  -0.12746902 -0.07743429
  0.          0.        ]
2025-04-17 13:03:41,823 - DEBUG - Before Noise(Next State): [ 0.11905222  1.1085556   0.2866264  -0.71279645 -0.13311651 -0.11295004
  0.          0.        ]
2025-04-17 13:03:41,823 - DEBUG - After Noise(Next State): [ 0.15887718  1.1483805   0.2866264  -0.71279645 -0.13311651 -0.11295004
  0.          0.        ]
2025-04-17 13:03:41,844 - DEBUG - Before Noise(Next State): [ 0.12204762  1.0933263   0.3049183  -0.67734563 -0.13847862 -0.10724226
  0.          0.        ]
2025-04-17 13:03:41,845 - DEBUG - After Noise(Next State): [ 0.1035532   1.074832    0.3049183  -0.67734563 -0.13847862 -0.10724226
  0.          0.        ]
2025-04-17 13:03:41,863 - DEBUG - Before Noise(Next State): [ 0.12502718  1.0781621   0.30368373 -0.6745114  -0.14419095 -0.11424671
  0.          0.        ]
2025-04-17 13:03:41,864 - DEBUG - After Noise(Next State): [ 0.10600856  1.0591434   0.30368373 -0.6745114  -0.14419095 -0.11424671
  0.          0.        ]
2025-04-17 13:03:41,883 - DEBUG - Before Noise(Next State): [ 0.12809458  1.0624002   0.31468114 -0.7013118  -0.15211888 -0.15855889
  0.          0.        ]
2025-04-17 13:03:41,883 - DEBUG - After Noise(Next State): [ 0.14147417  1.0757798   0.31468114 -0.7013118  -0.15211888 -0.15855889
  0.          0.        ]
2025-04-17 13:03:41,901 - DEBUG - Before Noise(Next State): [ 0.1312275   1.0474756   0.32159662 -0.664197   -0.16041231 -0.16586831
  0.          0.        ]
2025-04-17 13:03:41,901 - DEBUG - After Noise(Next State): [ 0.14485702  1.0611051   0.32159662 -0.664197   -0.16041231 -0.16586831
  0.          0.        ]
2025-04-17 13:03:41,920 - DEBUG - Before Noise(Next State): [ 0.13429984  1.0319752   0.31398076 -0.68964547 -0.1671587  -0.13492765
  0.          0.        ]
2025-04-17 13:03:41,921 - DEBUG - After Noise(Next State): [ 0.12289198  1.0205673   0.31398076 -0.68964547 -0.1671587  -0.13492765
  0.          0.        ]
2025-04-17 13:03:41,940 - DEBUG - Before Noise(Next State): [ 0.13738318  1.0172827   0.3157361  -0.6538465  -0.17457075 -0.14824161
  0.          0.        ]
2025-04-17 13:03:41,941 - DEBUG - After Noise(Next State): [ 0.15716511  1.0370647   0.3157361  -0.6538465  -0.17457075 -0.14824161
  0.          0.        ]
2025-04-17 13:03:41,959 - DEBUG - Before Noise(Next State): [ 0.14036913  1.0020188   0.30353007 -0.67899144 -0.17951073 -0.09879964
  0.          0.        ]
2025-04-17 13:03:41,960 - DEBUG - After Noise(Next State): [ 0.14219894  1.0038487   0.30353007 -0.67899144 -0.17951073 -0.09879964
  0.          0.        ]
2025-04-17 13:03:41,979 - DEBUG - Before Noise(Next State): [ 0.14332847  0.9873535   0.30162436 -0.6524918  -0.18522549 -0.11429497
  0.          0.        ]
2025-04-17 13:03:41,979 - DEBUG - After Noise(Next State): [ 0.13974051  0.98376554  0.30162436 -0.6524918  -0.18522549 -0.11429497
  0.          0.        ]
2025-04-17 13:03:41,999 - DEBUG - Before Noise(Next State): [ 0.14637919  0.972078    0.31309557 -0.6799316  -0.19328903 -0.16127096
  0.          0.        ]
2025-04-17 13:03:41,999 - DEBUG - After Noise(Next State): [ 0.1380482   0.963747    0.31309557 -0.6799316  -0.19328903 -0.16127096
  0.          0.        ]
2025-04-17 13:03:42,017 - DEBUG - Before Noise(Next State): [ 0.14949083  0.9562031   0.32072118 -0.7068298  -0.20290658 -0.19235113
  0.          0.        ]
2025-04-17 13:03:42,017 - DEBUG - After Noise(Next State): [ 0.15138017  0.95809245  0.32072118 -0.7068298  -0.20290658 -0.19235113
  0.          0.        ]
2025-04-17 13:03:42,037 - DEBUG - Before Noise(Next State): [ 0.15268755  0.93972504  0.33134186 -0.73399806 -0.21468589 -0.23558632
  0.          0.        ]
2025-04-17 13:03:42,037 - DEBUG - After Noise(Next State): [ 0.14201568  0.9290532   0.33134186 -0.73399806 -0.21468589 -0.23558632
  0.          0.        ]
2025-04-17 13:03:42,058 - DEBUG - Before Noise(Next State): [ 0.1558114   0.9226739   0.32218486 -0.7592913  -0.22460575 -0.19839695
  0.          0.        ]
2025-04-17 13:03:42,059 - DEBUG - After Noise(Next State): [ 0.19297312  0.9598356   0.32218486 -0.7592913  -0.22460575 -0.19839695
  0.          0.        ]
2025-04-17 13:03:42,077 - DEBUG - Before Noise(Next State): [ 0.15903406  0.9063137   0.33248338 -0.7287091  -0.23495743 -0.20703359
  0.          0.        ]
2025-04-17 13:03:42,077 - DEBUG - After Noise(Next State): [ 0.16677171  0.91405135  0.33248338 -0.7287091  -0.23495743 -0.20703359
  0.          0.        ]
2025-04-17 13:03:42,098 - DEBUG - Before Noise(Next State): [ 0.16218777  0.88940334  0.32372493 -0.7529296  -0.24343453 -0.16954206
  0.          0.        ]
2025-04-17 13:03:42,098 - DEBUG - After Noise(Next State): [ 0.10893021  0.83614576  0.32372493 -0.7529296  -0.24343453 -0.16954206
  0.          0.        ]
2025-04-17 13:03:42,117 - DEBUG - Before Noise(Next State): [ 0.16525488  0.87194985  0.31273118 -0.776721   -0.24956119 -0.12253308
  0.          0.        ]
2025-04-17 13:03:42,117 - DEBUG - After Noise(Next State): [ 0.17012252  0.87681746  0.31273118 -0.776721   -0.24956119 -0.12253308
  0.          0.        ]
2025-04-17 13:03:42,138 - DEBUG - Before Noise(Next State): [ 0.16825981  0.85392225  0.30494443 -0.8019905  -0.25409624 -0.09070127
  0.          0.        ]
2025-04-17 13:03:42,139 - DEBUG - After Noise(Next State): [ 0.19021338  0.87587583  0.30494443 -0.8019905  -0.25409624 -0.09070127
  0.          0.        ]
2025-04-17 13:03:42,159 - DEBUG - Before Noise(Next State): [ 0.17156553  0.8361597   0.33433723 -0.79010075 -0.25794607 -0.07699651
  0.          0.        ]
2025-04-17 13:03:42,159 - DEBUG - After Noise(Next State): [ 0.15859056  0.8231847   0.33433723 -0.79010075 -0.25794607 -0.07699651
  0.          0.        ]
2025-04-17 13:03:42,177 - DEBUG - Before Noise(Next State): [ 0.17520323  0.81862825  0.36671466 -0.7797003  -0.26095462 -0.06017071
  0.          0.        ]
2025-04-17 13:03:42,177 - DEBUG - After Noise(Next State): [ 0.15643013  0.7998552   0.36671466 -0.7797003  -0.26095462 -0.06017071
  0.          0.        ]
2025-04-17 13:03:42,197 - DEBUG - Before Noise(Next State): [ 0.17884092  0.8005088   0.36671442 -0.8058344  -0.26396313 -0.06017056
  0.          0.        ]
2025-04-17 13:03:42,199 - DEBUG - After Noise(Next State): [ 0.19567609  0.81734395  0.36671442 -0.8058344  -0.26396313 -0.06017056
  0.          0.        ]
2025-04-17 13:03:42,226 - DEBUG - Before Noise(Next State): [ 0.18255377  0.7817737   0.37616634 -0.8335615  -0.26895604 -0.09985785
  0.          0.        ]
2025-04-17 13:03:42,226 - DEBUG - After Noise(Next State): [ 0.21614908  0.815369    0.37616634 -0.8335615  -0.26895604 -0.09985785
  0.          0.        ]
2025-04-17 13:03:42,246 - DEBUG - Before Noise(Next State): [ 0.18633986  0.76242113  0.3853777  -0.86137116 -0.27589557 -0.13879073
  0.          0.        ]
2025-04-17 13:03:42,247 - DEBUG - After Noise(Next State): [ 0.20698251  0.78306377  0.3853777  -0.86137116 -0.27589557 -0.13879073
  0.          0.        ]
2025-04-17 13:03:42,265 - DEBUG - Before Noise(Next State): [ 0.19012614  0.74248123  0.38537607 -0.8875084  -0.2828351  -0.13879022
  0.          0.        ]
2025-04-17 13:03:42,266 - DEBUG - After Noise(Next State): [ 0.1833535   0.7357086   0.38537607 -0.8875084  -0.2828351  -0.13879022
  0.          0.        ]
2025-04-17 13:03:42,285 - DEBUG - Before Noise(Next State): [ 0.19423199  0.7226572   0.41653737 -0.8822359  -0.28896007 -0.12249975
  0.          0.        ]
2025-04-17 13:03:42,286 - DEBUG - After Noise(Next State): [ 0.21848713  0.74691236  0.41653737 -0.8822359  -0.28896007 -0.12249975
  0.          0.        ]
2025-04-17 13:03:42,314 - DEBUG - Before Noise(Next State): [ 0.19840889  0.70220274  0.42555326 -0.91066474 -0.29706308 -0.1620604
  0.          0.        ]
2025-04-17 13:03:42,314 - DEBUG - After Noise(Next State): [ 0.23195794  0.7357518   0.42555326 -0.91066474 -0.29706308 -0.1620604
  0.          0.        ]
2025-04-17 13:03:42,333 - DEBUG - Before Noise(Next State): [ 0.20264816  0.6811266   0.43343467 -0.9386952  -0.30688515 -0.19644132
  0.          0.        ]
2025-04-17 13:03:42,333 - DEBUG - After Noise(Next State): [ 0.20875895  0.6872374   0.43343467 -0.9386952  -0.30688515 -0.19644132
  0.          0.        ]
2025-04-17 13:03:42,359 - DEBUG - Before Noise(Next State): [ 0.20695372  0.6594276   0.44176918 -0.9668109  -0.31852445 -0.23278594
  0.          0.        ]
2025-04-17 13:03:42,360 - DEBUG - After Noise(Next State): [ 0.20191889  0.6543928   0.44176918 -0.9668109  -0.31852445 -0.23278594
  0.          0.        ]
2025-04-17 13:03:42,378 - DEBUG - Before Noise(Next State): [ 0.21125956  0.63714236  0.44176388 -0.992955   -0.33016363 -0.2327838
  0.          0.        ]
2025-04-17 13:03:42,378 - DEBUG - After Noise(Next State): [ 0.22330779  0.6491906   0.44176388 -0.992955   -0.33016363 -0.2327838
  0.          0.        ]
2025-04-17 13:03:42,418 - DEBUG - Before Noise(Next State): [ 0.21568231  0.61558074  0.45417285 -0.96106255 -0.3426021  -0.2487694
  0.          0.        ]
2025-04-17 13:03:42,419 - DEBUG - After Noise(Next State): [ 0.22933906  0.6292375   0.45417285 -0.96106255 -0.3426021  -0.2487694
  0.          0.        ]
2025-04-17 13:03:42,437 - DEBUG - Before Noise(Next State): [ 0.22040968  0.5945663   0.48443896 -0.9368096  -0.35488874 -0.24573258
  0.          0.        ]
2025-04-17 13:03:42,437 - DEBUG - After Noise(Next State): [ 0.17962852  0.55378515  0.48443896 -0.9368096  -0.35488874 -0.24573258
  0.          0.        ]
2025-04-17 13:03:42,456 - DEBUG - Before Noise(Next State): [ 0.22535916  0.5741212   0.5068519  -0.91166276 -0.3674521  -0.2512674
  0.          0.        ]
2025-04-17 13:03:42,457 - DEBUG - After Noise(Next State): [ 0.21135253  0.56011456  0.5068519  -0.91166276 -0.3674521  -0.2512674
  0.          0.        ]
2025-04-17 13:03:42,476 - DEBUG - Before Noise(Next State): [ 0.2303091   0.55309004  0.5068449  -0.9378084  -0.38001534 -0.25126466
  0.          0.        ]
2025-04-17 13:03:42,476 - DEBUG - After Noise(Next State): [ 0.23276941  0.55555034  0.5068449  -0.9378084  -0.38001534 -0.25126466
  0.          0.        ]
2025-04-17 13:03:42,495 - DEBUG - Before Noise(Next State): [ 0.23520413  0.53151643  0.49974006 -0.9615962  -0.3909277  -0.21824732
  0.          0.        ]
2025-04-17 13:03:42,496 - DEBUG - After Noise(Next State): [ 0.23713718  0.5334495   0.49974006 -0.9615962  -0.3909277  -0.21824732
  0.          0.        ]
2025-04-17 13:03:42,514 - DEBUG - Before Noise(Next State): [ 0.24018145  0.5101386   0.5084623  -0.9531171  -0.4024085  -0.229616
  0.          0.        ]
2025-04-17 13:03:42,514 - DEBUG - After Noise(Next State): [ 0.28579837  0.5557555   0.5084623  -0.9531171  -0.4024085  -0.229616
  0.          0.        ]
2025-04-17 13:03:42,533 - DEBUG - Before Noise(Next State): [ 0.24515924  0.48817435  0.5084559  -0.97926056 -0.41388917 -0.22961386
  0.          0.        ]
2025-04-17 13:03:42,534 - DEBUG - After Noise(Next State): [ 0.19909747  0.44211257  0.5084559  -0.97926056 -0.41388917 -0.22961386
  0.          0.        ]
2025-04-17 13:03:42,554 - DEBUG - Before Noise(Next State): [ 0.2501375   0.46562377  0.50844926 -1.0054041  -0.4253698  -0.22961183
  0.          0.        ]
2025-04-17 13:03:42,554 - DEBUG - After Noise(Next State): [ 0.24018684  0.4556731   0.50844926 -1.0054041  -0.4253698  -0.22961183
  0.          0.        ]
2025-04-17 13:03:42,572 - DEBUG - Before Noise(Next State): [ 0.25504857  0.4425346   0.4998552  -1.0288541  -0.43486384 -0.1898807
  0.          0.        ]
2025-04-17 13:03:42,572 - DEBUG - After Noise(Next State): [ 0.27747384  0.46495986  0.4998552  -1.0288541  -0.43486384 -0.1898807
  0.          0.        ]
2025-04-17 13:03:42,591 - DEBUG - Before Noise(Next State): [ 0.2600251   0.41880807  0.5081362  -1.0578074  -0.44631064 -0.2289358
  0.          0.        ]
2025-04-17 13:03:42,591 - DEBUG - After Noise(Next State): [ 0.2562003   0.41498327  0.5081362  -1.0578074  -0.44631064 -0.2289358
  0.          0.        ]
2025-04-17 13:03:42,611 - DEBUG - Before Noise(Next State): [ 0.26539296  0.39546177  0.54689956 -1.0408858  -0.45741284 -0.22204366
  0.          0.        ]
2025-04-17 13:03:42,611 - DEBUG - After Noise(Next State): [ 0.2712342   0.40130302  0.54689956 -1.0408858  -0.45741284 -0.22204366
  0.          0.        ]
2025-04-17 13:03:42,630 - DEBUG - Before Noise(Next State): [ 0.2707612   0.37152895  0.5468928  -1.0670285  -0.46851495 -0.22204177
  0.          0.        ]
2025-04-17 13:03:42,630 - DEBUG - After Noise(Next State): [ 0.2755116   0.37627935  0.5468928  -1.0670285  -0.46851495 -0.22204177
  0.          0.        ]
2025-04-17 13:03:42,654 - DEBUG - Before Noise(Next State): [ 0.27621287  0.3469441   0.5574335  -1.0968627  -0.48213148 -0.27233133
  0.          0.        ]
2025-04-17 13:03:42,654 - DEBUG - After Noise(Next State): [ 0.28694612  0.35767734  0.5574335  -1.0968627  -0.48213148 -0.27233133
  0.          0.        ]
2025-04-17 13:03:42,674 - DEBUG - Before Noise(Next State): [ 0.2817293   0.32171118  0.56567544 -1.1264368  -0.4978129  -0.3136284
  0.          0.        ]
2025-04-17 13:03:42,674 - DEBUG - After Noise(Next State): [ 0.28990763  0.3298895   0.56567544 -1.1264368  -0.4978129  -0.3136284
  0.          0.        ]
2025-04-17 13:03:42,693 - DEBUG - Before Noise(Next State): [ 0.28724688  0.29589316  0.56566083 -1.1525884  -0.5134941  -0.3136231
  0.          0.        ]
2025-04-17 13:03:42,693 - DEBUG - After Noise(Next State): [ 0.29465118  0.30329746  0.56566083 -1.1525884  -0.5134941  -0.3136231
  0.          0.        ]
2025-04-17 13:03:42,712 - DEBUG - Before Noise(Next State): [ 0.29276553  0.26949     0.5656459  -1.1787398  -0.529175   -0.31361777
  0.          0.        ]
2025-04-17 13:03:42,713 - DEBUG - After Noise(Next State): [ 0.34400755  0.32073203  0.5656459  -1.1787398  -0.529175   -0.31361777
  0.          0.        ]
2025-04-17 13:03:42,733 - DEBUG - Before Noise(Next State): [ 0.2982115   0.24257226  0.556172   -1.2009202  -0.54246306 -0.26576203
  0.          0.        ]
2025-04-17 13:03:42,734 - DEBUG - After Noise(Next State): [ 0.2658821   0.21024288  0.556172   -1.2009202  -0.54246306 -0.26576203
  0.          0.        ]
2025-04-17 13:03:42,752 - DEBUG - Before Noise(Next State): [ 0.3036583   0.21506847  0.5561607  -1.2270663  -0.555751   -0.26575905
  0.          0.        ]
2025-04-17 13:03:42,752 - DEBUG - After Noise(Next State): [ 0.3212186   0.23262879  0.5561607  -1.2270663  -0.555751   -0.26575905
  0.          0.        ]
2025-04-17 13:03:42,772 - DEBUG - Before Noise(Next State): [ 0.30921984  0.18768977  0.56814843 -1.2218728  -0.5697475  -0.27993008
  0.          0.        ]
2025-04-17 13:03:42,773 - DEBUG - After Noise(Next State): [ 0.29631838  0.17478831  0.56814843 -1.2218728  -0.5697475  -0.27993008
  0.          0.        ]
2025-04-17 13:03:42,790 - DEBUG - Before Noise(Next State): [ 0.31483954  0.15966333  0.5755156  -1.2514955  -0.58569676 -0.31898543
  0.          0.        ]
2025-04-17 13:03:42,790 - DEBUG - After Noise(Next State): [ 0.3557257   0.2005495   0.5755156  -1.2514955  -0.58569676 -0.31898543
  0.          0.        ]
2025-04-17 13:03:42,810 - DEBUG - Before Noise(Next State): [ 0.32040662  0.13111189  0.5685467  -1.2742625  -0.5997788  -0.28164068
  0.          0.        ]
2025-04-17 13:03:42,810 - DEBUG - After Noise(Next State): [ 0.3226286   0.13333386  0.5685467  -1.2742625  -0.5997788  -0.28164068
  0.          0.        ]
2025-04-17 13:03:42,828 - DEBUG - Before Noise(Next State): [ 0.32597485  0.10197467  0.5685328  -1.3004097  -0.6138606  -0.2816365
  0.          0.        ]
2025-04-17 13:03:42,829 - DEBUG - After Noise(Next State): [ 0.345037    0.12103684  0.5685328  -1.3004097  -0.6138606  -0.2816365
  0.          0.        ]
2025-04-17 13:03:42,847 - DEBUG - Before Noise(Next State): [ 0.33154392  0.0722515   0.5685186  -1.3265568  -0.62794226 -0.2816327
  0.          0.        ]
2025-04-17 13:03:42,847 - DEBUG - After Noise(Next State): [ 0.32363215  0.06433971  0.5685186  -1.3265568  -0.62794226 -0.2816327
  0.          0.        ]
2025-04-17 13:03:42,867 - DEBUG - Before Noise(Next State): [ 0.3371889   0.04255179  0.5766605  -1.3259546  -0.6428472  -0.29809827
  0.          0.        ]
2025-04-17 13:03:42,869 - DEBUG - After Noise(Next State): [ 0.3197939   0.0251568   0.5766605  -1.3259546  -0.6428472  -0.29809827
  0.          0.        ]
2025-04-17 13:03:42,886 - DEBUG - Before Noise(Next State): [ 0.34283495  0.0122665   0.57664394 -1.3521028  -0.65775186 -0.29809406
  1.          0.        ]
2025-04-17 13:03:42,886 - DEBUG - After Noise(Next State): [ 0.342057    0.01148855  0.57664394 -1.3521028  -0.65775186 -0.29809406
  1.          0.        ]
2025-04-17 13:03:42,905 - DEBUG - Before Noise(Next State): [ 0.34822637 -0.01637083  0.5398145  -1.2733063  -0.65982854 -0.04287002
  0.          0.        ]
2025-04-17 13:03:42,906 - DEBUG - After Noise(Next State): [ 0.35571483 -0.00888237  0.5398145  -1.2733063  -0.65982854 -0.04287002
  0.          0.        ]
2025-04-17 13:03:42,924 - DEBUG - Before Noise(Next State): [ 0.35271758 -0.03927983  0.42399755 -1.0120612  -0.6591452  -0.01718955
  0.          0.        ]
2025-04-17 13:03:42,925 - DEBUG - After Noise(Next State): [ 0.32799459 -0.06400282  0.42399755 -1.0120612  -0.6591452  -0.01718955
  0.          0.        ]
2025-04-17 13:03:42,942 - DEBUG - Before Noise(Next State): [ 0.35936898 -0.04988829  0.53397393 -0.3635852  -0.507893    3.1537108
  1.          0.        ]
2025-04-17 13:03:42,943 - DEBUG - After Noise(Next State): [ 0.36870322 -0.04055405  0.53397393 -0.3635852  -0.507893    3.1537108
  1.          0.        ]
2025-04-17 13:03:42,959 - DEBUG - Episode 4 received a Reward = -154.00988542762667 
2025-04-17 13:03:42,982 - DEBUG - Before Noise(Current State): [-5.4244994e-04  1.4149203e+00 -5.4950874e-02  1.7778546e-01
  6.3524832e-04  1.2447180e-02  0.0000000e+00  0.0000000e+00]
2025-04-17 13:03:42,983 - DEBUG - After Noise(Current State): [ 1.7469034e-02  1.4329318e+00 -5.4950874e-02  1.7778546e-01
  6.3524832e-04  1.2447180e-02  0.0000000e+00  0.0000000e+00]
2025-04-17 13:03:43,001 - DEBUG - Before Noise(Next State): [-1.0079384e-03  1.4183587e+00 -4.5212019e-02  1.5281725e-01
 -6.8790786e-04 -2.6464898e-02  0.0000000e+00  0.0000000e+00]
2025-04-17 13:03:43,002 - DEBUG - After Noise(Next State): [-1.4483311e-02  1.4048833e+00 -4.5212019e-02  1.5281725e-01
 -6.8790786e-04 -2.6464898e-02  0.0000000e+00  0.0000000e+00]
2025-04-17 13:03:43,022 - DEBUG - Before Noise(Next State): [-1.5390397e-03  1.4212115e+00 -5.3445440e-02  1.2679030e-01
 -3.5829601e-04  6.5927827e-03  0.0000000e+00  0.0000000e+00]
2025-04-17 13:03:43,022 - DEBUG - After Noise(Next State): [ 1.8594721e-02  1.4413452e+00 -5.3445440e-02  1.2679030e-01
 -3.5829601e-04  6.5927827e-03  0.0000000e+00  0.0000000e+00]
2025-04-17 13:03:43,040 - DEBUG - Before Noise(Next State): [-0.00216341  1.4234675  -0.06514126  0.10026788  0.00231519  0.05347476
  0.          0.        ]
2025-04-17 13:03:43,040 - DEBUG - After Noise(Next State): [ 0.01974081  1.4453717  -0.06514126  0.10026788  0.00231519  0.05347476
  0.          0.        ]
2025-04-17 13:03:43,059 - DEBUG - Before Noise(Next State): [-0.00278788  1.4251356  -0.06514945  0.07413253  0.00498758  0.0534529
  0.          0.        ]
2025-04-17 13:03:43,060 - DEBUG - After Noise(Next State): [-0.01531557  1.4126079  -0.06514945  0.07413253  0.00498758  0.0534529
  0.          0.        ]
2025-04-17 13:03:43,079 - DEBUG - Before Noise(Next State): [-0.00341244  1.4262158  -0.06515728  0.04799711  0.00766006  0.05345467
  0.          0.        ]
2025-04-17 13:03:43,079 - DEBUG - After Noise(Next State): [-0.03321736  1.3964108  -0.06515728  0.04799711  0.00766006  0.05345467
  0.          0.        ]
2025-04-17 13:03:43,098 - DEBUG - Before Noise(Next State): [-0.00413485  1.4267099  -0.07743208  0.02192993  0.01279136  0.10263531
  0.          0.        ]
2025-04-17 13:03:43,098 - DEBUG - After Noise(Next State): [-2.67728290e-04  1.43057704e+00 -7.74320811e-02  2.19299328e-02
  1.27913635e-02  1.02635309e-01  0.00000000e+00  0.00000000e+00]
2025-04-17 13:03:43,117 - DEBUG - Before Noise(Next State): [-0.00485744  1.4266164  -0.0774476  -0.00420694  0.01792078  0.10259781
  0.          0.        ]
2025-04-17 13:03:43,117 - DEBUG - After Noise(Next State): [-0.00288075  1.4285932  -0.0774476  -0.00420694  0.01792078  0.10259781
  0.          0.        ]
2025-04-17 13:03:43,136 - DEBUG - Before Noise(Next State): [-0.00558033  1.4259353  -0.07746256 -0.03034387  0.02304992  0.10259203
  0.          0.        ]
2025-04-17 13:03:43,136 - DEBUG - After Noise(Next State): [-0.0304915   1.4010241  -0.07746256 -0.03034387  0.02304992  0.10259203
  0.          0.        ]
2025-04-17 13:03:43,154 - DEBUG - Before Noise(Next State): [-0.00622301  1.424669   -0.06741561 -0.05633223  0.02616044  0.06221597
  0.          0.        ]
2025-04-17 13:03:43,155 - DEBUG - After Noise(Next State): [-0.02529143  1.4056005  -0.06741561 -0.05633223  0.02616044  0.06221597
  0.          0.        ]
2025-04-17 13:03:43,175 - DEBUG - Before Noise(Next State): [-0.0069252   1.4228196  -0.07486396 -0.08228232  0.0307603   0.09200545
  0.          0.        ]
2025-04-17 13:03:43,175 - DEBUG - After Noise(Next State): [ 0.0102067   1.4399515  -0.07486396 -0.08228232  0.0307603   0.09200545
  0.          0.        ]
2025-04-17 13:03:43,194 - DEBUG - Before Noise(Next State): [-0.00762758  1.4203825  -0.07487777 -0.1084193   0.03535839  0.09196993
  0.          0.        ]
2025-04-17 13:03:43,194 - DEBUG - After Noise(Next State): [ 0.00261567  1.4306258  -0.07487777 -0.1084193   0.03535839  0.09196993
  0.          0.        ]
2025-04-17 13:03:43,213 - DEBUG - Before Noise(Next State): [-0.00833006  1.4173574  -0.07489102 -0.13455623  0.03995607  0.09196192
  0.          0.        ]
2025-04-17 13:03:43,214 - DEBUG - After Noise(Next State): [ 0.00493763  1.4306251  -0.07489102 -0.13455623  0.03995607  0.09196192
  0.          0.        ]
2025-04-17 13:03:43,237 - DEBUG - Before Noise(Next State): [-0.00897093  1.413748   -0.0671712  -0.1605124   0.04300167  0.06091772
  0.          0.        ]
2025-04-17 13:03:43,238 - DEBUG - After Noise(Next State): [ 0.01418056  1.4368995  -0.0671712  -0.1605124   0.04300167  0.06091772
  0.          0.        ]
2025-04-17 13:03:43,256 - DEBUG - Before Noise(Next State): [-0.00969667  1.4095373  -0.07780851 -0.18730329  0.04818634  0.10370269
  0.          0.        ]
2025-04-17 13:03:43,257 - DEBUG - After Noise(Next State): [-0.00386542  1.4153686  -0.07780851 -0.18730329  0.04818634  0.10370269
  0.          0.        ]
2025-04-17 13:03:43,276 - DEBUG - Before Noise(Next State): [-0.01046772  1.4060224  -0.08231691 -0.1563974   0.05335088  0.10329996
  0.          0.        ]
2025-04-17 13:03:43,276 - DEBUG - After Noise(Next State): [ 0.0072116   1.4237018  -0.08231691 -0.1563974   0.05335088  0.10329996
  0.          0.        ]
2025-04-17 13:03:43,296 - DEBUG - Before Noise(Next State): [-0.01116962  1.401935   -0.07362829 -0.18179137  0.05675847  0.06815829
  0.          0.        ]
2025-04-17 13:03:43,296 - DEBUG - After Noise(Next State): [ 0.00270407  1.4158087  -0.07362829 -0.18179137  0.05675847  0.06815829
  0.          0.        ]
2025-04-17 13:03:43,314 - DEBUG - Before Noise(Next State): [-0.01180983  1.3972747  -0.06587551 -0.20719402  0.0585977   0.03678748
  0.          0.        ]
2025-04-17 13:03:43,315 - DEBUG - After Noise(Next State): [-0.0065951   1.4024894  -0.06587551 -0.20719402  0.0585977   0.03678748
  0.          0.        ]
2025-04-17 13:03:43,334 - DEBUG - Before Noise(Next State): [-0.01254187  1.3920105  -0.07740827 -0.23414092  0.06276077  0.08326897
  0.          0.        ]
2025-04-17 13:03:43,335 - DEBUG - After Noise(Next State): [ 0.00825297  1.4128053  -0.07740827 -0.23414092  0.06276077  0.08326897
  0.          0.        ]
2025-04-17 13:03:43,355 - DEBUG - Before Noise(Next State): [-0.0132741   1.3861583  -0.07742068 -0.26027817  0.06692193  0.08323069
  0.          0.        ]
2025-04-17 13:03:43,355 - DEBUG - After Noise(Next State): [-0.0520119   1.3474206  -0.07742068 -0.26027817  0.06692193  0.08323069
  0.          0.        ]
2025-04-17 13:03:43,372 - DEBUG - Before Noise(Next State): [-0.01392508  1.3797324  -0.06721597 -0.28569463  0.06902252  0.04201541
  0.          0.        ]
2025-04-17 13:03:43,373 - DEBUG - After Noise(Next State): [-0.02020894  1.3734485  -0.06721597 -0.28569463  0.06902252  0.04201541
  0.          0.        ]
2025-04-17 13:03:43,392 - DEBUG - Before Noise(Next State): [-0.01464281  1.3727102  -0.07558828 -0.312268    0.07280727  0.07570185
  0.          0.        ]
2025-04-17 13:03:43,393 - DEBUG - After Noise(Next State): [ 0.00775299  1.3951061  -0.07558828 -0.312268    0.07280727  0.07570185
  0.          0.        ]
2025-04-17 13:03:43,411 - DEBUG - Before Noise(Next State): [-0.01541538  1.3660157  -0.08102101 -0.29772523  0.07654305  0.07472195
  0.          0.        ]
2025-04-17 13:03:43,411 - DEBUG - After Noise(Next State): [-9.2106406e-04  1.3805100e+00 -8.1021011e-02 -2.9772523e-01
  7.6543048e-02  7.4721955e-02  0.0000000e+00  0.0000000e+00]
2025-04-17 13:03:43,430 - DEBUG - Before Noise(Next State): [-0.01610794  1.3587418  -0.07099102 -0.32337528  0.07825926  0.03432739
  0.          0.        ]
2025-04-17 13:03:43,431 - DEBUG - After Noise(Next State): [-0.00733548  1.3675143  -0.07099102 -0.32337528  0.07825926  0.03432739
  0.          0.        ]
2025-04-17 13:03:43,451 - DEBUG - Before Noise(Next State): [-0.01671019  1.3508927  -0.05964549 -0.34881547  0.07768901 -0.01140563
  0.          0.        ]
2025-04-17 13:03:43,451 - DEBUG - After Noise(Next State): [-0.03107236  1.3365304  -0.05964549 -0.34881547  0.07768901 -0.01140563
  0.          0.        ]
2025-04-17 13:03:43,470 - DEBUG - Before Noise(Next State): [-0.01738758  1.3424296  -0.06911746 -0.37620372  0.07904144  0.02704875
  0.          0.        ]
2025-04-17 13:03:43,470 - DEBUG - After Noise(Next State): [ 0.0023934   1.3622106  -0.06911746 -0.37620372  0.07904144  0.02704875
  0.          0.        ]
2025-04-17 13:03:43,490 - DEBUG - Before Noise(Next State): [-0.01798029  1.3333803  -0.05848586 -0.40215147  0.07826591 -0.01551068
  0.          0.        ]
2025-04-17 13:03:43,491 - DEBUG - After Noise(Next State): [-0.0148916   1.336469   -0.05848586 -0.40215147  0.07826591 -0.01551068
  0.          0.        ]
2025-04-17 13:03:43,510 - DEBUG - Before Noise(Next State): [-1.8485641e-02  1.3251441e+00 -5.0500851e-02 -3.6605656e-01
  7.8230940e-02 -6.9905532e-04  0.0000000e+00  0.0000000e+00]
2025-04-17 13:03:43,511 - DEBUG - After Noise(Next State): [-3.9655752e-02  1.3039739e+00 -5.0500851e-02 -3.6605656e-01
  7.8230940e-02 -6.9905532e-04  0.0000000e+00  0.0000000e+00]
2025-04-17 13:03:43,528 - DEBUG - Before Noise(Next State): [-0.01892452  1.3163166  -0.04216802 -0.39223868  0.07653383 -0.03394233
  0.          0.        ]
2025-04-17 13:03:43,528 - DEBUG - After Noise(Next State): [-0.01942296  1.3158182  -0.04216802 -0.39223868  0.07653383 -0.03394233
  0.          0.        ]
2025-04-17 13:03:43,550 - DEBUG - Before Noise(Next State): [-0.01942081  1.3079712  -0.04790273 -0.3708144   0.07482388 -0.03419887
  0.          0.        ]
2025-04-17 13:03:43,550 - DEBUG - After Noise(Next State): [ 0.00622423  1.3336163  -0.04790273 -0.3708144   0.07482388 -0.03419887
  0.          0.        ]
2025-04-17 13:03:43,568 - DEBUG - Before Noise(Next State): [-0.02012157  1.3001618  -0.06765203 -0.34696436  0.07243006 -0.04787639
  0.          0.        ]
2025-04-17 13:03:43,569 - DEBUG - After Noise(Next State): [-0.02205724  1.2982261  -0.06765203 -0.34696436  0.07243006 -0.04787639
  0.          0.        ]
2025-04-17 13:03:43,586 - DEBUG - Before Noise(Next State): [-0.02082224  1.2917646  -0.06765198 -0.37309822  0.07003625 -0.0478764
  0.          0.        ]
2025-04-17 13:03:43,586 - DEBUG - After Noise(Next State): [-0.01481173  1.2977751  -0.06765198 -0.37309822  0.07003625 -0.0478764
  0.          0.        ]
2025-04-17 13:03:43,606 - DEBUG - Before Noise(Next State): [-0.02140036  1.2840134  -0.05622852 -0.34443086  0.06847471 -0.03123043
  0.          0.        ]
2025-04-17 13:03:43,606 - DEBUG - After Noise(Next State): [-0.02400499  1.2814088  -0.05622852 -0.34443086  0.06847471 -0.03123043
  0.          0.        ]
2025-04-17 13:03:43,627 - DEBUG - Before Noise(Next State): [-0.02219782  1.2766254  -0.07735338 -0.32824746  0.06610103 -0.0474738
  0.          0.        ]
2025-04-17 13:03:43,627 - DEBUG - After Noise(Next State): [ 0.01000789  1.3088311  -0.07735338 -0.32824746  0.06610103 -0.0474738
  0.          0.        ]
2025-04-17 13:03:43,653 - DEBUG - Before Noise(Next State): [-0.02307167  1.2686348  -0.08693385 -0.355116    0.06566018 -0.00881698
  0.          0.        ]
2025-04-17 13:03:43,653 - DEBUG - After Noise(Next State): [-0.03400892  1.2576976  -0.08693385 -0.355116    0.06566018 -0.00881698
  0.          0.        ]
2025-04-17 13:03:43,673 - DEBUG - Before Noise(Next State): [-0.02404251  1.2615473  -0.0964945  -0.31497034  0.06507286 -0.01174633
  0.          0.        ]
2025-04-17 13:03:43,674 - DEBUG - After Noise(Next State): [-0.02628537  1.2593045  -0.0964945  -0.31497034  0.06507286 -0.01174633
  0.          0.        ]
2025-04-17 13:03:43,695 - DEBUG - Before Noise(Next State): [-0.02492361  1.2538717  -0.08523513 -0.34101528  0.06223334 -0.05679058
  0.          0.        ]
2025-04-17 13:03:43,696 - DEBUG - After Noise(Next State): [ 0.00184382  1.280639   -0.08523513 -0.34101528  0.06223334 -0.05679058
  0.          0.        ]
2025-04-17 13:03:43,716 - DEBUG - Before Noise(Next State): [-0.02574148  1.2456063  -0.07731128 -0.3671693   0.05781053 -0.08845601
  0.          0.        ]
2025-04-17 13:03:43,717 - DEBUG - After Noise(Next State): [-0.05198441  1.2193633  -0.07731128 -0.3671693   0.05781053 -0.08845601
  0.          0.        ]
2025-04-17 13:03:43,736 - DEBUG - Before Noise(Next State): [-0.0264986   1.23676    -0.06968044 -0.39294687  0.05185432 -0.11912435
  0.          0.        ]
2025-04-17 13:03:43,737 - DEBUG - After Noise(Next State): [-0.0281021   1.2351565  -0.06968044 -0.39294687  0.05185432 -0.11912435
  0.          0.        ]
2025-04-17 13:03:43,754 - DEBUG - Before Noise(Next State): [-0.02725563  1.2273264  -0.0696802  -0.41908318  0.04589812 -0.11912408
  0.          0.        ]
2025-04-17 13:03:43,755 - DEBUG - After Noise(Next State): [-0.04556584  1.2090162  -0.0696802  -0.41908318  0.04589812 -0.11912408
  0.          0.        ]
2025-04-17 13:03:43,773 - DEBUG - Before Noise(Next State): [-0.02794914  1.217313   -0.06170602 -0.44482023  0.03833976 -0.15116711
  0.          0.        ]
2025-04-17 13:03:43,773 - DEBUG - After Noise(Next State): [-0.00688533  1.2383769  -0.06170602 -0.44482023  0.03833976 -0.15116711
  0.          0.        ]
2025-04-17 13:03:43,793 - DEBUG - Before Noise(Next State): [-0.02864275  1.2067125  -0.06170572 -0.47095835  0.03078144 -0.15116653
  0.          0.        ]
2025-04-17 13:03:43,793 - DEBUG - After Noise(Next State): [-0.03398352  1.2013717  -0.06170572 -0.47095835  0.03078144 -0.15116653
  0.          0.        ]
2025-04-17 13:03:43,812 - DEBUG - Before Noise(Next State): [-0.02942562  1.1955099  -0.07291694 -0.4977949   0.02547551 -0.10611868
  0.          0.        ]
2025-04-17 13:03:43,813 - DEBUG - After Noise(Next State): [-0.0342177   1.1907178  -0.07291694 -0.4977949   0.02547551 -0.10611868
  0.          0.        ]
2025-04-17 13:03:43,831 - DEBUG - Before Noise(Next State): [-0.03026934  1.1837199  -0.08054332 -0.52394384  0.02169654 -0.07557969
  0.          0.        ]
2025-04-17 13:03:43,831 - DEBUG - After Noise(Next State): [-0.02804415  1.185945   -0.08054332 -0.52394384  0.02169654 -0.07557969
  0.          0.        ]
2025-04-17 13:03:43,850 - DEBUG - Before Noise(Next State): [-0.03128118  1.1723909  -0.0966373  -0.5034457   0.01721022 -0.08972608
  0.          0.        ]
2025-04-17 13:03:43,850 - DEBUG - After Noise(Next State): [-0.04649279  1.1571794  -0.0966373  -0.5034457   0.01721022 -0.08972608
  0.          0.        ]
2025-04-17 13:03:43,868 - DEBUG - Before Noise(Next State): [-0.03222017  1.1604823  -0.08750338 -0.5292194   0.01089263 -0.12635167
  0.          0.        ]
2025-04-17 13:03:43,869 - DEBUG - After Noise(Next State): [-0.01956662  1.1731359  -0.08750338 -0.5292194   0.01089263 -0.12635167
  0.          0.        ]
2025-04-17 13:03:43,889 - DEBUG - Before Noise(Next State): [-0.03301678  1.1492646  -0.07397202 -0.49853182  0.00527681 -0.11231659
  0.          0.        ]
2025-04-17 13:03:43,889 - DEBUG - After Noise(Next State): [-0.04406445  1.1382169  -0.07397202 -0.49853182  0.00527681 -0.11231659
  0.          0.        ]
2025-04-17 13:03:43,909 - DEBUG - Before Noise(Next State): [-0.03373518  1.1374688  -0.06415071 -0.524253   -0.00230666 -0.15166955
  0.          0.        ]
2025-04-17 13:03:43,910 - DEBUG - After Noise(Next State): [-0.0329761   1.1382279  -0.06415071 -0.524253   -0.00230666 -0.15166955
  0.          0.        ]
2025-04-17 13:03:43,928 - DEBUG - Before Noise(Next State): [-0.03452959  1.1250927  -0.07369131 -0.55006754 -0.00797917 -0.11345019
  0.          0.        ]
2025-04-17 13:03:43,928 - DEBUG - After Noise(Next State): [-0.00976529  1.149857   -0.07369131 -0.55006754 -0.00797917 -0.11345019
  0.          0.        ]
2025-04-17 13:03:43,947 - DEBUG - Before Noise(Next State): [-0.03532391  1.1121291  -0.07369133 -0.5762035  -0.01365168 -0.11344999
  0.          0.        ]
2025-04-17 13:03:43,948 - DEBUG - After Noise(Next State): [-0.01465894  1.132794   -0.07369133 -0.5762035  -0.01365168 -0.11344999
  0.          0.        ]
2025-04-17 13:03:43,966 - DEBUG - Before Noise(Next State): [-0.03611832  1.0985779  -0.07369138 -0.60233957 -0.01932417 -0.11344977
  0.          0.        ]
2025-04-17 13:03:43,966 - DEBUG - After Noise(Next State): [-0.02390426  1.1107919  -0.07369138 -0.60233957 -0.01932417 -0.11344977
  0.          0.        ]
2025-04-17 13:03:43,985 - DEBUG - Before Noise(Next State): [-0.03688078  1.0856941  -0.07058336 -0.5726936  -0.02492433 -0.11200328
  0.          0.        ]
2025-04-17 13:03:43,986 - DEBUG - After Noise(Next State): [-0.03366623  1.0889087  -0.07058336 -0.5726936  -0.02492433 -0.11200328
  0.          0.        ]
2025-04-17 13:03:44,004 - DEBUG - Before Noise(Next State): [-0.03764334  1.0722227  -0.07058345 -0.5988295  -0.03052448 -0.11200301
  0.          0.        ]
2025-04-17 13:03:44,005 - DEBUG - After Noise(Next State): [-0.07085322  1.0390128  -0.07058345 -0.5988295  -0.03052448 -0.11200301
  0.          0.        ]
2025-04-17 13:03:44,024 - DEBUG - Before Noise(Next State): [-0.0384059   1.0581638  -0.07058356 -0.6249655  -0.03612463 -0.11200277
  0.          0.        ]
2025-04-17 13:03:44,024 - DEBUG - After Noise(Next State): [-0.04474953  1.0518202  -0.07058356 -0.6249655  -0.03612463 -0.11200277
  0.          0.        ]
2025-04-17 13:03:44,044 - DEBUG - Before Noise(Next State): [-0.03916836  1.0435174  -0.07058369 -0.65110147 -0.04172475 -0.11200257
  0.          0.        ]
2025-04-17 13:03:44,045 - DEBUG - After Noise(Next State): [-0.02242045  1.0602653  -0.07058369 -0.65110147 -0.04172475 -0.11200257
  0.          0.        ]
2025-04-17 13:03:44,066 - DEBUG - Before Noise(Next State): [-0.03997717  1.0290371  -0.07490579 -0.643742   -0.0476362  -0.11822869
  0.          0.        ]
2025-04-17 13:03:44,067 - DEBUG - After Noise(Next State): [-0.01289417  1.0561202  -0.07490579 -0.643742   -0.0476362  -0.11822869
  0.          0.        ]
2025-04-17 13:03:44,083 - DEBUG - Before Noise(Next State): [-0.04079075  1.0150144  -0.07519625 -0.6234448  -0.05372268 -0.12172979
  0.          0.        ]
2025-04-17 13:03:44,083 - DEBUG - After Noise(Next State): [-0.05291821  1.0028869  -0.07519625 -0.6234448  -0.05372268 -0.12172979
  0.          0.        ]
2025-04-17 13:03:44,104 - DEBUG - Before Noise(Next State): [-0.04169674  1.000412   -0.08679493 -0.64913493 -0.05748068 -0.07515994
  0.          0.        ]
2025-04-17 13:03:44,104 - DEBUG - After Noise(Next State): [-0.06904878  0.97305995 -0.08679493 -0.64913493 -0.05748068 -0.07515994
  0.          0.        ]
2025-04-17 13:03:44,124 - DEBUG - Before Noise(Next State): [-0.04267769  0.98523945 -0.0962235  -0.6744125  -0.05933493 -0.037085
  0.          0.        ]
2025-04-17 13:03:44,125 - DEBUG - After Noise(Next State): [-0.02640787  1.0015093  -0.0962235  -0.6744125  -0.05933493 -0.037085
  0.          0.        ]
2025-04-17 13:03:44,142 - DEBUG - Before Noise(Next State): [-0.04354076  0.9706106  -0.08477566 -0.65022814 -0.06085176 -0.03033658
  0.          0.        ]
2025-04-17 13:03:44,142 - DEBUG - After Noise(Next State): [-0.03566399  0.9784874  -0.08477566 -0.65022814 -0.06085176 -0.03033658
  0.          0.        ]
2025-04-17 13:03:44,163 - DEBUG - Before Noise(Next State): [-0.04430971  0.9553874  -0.07296722 -0.6767549  -0.06473807 -0.07772605
  0.          0.        ]
2025-04-17 13:03:44,163 - DEBUG - After Noise(Next State): [ 0.0015794   1.0012765  -0.07296722 -0.6767549  -0.06473807 -0.07772605
  0.          0.        ]
2025-04-17 13:03:44,181 - DEBUG - Before Noise(Next State): [-0.04514895  0.93957424 -0.08177097 -0.70289993 -0.0668653  -0.0425447
  0.          0.        ]
2025-04-17 13:03:44,182 - DEBUG - After Noise(Next State): [-0.02710698  0.9576162  -0.08177097 -0.70289993 -0.0668653  -0.0425447
  0.          0.        ]
2025-04-17 13:03:44,200 - DEBUG - Before Noise(Next State): [-0.0460783   0.923172   -0.09307006 -0.72897965 -0.06673348  0.00263647
  0.          0.        ]
2025-04-17 13:03:44,200 - DEBUG - After Noise(Next State): [-0.04255119  0.9266991  -0.09307006 -0.72897965 -0.06673348  0.00263647
  0.          0.        ]
2025-04-17 13:03:44,220 - DEBUG - Before Noise(Next State): [-0.04692955  0.90616524 -0.08325737 -0.75594085 -0.06858333 -0.03699718
  0.          0.        ]
2025-04-17 13:03:44,220 - DEBUG - After Noise(Next State): [-0.04109251  0.91200227 -0.08325737 -0.75594085 -0.06858333 -0.03699718
  0.          0.        ]
2025-04-17 13:03:44,238 - DEBUG - Before Noise(Next State): [-0.04784841  0.8885824  -0.09174049 -0.7814683  -0.06872259 -0.00278515
  0.          0.        ]
2025-04-17 13:03:44,238 - DEBUG - After Noise(Next State): [-0.05883699  0.8775938  -0.09174049 -0.7814683  -0.06872259 -0.00278515
  0.          0.        ]
2025-04-17 13:03:44,257 - DEBUG - Before Noise(Next State): [-0.04869461  0.87041146 -0.08264896 -0.8076936  -0.07068062 -0.03916041
  0.          0.        ]
2025-04-17 13:03:44,257 - DEBUG - After Noise(Next State): [-0.05047668  0.8686294  -0.08264896 -0.8076936  -0.07068062 -0.03916041
  0.          0.        ]
2025-04-17 13:03:44,277 - DEBUG - Before Noise(Next State): [-0.04962359  0.85166687 -0.09303562 -0.83308846 -0.070544    0.00273239
  0.          0.        ]
2025-04-17 13:03:44,278 - DEBUG - After Noise(Next State): [-0.02090824  0.8803822  -0.09303562 -0.83308846 -0.070544    0.00273239
  0.          0.        ]
2025-04-17 13:03:44,296 - DEBUG - Before Noise(Next State): [-0.05047398  0.83231694 -0.08316551 -0.8600883  -0.07240225 -0.03716487
  0.          0.        ]
2025-04-17 13:03:44,296 - DEBUG - After Noise(Next State): [-0.05868695  0.82410395 -0.08316551 -0.8600883  -0.07240225 -0.03716487
  0.          0.        ]
2025-04-17 13:03:44,317 - DEBUG - Before Noise(Next State): [-0.05125999  0.8123803  -0.07509454 -0.8862458  -0.0758732  -0.06941906
  0.          0.        ]
2025-04-17 13:03:44,318 - DEBUG - After Noise(Next State): [-0.02596566  0.8376747  -0.07509454 -0.8862458  -0.0758732  -0.06941906
  0.          0.        ]
2025-04-17 13:03:44,335 - DEBUG - Before Noise(Next State): [-0.05195627  0.7918543  -0.06385234 -0.91257244 -0.08159457 -0.11442734
  0.          0.        ]
2025-04-17 13:03:44,335 - DEBUG - After Noise(Next State): [-0.03029053  0.8135201  -0.06385234 -0.91257244 -0.08159457 -0.11442734
  0.          0.        ]
2025-04-17 13:03:44,354 - DEBUG - Before Noise(Next State): [-0.05274057  0.770756   -0.07491095 -0.9378986  -0.08508372 -0.06978299
  0.          0.        ]
2025-04-17 13:03:44,355 - DEBUG - After Noise(Next State): [-0.0490243   0.7744723  -0.07491095 -0.9378986  -0.08508372 -0.06978299
  0.          0.        ]
2025-04-17 13:03:44,374 - DEBUG - Before Noise(Next State): [-0.0535451   0.75006956 -0.07657285 -0.9196213  -0.08892803 -0.07688602
  0.          0.        ]
2025-04-17 13:03:44,374 - DEBUG - After Noise(Next State): [-0.05648566  0.747129   -0.07657285 -0.9196213  -0.08892803 -0.07688602
  0.          0.        ]
2025-04-17 13:03:44,393 - DEBUG - Before Noise(Next State): [-0.05428123  0.7295679  -0.0698397  -0.91142136 -0.09266882 -0.07481577
  0.          0.        ]
2025-04-17 13:03:44,393 - DEBUG - After Noise(Next State): [-0.04374953  0.7400996  -0.0698397  -0.91142136 -0.09266882 -0.07481577
  0.          0.        ]
2025-04-17 13:03:44,413 - DEBUG - Before Noise(Next State): [-0.05501556  0.7091662  -0.06947263 -0.90699065 -0.09659778 -0.07857928
  0.          0.        ]
2025-04-17 13:03:44,414 - DEBUG - After Noise(Next State): [-0.06234239  0.7018394  -0.06947263 -0.90699065 -0.09659778 -0.07857928
  0.          0.        ]
2025-04-17 13:03:44,434 - DEBUG - Before Noise(Next State): [-0.05582504  0.68818474 -0.07888402 -0.93263966 -0.0986331  -0.04070666
  0.          0.        ]
2025-04-17 13:03:44,435 - DEBUG - After Noise(Next State): [-0.08743404  0.65657574 -0.07888402 -0.93263966 -0.0986331  -0.04070666
  0.          0.        ]
2025-04-17 13:03:44,453 - DEBUG - Before Noise(Next State): [-0.05669699  0.6666258  -0.08674251 -0.9582105  -0.09908135 -0.0089652
  0.          0.        ]
2025-04-17 13:03:44,453 - DEBUG - After Noise(Next State): [-0.06741756  0.65590525 -0.08674251 -0.9582105  -0.09908135 -0.0089652
  0.          0.        ]
2025-04-17 13:03:44,473 - DEBUG - Before Noise(Next State): [-0.05748682  0.644455   -0.0764118  -0.98554254 -0.10163327 -0.05103812
  0.          0.        ]
2025-04-17 13:03:44,473 - DEBUG - After Noise(Next State): [-0.05930983  0.642632   -0.0764118  -0.98554254 -0.10163327 -0.05103812
  0.          0.        ]
2025-04-17 13:03:44,492 - DEBUG - Before Noise(Next State): [-0.058358    0.62171286 -0.08664306 -1.0107929  -0.10211289 -0.00959216
  0.          0.        ]
2025-04-17 13:03:44,493 - DEBUG - After Noise(Next State): [-0.04786592  0.63220495 -0.08664306 -1.0107929  -0.10211289 -0.00959216
  0.          0.        ]
2025-04-17 13:03:44,511 - DEBUG - Before Noise(Next State): [-0.05922928  0.5983829  -0.08664306 -1.0369262  -0.1025925  -0.00959211
  0.          0.        ]
2025-04-17 13:03:44,511 - DEBUG - After Noise(Next State): [-0.07644623  0.5811659  -0.08664306 -1.0369262  -0.1025925  -0.00959211
  0.          0.        ]
2025-04-17 13:03:44,530 - DEBUG - Before Noise(Next State): [-0.06010056  0.57446474 -0.08664306 -1.0630596  -0.10307211 -0.00959215
  0.          0.        ]
2025-04-17 13:03:44,531 - DEBUG - After Noise(Next State): [-0.04853066  0.58603466 -0.08664306 -1.0630596  -0.10307211 -0.00959215
  0.          0.        ]
2025-04-17 13:03:44,549 - DEBUG - Before Noise(Next State): [-0.06097174  0.54995865 -0.08664306 -1.0891929  -0.10355172 -0.00959217
  0.          0.        ]
2025-04-17 13:03:44,550 - DEBUG - After Noise(Next State): [-0.08359478  0.5273356  -0.08664306 -1.0891929  -0.10355172 -0.00959217
  0.          0.        ]
2025-04-17 13:03:44,570 - DEBUG - Before Noise(Next State): [-0.06193743  0.5248901  -0.09851916 -1.1140234  -0.10161472  0.03873987
  0.          0.        ]
2025-04-17 13:03:44,572 - DEBUG - After Noise(Next State): [-0.07127472  0.5155528  -0.09851916 -1.1140234  -0.10161472  0.03873987
  0.          0.        ]
2025-04-17 13:03:44,589 - DEBUG - Before Noise(Next State): [-0.06280871  0.50065476 -0.08907689 -1.0769973  -0.0996883   0.03852876
  0.          0.        ]
2025-04-17 13:03:44,590 - DEBUG - After Noise(Next State): [-0.06808653  0.49537694 -0.08907689 -1.0769973  -0.0996883   0.03852876
  0.          0.        ]
2025-04-17 13:03:44,606 - DEBUG - Before Noise(Next State): [-0.06359673  0.47582397 -0.07861853 -1.103605   -0.09986371 -0.00350835
  0.          0.        ]
2025-04-17 13:03:44,607 - DEBUG - After Noise(Next State): [-0.05895856  0.48046213 -0.07861853 -1.103605   -0.09986371 -0.00350835
  0.          0.        ]
2025-04-17 13:03:44,627 - DEBUG - Before Noise(Next State): [-0.06445341  0.45042515 -0.08727191 -1.1287295  -0.0982767   0.03174042
  0.          0.        ]
2025-04-17 13:03:44,628 - DEBUG - After Noise(Next State): [-0.10883182  0.40604675 -0.08727191 -1.1287295  -0.0982767   0.03174042
  0.          0.        ]
2025-04-17 13:03:44,653 - DEBUG - Before Noise(Next State): [-0.06537409  0.42443585 -0.09526818 -1.1548713  -0.09509644  0.06360508
  0.          0.        ]
2025-04-17 13:03:44,653 - DEBUG - After Noise(Next State): [-0.06610831  0.42370164 -0.09526818 -1.1548713  -0.09509644  0.06360508
  0.          0.        ]
2025-04-17 13:03:44,671 - DEBUG - Before Noise(Next State): [-0.06636991  0.39787146 -0.10471559 -1.1803224  -0.09000824  0.10176387
  0.          0.        ]
2025-04-17 13:03:44,672 - DEBUG - After Noise(Next State): [-0.06035086  0.40389052 -0.10471559 -1.1803224  -0.09000824  0.10176387
  0.          0.        ]
2025-04-17 13:03:44,691 - DEBUG - Before Noise(Next State): [-0.06728916  0.37071133 -0.09511797 -1.20693    -0.0868504   0.06315638
  0.          0.        ]
2025-04-17 13:03:44,692 - DEBUG - After Noise(Next State): [-0.06415971  0.37384078 -0.09511797 -1.20693    -0.0868504   0.06315638
  0.          0.        ]
2025-04-17 13:03:44,711 - DEBUG - Before Noise(Next State): [-0.06829319  0.34297258 -0.10574454 -1.232534   -0.08155514  0.10590538
  0.          0.        ]
2025-04-17 13:03:44,712 - DEBUG - After Noise(Next State): [-0.07211976  0.33914602 -0.10574454 -1.232534   -0.08155514  0.10590538
  0.          0.        ]
2025-04-17 13:03:44,732 - DEBUG - Before Noise(Next State): [-0.06936159  0.3146458  -0.1138196  -1.2586037  -0.07464618  0.13817915
  0.          0.        ]
2025-04-17 13:03:44,732 - DEBUG - After Noise(Next State): [-0.10556114  0.27844626 -0.1138196  -1.2586037  -0.07464618  0.13817915
  0.          0.        ]
2025-04-17 13:03:44,752 - DEBUG - Before Noise(Next State): [-0.07050247  0.2857356  -0.12290547 -1.2844821  -0.06591555  0.17461263
  0.          0.        ]
2025-04-17 13:03:44,752 - DEBUG - After Noise(Next State): [-0.06125362  0.29498446 -0.12290547 -1.2844821  -0.06591555  0.17461263
  0.          0.        ]
2025-04-17 13:03:44,773 - DEBUG - Before Noise(Next State): [-0.07164335  0.25623846 -0.12290615 -1.3106217  -0.05718496  0.17461173
  0.          0.        ]
2025-04-17 13:03:44,773 - DEBUG - After Noise(Next State): [-0.07071491  0.2571669  -0.12290615 -1.3106217  -0.05718496  0.17461173
  0.          0.        ]
2025-04-17 13:03:44,791 - DEBUG - Before Noise(Next State): [-0.0726964   0.2261354  -0.11188098 -1.3376732  -0.05067862  0.13012649
  0.          0.        ]
2025-04-17 13:03:44,791 - DEBUG - After Noise(Next State): [-0.07113293  0.22769888 -0.11188098 -1.3376732  -0.05067862  0.13012649
  0.          0.        ]
2025-04-17 13:03:44,813 - DEBUG - Before Noise(Next State): [-0.07367687  0.1954435  -0.10278442 -1.3639308  -0.04599406  0.09369138
  0.          0.        ]
2025-04-17 13:03:44,813 - DEBUG - After Noise(Next State): [-0.05689372  0.21222664 -0.10278442 -1.3639308  -0.04599406  0.09369138
  0.          0.        ]
2025-04-17 13:03:44,834 - DEBUG - Before Noise(Next State): [-0.07465734  0.16416393 -0.10278455 -1.3900659  -0.04130949  0.09369124
  0.          0.        ]
2025-04-17 13:03:44,835 - DEBUG - After Noise(Next State): [-0.09686676  0.14195451 -0.10278455 -1.3900659  -0.04130949  0.09369124
  0.          0.        ]
2025-04-17 13:03:44,851 - DEBUG - Before Noise(Next State): [-0.07572202  0.13231267 -0.11337556 -1.415437   -0.03449378  0.13631395
  0.          0.        ]
2025-04-17 13:03:44,851 - DEBUG - After Noise(Next State): [-0.08327667  0.12475802 -0.11337556 -1.415437   -0.03449378  0.13631395
  0.          0.        ]
2025-04-17 13:03:44,871 - DEBUG - Before Noise(Next State): [-0.0767868   0.09987403 -0.11337578 -1.4415742  -0.02767812  0.13631347
  0.          0.        ]
2025-04-17 13:03:44,871 - DEBUG - After Noise(Next State): [-0.06678174  0.10987909 -0.11337578 -1.4415742  -0.02767812  0.13631347
  0.          0.        ]
2025-04-17 13:03:44,889 - DEBUG - Before Noise(Next State): [-0.07769346  0.0675047  -0.09825303 -1.438515   -0.02018759  0.14981064
  0.          0.        ]
2025-04-17 13:03:44,889 - DEBUG - After Noise(Next State): [-0.08654715  0.05865102 -0.09825303 -1.438515   -0.02018759  0.14981064
  0.          0.        ]
2025-04-17 13:03:44,908 - DEBUG - Before Noise(Next State): [-0.07860021  0.03454815 -0.09825321 -1.464653   -0.01269708  0.14981006
  0.          0.        ]
2025-04-17 13:03:44,909 - DEBUG - After Noise(Next State): [-0.08667332  0.02647504 -0.09825321 -1.464653   -0.01269708  0.14981006
  0.          0.        ]
2025-04-17 13:03:44,929 - DEBUG - Before Noise(Next State): [-7.9579733e-02  1.0137772e-03 -1.0740338e-01 -1.4903653e+00
 -3.3722436e-03  1.8649641e-01  0.0000000e+00  0.0000000e+00]
2025-04-17 13:03:44,929 - DEBUG - After Noise(Next State): [-0.0880182  -0.00742469 -0.10740338 -1.4903653  -0.00337224  0.1864964
  0.          0.        ]
2025-04-17 13:03:44,946 - DEBUG - Before Noise(Next State): [-0.08044853 -0.0323357  -0.09683859 -1.4822078   0.00645685  0.19658186
  1.          1.        ]
2025-04-17 13:03:44,947 - DEBUG - After Noise(Next State): [-0.07881138 -0.03069855 -0.09683859 -1.4822078   0.00645685  0.19658186
  1.          1.        ]
2025-04-17 13:03:44,967 - DEBUG - Before Noise(Next State): [-8.0861285e-02 -4.2780474e-02 -3.8117964e-08  0.0000000e+00
  1.8330866e-04  7.2394107e-07  1.0000000e+00  1.0000000e+00]
2025-04-17 13:03:44,968 - DEBUG - After Noise(Next State): [-9.9444605e-02 -6.1363794e-02 -3.8117964e-08  0.0000000e+00
  1.8330866e-04  7.2394107e-07  1.0000000e+00  1.0000000e+00]
2025-04-17 13:03:44,968 - DEBUG - Episode 5 received a Reward = -85.42888098781566 
2025-04-17 13:03:45,005 - DEBUG - Before Noise(Current State): [ 0.00183306  1.4023969   0.18565597 -0.3788032  -0.0021173  -0.0420538
  0.          0.        ]
2025-04-17 13:03:45,006 - DEBUG - After Noise(Current State): [ 0.00691938  1.4074832   0.18565597 -0.3788032  -0.0021173  -0.0420538
  0.          0.        ]
2025-04-17 13:03:45,026 - DEBUG - Before Noise(Next State): [ 0.00357733  1.3933191   0.17427829 -0.40345648 -0.00196355  0.00307566
  0.          0.        ]
2025-04-17 13:03:45,026 - DEBUG - After Noise(Next State): [ 1.3462899e-03  1.3910881e+00  1.7427829e-01 -4.0345648e-01
 -1.9635451e-03  3.0756623e-03  0.0000000e+00  0.0000000e+00]
2025-04-17 13:03:45,044 - DEBUG - Before Noise(Next State): [ 0.00532169  1.3836528   0.17427765 -0.42961732 -0.00180978  0.00307543
  0.          0.        ]
2025-04-17 13:03:45,044 - DEBUG - After Noise(Next State): [ 0.00284295  1.3811741   0.17427765 -0.42961732 -0.00180978  0.00307543
  0.          0.        ]
2025-04-17 13:03:45,064 - DEBUG - Before Noise(Next State): [ 6.9983480e-03  1.3733902e+00  1.6578427e-01 -4.5611840e-01
  4.7261379e-05  3.7144430e-02  0.0000000e+00  0.0000000e+00]
2025-04-17 13:03:45,064 - DEBUG - After Noise(Next State): [ 1.0738155e-02  1.3771300e+00  1.6578427e-01 -4.5611840e-01
  4.7261379e-05  3.7144430e-02  0.0000000e+00  0.0000000e+00]
2025-04-17 13:03:45,083 - DEBUG - Before Noise(Next State): [ 8.5242270e-03  1.3640937e+00  1.5143116e-01 -4.1317788e-01
  1.1819170e-03  2.2695195e-02  0.0000000e+00  0.0000000e+00]
2025-04-17 13:03:45,084 - DEBUG - After Noise(Next State): [ 1.46927275e-02  1.37026215e+00  1.51431158e-01 -4.13177878e-01
  1.18191703e-03  2.26951949e-02  0.00000000e+00  0.00000000e+00]
2025-04-17 13:03:45,101 - DEBUG - Before Noise(Next State): [ 0.00996542  1.3541992   0.14082792 -0.4397642   0.00444306  0.06522868
  0.          0.        ]
2025-04-17 13:03:45,102 - DEBUG - After Noise(Next State): [ 0.01686486  1.3610986   0.14082792 -0.4397642   0.00444306  0.06522868
  0.          0.        ]
2025-04-17 13:03:45,121 - DEBUG - Before Noise(Next State): [ 0.01147413  1.3437085   0.14929004 -0.46625644  0.00600443  0.0312304
  0.          0.        ]
2025-04-17 13:03:45,122 - DEBUG - After Noise(Next State): [ 0.00946654  1.3417009   0.14929004 -0.46625644  0.00600443  0.0312304
  0.          0.        ]
2025-04-17 13:03:45,140 - DEBUG - Before Noise(Next State): [ 0.01290169  1.3326195   0.13910826 -0.49286     0.00960825  0.07208347
  0.          0.        ]
2025-04-17 13:03:45,140 - DEBUG - After Noise(Next State): [ 0.01082601  1.3305439   0.13910826 -0.49286     0.00960825  0.07208347
  0.          0.        ]
2025-04-17 13:03:45,159 - DEBUG - Before Noise(Next State): [ 0.01427765  1.3224232   0.13416588 -0.4531976   0.01301158  0.06807274
  0.          0.        ]
2025-04-17 13:03:45,159 - DEBUG - After Noise(Next State): [-0.00338334  1.3047622   0.13416588 -0.4531976   0.01301158  0.06807274
  0.          0.        ]
2025-04-17 13:03:45,179 - DEBUG - Before Noise(Next State): [ 0.01571741  1.3116302   0.142144   -0.4796978   0.01481567  0.03608523
  0.          0.        ]
2025-04-17 13:03:45,180 - DEBUG - After Noise(Next State): [ 0.01128959  1.3072025   0.142144   -0.4796978   0.01481567  0.03608523
  0.          0.        ]
2025-04-17 13:03:45,198 - DEBUG - Before Noise(Next State): [ 0.01721725  1.3002489   0.14968722 -0.5058477   0.0151073   0.00583325
  0.          0.        ]
2025-04-17 13:03:45,198 - DEBUG - After Noise(Next State): [ 0.0058285   1.2888601   0.14968722 -0.5058477   0.0151073   0.00583325
  0.          0.        ]
2025-04-17 13:03:45,218 - DEBUG - Before Noise(Next State): [ 0.01877994  1.2882885   0.15758564 -0.5315617   0.01381366 -0.02587506
  0.          0.        ]
2025-04-17 13:03:45,218 - DEBUG - After Noise(Next State): [ 0.06078222  1.3302908   0.15758564 -0.5315617   0.01381366 -0.02587506
  0.          0.        ]
2025-04-17 13:03:45,238 - DEBUG - Before Noise(Next State): [ 0.02041197  1.2757486   0.16626331 -0.5573015   0.01078015 -0.06067597
  0.          0.        ]
2025-04-17 13:03:45,239 - DEBUG - After Noise(Next State): [ 0.02026601  1.2756027   0.16626331 -0.5573015   0.01078015 -0.06067597
  0.          0.        ]
2025-04-17 13:03:45,257 - DEBUG - Before Noise(Next State): [ 0.02195406  1.262628    0.15499046 -0.5831345   0.01000724 -0.01545913
  0.          0.        ]
2025-04-17 13:03:45,257 - DEBUG - After Noise(Next State): [ 0.05770254  1.2983764   0.15499046 -0.5831345   0.01000724 -0.01545913
  0.          0.        ]
2025-04-17 13:03:45,277 - DEBUG - Before Noise(Next State): [ 0.02356634  1.2502491   0.16163372 -0.5501709   0.0096058  -0.00802919
  0.          0.        ]
2025-04-17 13:03:45,277 - DEBUG - After Noise(Next State): [ 0.00332681  1.2300096   0.16163372 -0.5501709   0.0096058  -0.00802919
  0.          0.        ]
2025-04-17 13:03:45,298 - DEBUG - Before Noise(Next State): [ 0.02527437  1.2372804   0.17363408 -0.576368    0.00680036 -0.05611418
  0.          0.        ]
2025-04-17 13:03:45,298 - DEBUG - After Noise(Next State): [ 0.00441232  1.2164183   0.17363408 -0.576368    0.00680036 -0.05611418
  0.          0.        ]
2025-04-17 13:03:45,316 - DEBUG - Before Noise(Next State): [ 0.02692156  1.2237217   0.16600385 -0.60260266  0.00552744 -0.02546048
  0.          0.        ]
2025-04-17 13:03:45,317 - DEBUG - After Noise(Next State): [ 0.03828116  1.2350813   0.16600385 -0.60260266  0.00552744 -0.02546048
  0.          0.        ]
2025-04-17 13:03:45,337 - DEBUG - Before Noise(Next State): [ 0.02856874  1.2095752   0.16600683 -0.62873816  0.00425358 -0.0254795
  0.          0.        ]
2025-04-17 13:03:45,338 - DEBUG - After Noise(Next State): [ 0.01558691  1.1965933   0.16600683 -0.62873816  0.00425358 -0.0254795
  0.          0.        ]
2025-04-17 13:03:45,357 - DEBUG - Before Noise(Next State): [ 0.03021593  1.1948403   0.1660105  -0.65487367  0.00298025 -0.02546902
  0.          0.        ]
2025-04-17 13:03:45,357 - DEBUG - After Noise(Next State): [ 0.02593815  1.1905625   0.1660105  -0.65487367  0.00298025 -0.02546902
  0.          0.        ]
2025-04-17 13:03:45,376 - DEBUG - Before Noise(Next State): [ 0.03186312  1.1795176   0.16601437 -0.6810092   0.00170709 -0.02546565
  0.          0.        ]
2025-04-17 13:03:45,376 - DEBUG - After Noise(Next State): [ 0.06519921  1.2128537   0.16601437 -0.6810092   0.00170709 -0.02546565
  0.          0.        ]
2025-04-17 13:03:45,396 - DEBUG - Before Noise(Next State): [ 3.3510398e-02  1.1636069e+00  1.6601805e-01 -7.0714474e-01
  4.3411131e-04 -2.5462028e-02  0.0000000e+00  0.0000000e+00]
2025-04-17 13:03:45,396 - DEBUG - After Noise(Next State): [ 2.3640396e-02  1.1537368e+00  1.6601805e-01 -7.0714474e-01
  4.3411131e-04 -2.5462028e-02  0.0000000e+00  0.0000000e+00]
2025-04-17 13:03:45,417 - DEBUG - Before Noise(Next State): [ 3.5321046e-02  1.1476737e+00  1.8158379e-01 -7.0814413e-01
 -7.7094744e-05 -1.0225048e-02  0.0000000e+00  0.0000000e+00]
2025-04-17 13:03:45,417 - DEBUG - After Noise(Next State): [ 8.5312501e-03  1.1208839e+00  1.8158379e-01 -7.0814413e-01
 -7.7094744e-05 -1.0225048e-02  0.0000000e+00  0.0000000e+00]
2025-04-17 13:03:45,436 - DEBUG - Before Noise(Next State): [ 3.7131689e-02  1.1311524e+00  1.8158488e-01 -7.3428363e-01
 -5.8889657e-04 -1.0236978e-02  0.0000000e+00  0.0000000e+00]
2025-04-17 13:03:45,436 - DEBUG - After Noise(Next State): [-1.13042025e-02  1.08271646e+00  1.81584880e-01 -7.34283626e-01
 -5.88896568e-04 -1.02369776e-02  0.00000000e+00  0.00000000e+00]
2025-04-17 13:03:45,455 - DEBUG - Before Noise(Next State): [ 3.9063931e-02  1.1147741e+00  1.9316825e-01 -7.2791749e-01
 -5.3730269e-04  1.0318542e-03  0.0000000e+00  0.0000000e+00]
2025-04-17 13:03:45,456 - DEBUG - After Noise(Next State): [ 2.4251292e-02  1.0999615e+00  1.9316825e-01 -7.2791749e-01
 -5.3730269e-04  1.0318542e-03  0.0000000e+00  0.0000000e+00]
2025-04-17 13:03:45,474 - DEBUG - Before Noise(Next State): [ 0.04092436  1.0978136   0.18416391 -0.7538061   0.00131733  0.03709619
  0.          0.        ]
2025-04-17 13:03:45,474 - DEBUG - After Noise(Next State): [ 0.06331658  1.1202059   0.18416391 -0.7538061   0.00131733  0.03709619
  0.          0.        ]
2025-04-17 13:03:45,499 - DEBUG - Before Noise(Next State): [ 0.04278479  1.0802435   0.18415935 -0.78089297  0.00317169  0.03708734
  0.          0.        ]
2025-04-17 13:03:45,500 - DEBUG - After Noise(Next State): [ 0.02009962  1.0575583   0.18415935 -0.78089297  0.00317169  0.03708734
  0.          0.        ]
2025-04-17 13:03:45,519 - DEBUG - Before Noise(Next State): [ 0.04464521  1.0620855   0.18415935 -0.80702657  0.00502604  0.03708717
  0.          0.        ]
2025-04-17 13:03:45,520 - DEBUG - After Noise(Next State): [ 0.00512547  1.0225657   0.18415935 -0.80702657  0.00502604  0.03708717
  0.          0.        ]
2025-04-17 13:03:45,537 - DEBUG - Before Noise(Next State): [ 0.04650564  1.0433395   0.18415937 -0.83316016  0.00688039  0.03708716
  0.          0.        ]
2025-04-17 13:03:45,538 - DEBUG - After Noise(Next State): [ 0.07219841  1.0690323   0.18415937 -0.83316016  0.00688039  0.03708716
  0.          0.        ]
2025-04-17 13:03:45,558 - DEBUG - Before Noise(Next State): [ 0.04836607  1.0240058   0.18415937 -0.85929376  0.00873474  0.03708708
  0.          0.        ]
2025-04-17 13:03:45,559 - DEBUG - After Noise(Next State): [ 0.04098633  1.016626    0.18415937 -0.85929376  0.00873474  0.03708708
  0.          0.        ]
2025-04-17 13:03:45,581 - DEBUG - Before Noise(Next State): [ 0.0502265   1.0040839   0.18415937 -0.88542736  0.01058909  0.03708706
  0.          0.        ]
2025-04-17 13:03:45,582 - DEBUG - After Noise(Next State): [ 0.05941511  1.0132725   0.18415937 -0.88542736  0.01058909  0.03708706
  0.          0.        ]
2025-04-17 13:03:45,599 - DEBUG - Before Noise(Next State): [ 0.05208693  0.9835741   0.18415937 -0.91156095  0.01244344  0.037087
  0.          0.        ]
2025-04-17 13:03:45,600 - DEBUG - After Noise(Next State): [ 0.04141508  0.97290224  0.18415937 -0.91156095  0.01244344  0.037087
  0.          0.        ]
2025-04-17 13:03:45,619 - DEBUG - Before Noise(Next State): [ 0.05396576  0.96364707  0.18586966 -0.88566357  0.01442824  0.03969619
  0.          0.        ]
2025-04-17 13:03:45,619 - DEBUG - After Noise(Next State): [ 0.03557502  0.94525635  0.18586966 -0.88566357  0.01442824  0.03969619
  0.          0.        ]
2025-04-17 13:03:45,638 - DEBUG - Before Noise(Next State): [ 0.05593805  0.9445912   0.19472152 -0.84695464  0.01691113  0.04965772
  0.          0.        ]
2025-04-17 13:03:45,639 - DEBUG - After Noise(Next State): [ 0.08032118  0.96897435  0.19472152 -0.84695464  0.01691113  0.04965772
  0.          0.        ]
2025-04-17 13:03:45,658 - DEBUG - Before Noise(Next State): [ 0.05799599  0.9249546   0.20545869 -0.87273735  0.01724181  0.00661347
  0.          0.        ]
2025-04-17 13:03:45,659 - DEBUG - After Noise(Next State): [ 0.06721316  0.9341718   0.20545869 -0.87273735  0.01724181  0.00661347
  0.          0.        ]
2025-04-17 13:03:45,679 - DEBUG - Before Noise(Next State): [ 0.05998106  0.904724    0.19630058 -0.89916867  0.0194082   0.04332795
  0.          0.        ]
2025-04-17 13:03:45,680 - DEBUG - After Noise(Next State): [ 0.05879837  0.9035413   0.19630058 -0.89916867  0.0194082   0.04332795
  0.          0.        ]
2025-04-17 13:03:45,696 - DEBUG - Before Noise(Next State): [ 0.06187534  0.8839032   0.18493323 -0.9254354   0.02385163  0.0888686
  0.          0.        ]
2025-04-17 13:03:45,697 - DEBUG - After Noise(Next State): [ 0.0949701   0.91699797  0.18493323 -0.9254354   0.02385163  0.0888686
  0.          0.        ]
2025-04-17 13:03:45,714 - DEBUG - Before Noise(Next State): [ 0.06367226  0.8625004   0.17270856 -0.9513588   0.03074062  0.13777974
  0.          0.        ]
2025-04-17 13:03:45,715 - DEBUG - After Noise(Next State): [ 0.05910195  0.8579301   0.17270856 -0.9513588   0.03074062  0.13777974
  0.          0.        ]
2025-04-17 13:03:45,739 - DEBUG - Before Noise(Next State): [ 0.06535606  0.8415558   0.16183761 -0.93102324  0.0372065   0.12931785
  0.          0.        ]
2025-04-17 13:03:45,739 - DEBUG - After Noise(Next State): [ 0.075409    0.8516087   0.16183761 -0.93102324  0.0372065   0.12931785
  0.          0.        ]
2025-04-17 13:03:45,758 - DEBUG - Before Noise(Next State): [ 0.06703997  0.8200237   0.16183779 -0.95716006  0.04367238  0.12931749
  0.          0.        ]
2025-04-17 13:03:45,759 - DEBUG - After Noise(Next State): [ 0.09325682  0.8462406   0.16183779 -0.95716006  0.04367238  0.12931749
  0.          0.        ]
2025-04-17 13:03:45,777 - DEBUG - Before Noise(Next State): [ 0.06872378  0.79790413  0.16183801 -0.98329693  0.05013824  0.12931713
  0.          0.        ]
2025-04-17 13:03:45,778 - DEBUG - After Noise(Next State): [ 0.04501274  0.7741931   0.16183801 -0.98329693  0.05013824  0.12931713
  0.          0.        ]
2025-04-17 13:03:45,797 - DEBUG - Before Noise(Next State): [ 0.07048492  0.7752051   0.17154482 -1.0090045   0.05465448  0.09032505
  0.          0.        ]
2025-04-17 13:03:45,798 - DEBUG - After Noise(Next State): [ 0.07687653  0.78159666  0.17154482 -1.0090045   0.05465448  0.09032505
  0.          0.        ]
2025-04-17 13:03:45,815 - DEBUG - Before Noise(Next State): [ 0.07230787  0.75191545  0.1792927  -1.0352055   0.05762284  0.05936734
  0.          0.        ]
2025-04-17 13:03:45,815 - DEBUG - After Noise(Next State): [ 0.09370573  0.7733133   0.1792927  -1.0352055   0.05762284  0.05936734
  0.          0.        ]
2025-04-17 13:03:45,835 - DEBUG - Before Noise(Next State): [ 0.07413082  0.7280381   0.17929275 -1.0613396   0.06059122  0.05936726
  0.          0.        ]
2025-04-17 13:03:45,835 - DEBUG - After Noise(Next State): [ 0.05639356  0.7103008   0.17929275 -1.0613396   0.06059122  0.05936726
  0.          0.        ]
2025-04-17 13:03:45,855 - DEBUG - Before Noise(Next State): [ 0.07595368  0.70357263  0.17929281 -1.0874736   0.06355958  0.05936723
  0.          0.        ]
2025-04-17 13:03:45,856 - DEBUG - After Noise(Next State): [ 0.09305128  0.7206702   0.17929281 -1.0874736   0.06355958  0.05936723
  0.          0.        ]
2025-04-17 13:03:45,873 - DEBUG - Before Noise(Next State): [ 0.07776375  0.6791874   0.1779272  -1.0839235   0.0665993   0.06079442
  0.          0.        ]
2025-04-17 13:03:45,873 - DEBUG - After Noise(Next State): [ 0.05601391  0.65743756  0.1779272  -1.0839235   0.0665993   0.06079442
  0.          0.        ]
2025-04-17 13:03:45,897 - DEBUG - Before Noise(Next State): [ 0.07966242  0.65422857  0.1890651  -1.1093184   0.06739483  0.01591072
  0.          0.        ]
2025-04-17 13:03:45,898 - DEBUG - After Noise(Next State): [ 0.1055357   0.6801019   0.1890651  -1.1093184   0.06739483  0.01591072
  0.          0.        ]
2025-04-17 13:03:45,917 - DEBUG - Before Noise(Next State): [ 0.0815011   0.6286743   0.18152885 -1.135852    0.06970638  0.04623107
  0.          0.        ]
2025-04-17 13:03:45,918 - DEBUG - After Noise(Next State): [ 0.06219054  0.6093638   0.18152885 -1.135852    0.06970638  0.04623107
  0.          0.        ]
2025-04-17 13:03:45,934 - DEBUG - Before Noise(Next State): [ 0.08333979  0.602532    0.1815289  -1.1619858   0.07201792  0.04623102
  0.          0.        ]
2025-04-17 13:03:45,935 - DEBUG - After Noise(Next State): [ 0.06279875  0.58199096  0.1815289  -1.1619858   0.07201792  0.04623102
  0.          0.        ]
2025-04-17 13:03:45,954 - DEBUG - Before Noise(Next State): [ 0.08517847  0.5758019   0.18152894 -1.1881196   0.07432947  0.04623098
  0.          0.        ]
2025-04-17 13:03:45,955 - DEBUG - After Noise(Next State): [ 0.03417731  0.5248008   0.18152894 -1.1881196   0.07432947  0.04623098
  0.          0.        ]
2025-04-17 13:03:45,983 - DEBUG - Before Noise(Next State): [ 0.08694067  0.54975975  0.17394963 -1.1575434   0.07658113  0.04503322
  0.          0.        ]
2025-04-17 13:03:45,985 - DEBUG - After Noise(Next State): [ 0.07733069  0.54014975  0.17394963 -1.1575434   0.07658113  0.04503322
  0.          0.        ]
2025-04-17 13:03:46,001 - DEBUG - Before Noise(Next State): [ 0.08878593  0.52314055  0.18437037 -1.1830841   0.07673483  0.00307431
  0.          0.        ]
2025-04-17 13:03:46,002 - DEBUG - After Noise(Next State): [ 0.07730767  0.5116623   0.18437037 -1.1830841   0.07673483  0.00307431
  0.          0.        ]
2025-04-17 13:03:48,638 - DEBUG - Before Noise(Next State): [ 0.09070339  0.49594346  0.19342023 -1.2086726   0.07506569 -0.03338244
  0.          0.        ]
2025-04-17 13:03:48,638 - DEBUG - After Noise(Next State): [ 0.10175833  0.5069984   0.19342023 -1.2086726   0.07506569 -0.03338244
  0.          0.        ]
2025-04-17 13:03:48,658 - DEBUG - Before Noise(Next State): [ 0.09271888  0.4681635   0.20574006 -1.234461    0.07092655 -0.08278303
  0.          0.        ]
2025-04-17 13:03:48,658 - DEBUG - After Noise(Next State): [ 0.06709579  0.4425404   0.20574006 -1.234461    0.07092655 -0.08278303
  0.          0.        ]
2025-04-17 13:03:48,676 - DEBUG - Before Noise(Next State): [ 0.09473439  0.43979573  0.20574021 -1.2605957   0.06678741 -0.08278291
  0.          0.        ]
2025-04-17 13:03:48,676 - DEBUG - After Noise(Next State): [ 0.08935733  0.43441868  0.20574021 -1.2605957   0.06678741 -0.08278291
  0.          0.        ]
2025-04-17 13:03:48,695 - DEBUG - Before Noise(Next State): [ 0.09674998  0.41084027  0.20574036 -1.2867304   0.06264827 -0.08278282
  0.          0.        ]
2025-04-17 13:03:48,696 - DEBUG - After Noise(Next State): [ 0.1398552   0.4539455   0.20574036 -1.2867304   0.06264827 -0.08278282
  0.          0.        ]
2025-04-17 13:03:48,717 - DEBUG - Before Noise(Next State): [ 0.09876547  0.381297    0.2057405  -1.3128651   0.05850914 -0.08278275
  0.          0.        ]
2025-04-17 13:03:48,718 - DEBUG - After Noise(Next State): [ 0.10009285  0.3826244   0.2057405  -1.3128651   0.05850914 -0.08278275
  0.          0.        ]
2025-04-17 13:03:48,742 - DEBUG - Before Noise(Next State): [ 0.10072041  0.35261285  0.19969705 -1.2746906   0.05435135 -0.08315583
  0.          0.        ]
2025-04-17 13:03:48,755 - DEBUG - After Noise(Next State): [ 0.08739108  0.33928353  0.19969705 -1.2746906   0.05435135 -0.08315583
  0.          0.        ]
2025-04-17 13:03:48,778 - DEBUG - Before Noise(Next State): [ 0.10258512  0.3233393   0.18839182 -1.3009799   0.05245744 -0.03787842
  0.          0.        ]
2025-04-17 13:03:48,779 - DEBUG - After Noise(Next State): [ 0.10081518  0.32156938  0.18839182 -1.3009799   0.05245744 -0.03787842
  0.          0.        ]
2025-04-17 13:03:48,797 - DEBUG - Before Noise(Next State): [ 0.10451784  0.2934916   0.19693384 -1.3264396   0.04884182 -0.07231247
  0.          0.        ]
2025-04-17 13:03:48,797 - DEBUG - After Noise(Next State): [ 0.10786174  0.2968355   0.19693384 -1.3264396   0.04884182 -0.07231247
  0.          0.        ]
2025-04-17 13:03:48,816 - DEBUG - Before Noise(Next State): [ 0.1063921   0.2637412   0.19125444 -1.3221215   0.04505929 -0.07565058
  0.          0.        ]
2025-04-17 13:03:48,817 - DEBUG - After Noise(Next State): [ 0.10791784  0.26526693  0.19125444 -1.3221215   0.04505929 -0.07565058
  0.          0.        ]
2025-04-17 13:03:48,837 - DEBUG - Before Noise(Next State): [ 0.10817166  0.23339589  0.17937133 -1.3486377   0.04366065 -0.02797321
  0.          0.        ]
2025-04-17 13:03:48,838 - DEBUG - After Noise(Next State): [ 0.11475892  0.23998316  0.17937133 -1.3486377   0.04366065 -0.02797321
  0.          0.        ]
2025-04-17 13:03:48,859 - DEBUG - Before Noise(Next State): [ 0.11002903  0.20396627  0.18658346 -1.3079567   0.04282439 -0.01672512
  0.          0.        ]
2025-04-17 13:03:48,859 - DEBUG - After Noise(Next State): [ 0.07008456  0.1640218   0.18658346 -1.3079567   0.04282439 -0.01672512
  0.          0.        ]
2025-04-17 13:03:48,879 - DEBUG - Before Noise(Next State): [ 0.11174688  0.17484263  0.1731638  -1.2943451   0.04146155 -0.02725675
  0.          0.        ]
2025-04-17 13:03:48,880 - DEBUG - After Noise(Next State): [ 0.12228977  0.18538551  0.1731638  -1.2943451   0.04146155 -0.02725675
  0.          0.        ]
2025-04-17 13:03:48,898 - DEBUG - Before Noise(Next State): [ 0.11358337  0.14663166  0.18428038 -1.2538065   0.04083936 -0.01244402
  0.          0.        ]
2025-04-17 13:03:48,900 - DEBUG - After Noise(Next State): [ 0.12255584  0.15560412  0.18428038 -1.2538065   0.04083936 -0.01244402
  0.          0.        ]
2025-04-17 13:03:48,917 - DEBUG - Before Noise(Next State): [ 1.15532875e-01  1.18882738e-01  1.94913566e-01 -1.23328531e+00
  4.08717245e-02  6.47245965e-04  0.00000000e+00  0.00000000e+00]
2025-04-17 13:03:48,917 - DEBUG - After Noise(Next State): [ 1.20476805e-01  1.23826668e-01  1.94913566e-01 -1.23328531e+00
  4.08717245e-02  6.47245965e-04  0.00000000e+00  0.00000000e+00]
2025-04-17 13:03:48,943 - DEBUG - Before Noise(Next State): [ 0.11755037  0.09054723  0.20346121 -1.2593105   0.03919207 -0.03359322
  0.          0.        ]
2025-04-17 13:03:48,943 - DEBUG - After Noise(Next State): [ 0.14681715  0.11981402  0.20346121 -1.2593105   0.03919207 -0.03359322
  0.          0.        ]
2025-04-17 13:03:48,962 - DEBUG - Before Noise(Next State): [ 0.11938953  0.06280862  0.1863024  -1.2327638   0.03683085 -0.04722434
  0.          0.        ]
2025-04-17 13:03:48,963 - DEBUG - After Noise(Next State): [ 0.1035945   0.04701358  0.1863024  -1.2327638   0.03683085 -0.04722434
  0.          0.        ]
2025-04-17 13:03:48,981 - DEBUG - Before Noise(Next State): [ 0.1212286   0.0344822   0.18630242 -1.2588977   0.03446963 -0.04722431
  0.          0.        ]
2025-04-17 13:03:48,981 - DEBUG - After Noise(Next State): [ 0.10457765  0.01783125  0.18630242 -1.2588977   0.03446963 -0.04722431
  0.          0.        ]
2025-04-17 13:03:49,001 - DEBUG - Before Noise(Next State): [ 0.12298918  0.00556513  0.17644426 -1.2851943   0.03408361 -0.00772049
  0.          0.        ]
2025-04-17 13:03:49,001 - DEBUG - After Noise(Next State): [ 0.13222343  0.01479938  0.17644426 -1.2851943   0.03408361 -0.00772049
  0.          0.        ]
2025-04-17 13:03:49,018 - DEBUG - Before Noise(Next State): [ 0.12466125 -0.0230446   0.16790903 -1.271527    0.03338257 -0.01402067
  1.          1.        ]
2025-04-17 13:03:49,018 - DEBUG - After Noise(Next State): [ 0.1081455  -0.03956036  0.16790903 -1.271527    0.03338257 -0.01402067
  1.          1.        ]
2025-04-17 13:03:49,038 - DEBUG - Before Noise(Next State): [ 1.2608719e-01 -4.2818669e-02  1.2562338e-01  5.2798580e-08
  3.0825569e-04  6.3570059e-07  1.0000000e+00  1.0000000e+00]
2025-04-17 13:03:49,038 - DEBUG - After Noise(Next State): [ 1.08989894e-01 -5.99159598e-02  1.25623375e-01  5.27985797e-08
  3.08255694e-04  6.35700587e-07  1.00000000e+00  1.00000000e+00]
2025-04-17 13:03:49,039 - DEBUG - Episode 6 received a Reward = -47.905307932571276 
2025-04-17 13:03:49,077 - DEBUG - Before Noise(Current State): [ 0.00451403  1.4026184   0.4572045  -0.36897424 -0.00522381 -0.10356356
  0.          0.        ]
2025-04-17 13:03:49,078 - DEBUG - After Noise(Current State): [-0.03143846  1.366666    0.4572045  -0.36897424 -0.00522381 -0.10356356
  0.          0.        ]
2025-04-17 13:03:49,097 - DEBUG - Before Noise(Next State): [ 0.00902815  1.3937521   0.45658702 -0.3940818  -0.01034144 -0.10236176
  0.          0.        ]
2025-04-17 13:03:49,097 - DEBUG - After Noise(Next State): [-0.01334201  1.371382    0.45658702 -0.3940818  -0.01034144 -0.10236176
  0.          0.        ]
2025-04-17 13:03:49,116 - DEBUG - Before Noise(Next State): [ 0.01369696  1.3849775   0.4713158  -0.3900192  -0.01473658 -0.08791076
  0.          0.        ]
2025-04-17 13:03:49,117 - DEBUG - After Noise(Next State): [ 0.04316369  1.4144442   0.4713158  -0.3900192  -0.01473658 -0.08791076
  0.          0.        ]
2025-04-17 13:03:49,135 - DEBUG - Before Noise(Next State): [ 0.01835012  1.3768109   0.4698949  -0.3630074  -0.01926271 -0.09053102
  0.          0.        ]
2025-04-17 13:03:49,135 - DEBUG - After Noise(Next State): [ 0.00887945  1.3673402   0.4698949  -0.3630074  -0.01926271 -0.09053102
  0.          0.        ]
2025-04-17 13:03:49,155 - DEBUG - Before Noise(Next State): [ 0.02309904  1.368054    0.48190388 -0.38930428 -0.0261938  -0.13863471
  0.          0.        ]
2025-04-17 13:03:49,155 - DEBUG - After Noise(Next State): [ 0.0221796   1.3671346   0.48190388 -0.38930428 -0.0261938  -0.13863471
  0.          0.        ]
2025-04-17 13:03:49,173 - DEBUG - Before Noise(Next State): [ 0.02784824  1.3587098   0.48192534 -0.41543773 -0.03312283 -0.13859302
  0.          0.        ]
2025-04-17 13:03:49,173 - DEBUG - After Noise(Next State): [ 0.0178878   1.3487494   0.48192534 -0.41543773 -0.03312283 -0.13859302
  0.          0.        ]
2025-04-17 13:03:49,192 - DEBUG - Before Noise(Next State): [ 0.03266382  1.3493378   0.48830146 -0.41670138 -0.03979444 -0.13344494
  0.          0.        ]
2025-04-17 13:03:49,192 - DEBUG - After Noise(Next State): [ 0.04994066  1.3666147   0.48830146 -0.41670138 -0.03979444 -0.13344494
  0.          0.        ]
2025-04-17 13:03:49,213 - DEBUG - Before Noise(Next State): [ 0.03757267  1.3393657   0.49999818 -0.4434663  -0.04881388 -0.1804051
  0.          0.        ]
2025-04-17 13:03:49,213 - DEBUG - After Noise(Next State): [ 0.03296895  1.334762    0.49999818 -0.4434663  -0.04881388 -0.1804051
  0.          0.        ]
2025-04-17 13:03:49,247 - DEBUG - Before Noise(Next State): [ 0.04259481  1.3296169   0.5109133  -0.43358645 -0.05741864 -0.17211138
  0.          0.        ]
2025-04-17 13:03:49,249 - DEBUG - After Noise(Next State): [ 0.05591804  1.3429401   0.5109133  -0.43358645 -0.05741864 -0.17211138
  0.          0.        ]
2025-04-17 13:03:49,299 - DEBUG - Before Noise(Next State): [ 0.04758539  1.320744    0.5081703  -0.39471626 -0.06643923 -0.18042801
  0.          0.        ]
2025-04-17 13:03:49,299 - DEBUG - After Noise(Next State): [ 0.08438699  1.3575456   0.5081703  -0.39471626 -0.06643923 -0.18042801
  0.          0.        ]
2025-04-17 13:03:49,320 - DEBUG - Before Noise(Next State): [ 0.05268774  1.3128185   0.5191217  -0.3526534  -0.07525256 -0.17628288
  0.          0.        ]
2025-04-17 13:03:49,321 - DEBUG - After Noise(Next State): [ 0.01434546  1.2744763   0.5191217  -0.3526534  -0.07525256 -0.17628288
  0.          0.        ]
2025-04-17 13:03:49,339 - DEBUG - Before Noise(Next State): [ 0.05779018  1.3043061   0.51914585 -0.37880176 -0.0840648  -0.17626128
  0.          0.        ]
2025-04-17 13:03:49,340 - DEBUG - After Noise(Next State): [ 0.05118227  1.2976983   0.51914585 -0.37880176 -0.0840648  -0.17626128
  0.          0.        ]
2025-04-17 13:03:49,363 - DEBUG - Before Noise(Next State): [ 0.06289311  1.2952068   0.51917136 -0.4049383  -0.09287564 -0.17623273
  0.          0.        ]
2025-04-17 13:03:49,363 - DEBUG - After Noise(Next State): [ 0.0479637   1.2802774   0.51917136 -0.4049383  -0.09287564 -0.17623273
  0.          0.        ]
2025-04-17 13:03:49,402 - DEBUG - Before Noise(Next State): [ 0.06813498  1.2864058   0.53266984 -0.39169845 -0.10129137 -0.16833043
  0.          0.        ]
2025-04-17 13:03:49,403 - DEBUG - After Noise(Next State): [ 0.04464462  1.2629155   0.53266984 -0.39169845 -0.10129137 -0.16833043
  0.          0.        ]
2025-04-17 13:03:49,427 - DEBUG - Before Noise(Next State): [ 0.07347612  1.2770143   0.5450617  -0.41817304 -0.11218479 -0.21788819
  0.          0.        ]
2025-04-17 13:03:49,428 - DEBUG - After Noise(Next State): [ 0.04941363  1.2529517   0.5450617  -0.41817304 -0.11218479 -0.21788819
  0.          0.        ]
2025-04-17 13:03:49,447 - DEBUG - Before Noise(Next State): [ 0.0787323   1.2670475   0.534392   -0.44364777 -0.12091603 -0.17464057
  0.          0.        ]
2025-04-17 13:03:49,448 - DEBUG - After Noise(Next State): [ 0.07777557  1.2660908   0.534392   -0.44364777 -0.12091603 -0.17464057
  0.          0.        ]
2025-04-17 13:03:49,471 - DEBUG - Before Noise(Next State): [ 0.08392592  1.2565103   0.52651274 -0.46891496 -0.12803549 -0.14240226
  0.          0.        ]
2025-04-17 13:03:49,471 - DEBUG - After Noise(Next State): [ 0.05702     1.2296044   0.52651274 -0.46891496 -0.12803549 -0.14240226
  0.          0.        ]
2025-04-17 13:03:49,518 - DEBUG - Before Noise(Next State): [ 0.08903465  1.2453917   0.5158579  -0.49459717 -0.13301057 -0.09951
  0.          0.        ]
2025-04-17 13:03:49,519 - DEBUG - After Noise(Next State): [ 0.09568802  1.2520452   0.5158579  -0.49459717 -0.13301057 -0.09951
  0.          0.        ]
2025-04-17 13:03:49,537 - DEBUG - Before Noise(Next State): [ 0.09438457  1.234382    0.53914315 -0.48969373 -0.13715519 -0.08290004
  0.          0.        ]
2025-04-17 13:03:49,538 - DEBUG - After Noise(Next State): [ 0.11434896  1.2543464   0.53914315 -0.48969373 -0.13715519 -0.08290004
  0.          0.        ]
2025-04-17 13:03:49,561 - DEBUG - Before Noise(Next State): [ 0.0998641   1.2239405   0.5519936  -0.46445137 -0.14119184 -0.08073986
  0.          0.        ]
2025-04-17 13:03:49,562 - DEBUG - After Noise(Next State): [ 0.06535735  1.1894337   0.5519936  -0.46445137 -0.14119184 -0.08073986
  0.          0.        ]
2025-04-17 13:03:49,585 - DEBUG - Before Noise(Next State): [ 0.10534382  1.2129108   0.5520029  -0.49059522 -0.14522757 -0.08072178
  0.          0.        ]
2025-04-17 13:03:49,586 - DEBUG - After Noise(Next State): [ 0.08754109  1.195108    0.5520029  -0.49059522 -0.14522757 -0.08072178
  0.          0.        ]
2025-04-17 13:03:49,615 - DEBUG - Before Noise(Next State): [ 0.11082363  1.2012935   0.5520145  -0.51672924 -0.14926268 -0.08070923
  0.          0.        ]
2025-04-17 13:03:49,617 - DEBUG - After Noise(Next State): [ 0.08825367  1.1787235   0.5520145  -0.51672924 -0.14926268 -0.08070923
  0.          0.        ]
2025-04-17 13:03:49,635 - DEBUG - Before Noise(Next State): [ 0.11621495  1.1890999   0.5409266  -0.542112   -0.15105605 -0.03587044
  0.          0.        ]
2025-04-17 13:03:49,635 - DEBUG - After Noise(Next State): [ 0.07901353  1.1518985   0.5409266  -0.542112   -0.15105605 -0.03587044
  0.          0.        ]
2025-04-17 13:03:49,654 - DEBUG - Before Noise(Next State): [ 0.12158708  1.1769671   0.5394065  -0.5394625  -0.15323961 -0.04367521
  0.          0.        ]
2025-04-17 13:03:49,655 - DEBUG - After Noise(Next State): [ 0.14363638  1.1990165   0.5394065  -0.5394625  -0.15323961 -0.04367521
  0.          0.        ]
2025-04-17 13:03:49,673 - DEBUG - Before Noise(Next State): [ 0.12688199  1.1642641   0.5296921  -0.5645996  -0.15344009 -0.00400988
  0.          0.        ]
2025-04-17 13:03:49,673 - DEBUG - After Noise(Next State): [ 0.12634493  1.163727    0.5296921  -0.5645996  -0.15344009 -0.00400988
  0.          0.        ]
2025-04-17 13:03:49,693 - DEBUG - Before Noise(Next State): [ 0.13227034  1.15094     0.5414506  -0.59246    -0.1560573  -0.05234445
  0.          0.        ]
2025-04-17 13:03:49,694 - DEBUG - After Noise(Next State): [ 0.15103273  1.1697023   0.5414506  -0.59246    -0.1560573  -0.05234445
  0.          0.        ]
2025-04-17 13:03:49,713 - DEBUG - Before Noise(Next State): [ 0.13766737  1.137862    0.54268485 -0.58154804 -0.159034   -0.05953376
  0.          0.        ]
2025-04-17 13:03:49,714 - DEBUG - After Noise(Next State): [ 0.1048553   1.1050498   0.54268485 -0.58154804 -0.159034   -0.05953376
  0.          0.        ]
2025-04-17 13:03:49,733 - DEBUG - Before Noise(Next State): [ 0.14298697  1.1242151   0.5329524  -0.6066359  -0.16002364 -0.01979299
  0.          0.        ]
2025-04-17 13:03:49,735 - DEBUG - After Noise(Next State): [ 0.18135732  1.1625855   0.5329524  -0.6066359  -0.16002364 -0.01979299
  0.          0.        ]
2025-04-17 13:03:49,767 - DEBUG - Before Noise(Next State): [ 0.14828424  1.1114326   0.53152823 -0.56830907 -0.16182843 -0.03609568
  0.          0.        ]
2025-04-17 13:03:49,768 - DEBUG - After Noise(Next State): [ 0.15784733  1.1209956   0.53152823 -0.56830907 -0.16182843 -0.03609568
  0.          0.        ]
2025-04-17 13:03:49,817 - DEBUG - Before Noise(Next State): [ 0.15370302  1.09954     0.54386604 -0.5287769  -0.16381162 -0.0396639
  0.          0.        ]
2025-04-17 13:03:49,817 - DEBUG - After Noise(Next State): [ 0.16652651  1.1123635   0.54386604 -0.5287769  -0.16381162 -0.0396639
  0.          0.        ]
2025-04-17 13:03:49,842 - DEBUG - Before Noise(Next State): [ 0.15905389  1.0870795   0.5353196  -0.55382603 -0.16403931 -0.00455373
  0.          0.        ]
2025-04-17 13:03:49,842 - DEBUG - After Noise(Next State): [ 0.16026789  1.0882936   0.5353196  -0.55382603 -0.16403931 -0.00455373
  0.          0.        ]
2025-04-17 13:03:49,865 - DEBUG - Before Noise(Next State): [ 0.16433592  1.0740469   0.52666175 -0.57905716 -0.16250074  0.03077123
  0.          0.        ]
2025-04-17 13:03:49,866 - DEBUG - After Noise(Next State): [ 0.16411006  1.073821    0.52666175 -0.57905716 -0.16250074  0.03077123
  0.          0.        ]
2025-04-17 13:03:49,886 - DEBUG - Before Noise(Next State): [ 0.16970244  1.060396    0.53732306 -0.6067874  -0.1631669  -0.01332302
  0.          0.        ]
2025-04-17 13:03:49,887 - DEBUG - After Noise(Next State): [ 0.18422176  1.0749153   0.53732306 -0.6067874  -0.1631669  -0.01332302
  0.          0.        ]
2025-04-17 13:03:49,924 - DEBUG - Before Noise(Next State): [ 0.17499399  1.0461679   0.52792215 -0.63222325 -0.1619327   0.02468402
  0.          0.        ]
2025-04-17 13:03:49,924 - DEBUG - After Noise(Next State): [ 0.16709079  1.0382646   0.52792215 -0.63222325 -0.1619327   0.02468402
  0.          0.        ]
2025-04-17 13:03:49,942 - DEBUG - Before Noise(Next State): [ 0.18037844  1.032877    0.53753847 -0.59060985 -0.16103213  0.01801131
  0.          0.        ]
2025-04-17 13:03:49,943 - DEBUG - After Noise(Next State): [ 0.17725953  1.0297581   0.53753847 -0.59060985 -0.16103213  0.01801131
  0.          0.        ]
2025-04-17 13:03:49,961 - DEBUG - Before Noise(Next State): [ 0.1857628   1.0189981   0.5375384  -0.6167433  -0.16013153  0.0180116
  0.          0.        ]
2025-04-17 13:03:49,963 - DEBUG - After Noise(Next State): [ 0.18718496  1.0204203   0.5375384  -0.6167433  -0.16013153  0.0180116
  0.          0.        ]
2025-04-17 13:03:49,981 - DEBUG - Before Noise(Next State): [ 0.19130163  1.0059853   0.5529853  -0.5782528  -0.1592401   0.01782875
  0.          0.        ]
2025-04-17 13:03:49,981 - DEBUG - After Noise(Next State): [ 0.1967179   1.0114015   0.5529853  -0.5782528  -0.1592401   0.01782875
  0.          0.        ]
2025-04-17 13:03:50,004 - DEBUG - Before Noise(Next State): [ 0.19684038  0.99238443  0.5529853  -0.6043863  -0.15834865  0.01782908
  0.          0.        ]
2025-04-17 13:03:50,004 - DEBUG - After Noise(Next State): [ 0.21527745  1.0108215   0.5529853  -0.6043863  -0.15834865  0.01782908
  0.          0.        ]
2025-04-17 13:03:50,023 - DEBUG - Before Noise(Next State): [ 0.2024662   0.97915894  0.5617644  -0.58771163 -0.15752728  0.0164273
  0.          0.        ]
2025-04-17 13:03:50,024 - DEBUG - After Noise(Next State): [ 0.19676918  0.9734619   0.5617644  -0.58771163 -0.15752728  0.0164273
  0.          0.        ]
2025-04-17 13:03:50,043 - DEBUG - Before Noise(Next State): [ 0.20817909  0.9653267   0.57269394 -0.6149104  -0.15893073 -0.02806935
  0.          0.        ]
2025-04-17 13:03:50,043 - DEBUG - After Noise(Next State): [ 0.15525275  0.9124004   0.57269394 -0.6149104  -0.15893073 -0.02806935
  0.          0.        ]
2025-04-17 13:03:50,061 - DEBUG - Before Noise(Next State): [ 0.21389198  0.95090663  0.57269394 -0.64104396 -0.1603342  -0.0280694
  0.          0.        ]
2025-04-17 13:03:50,061 - DEBUG - After Noise(Next State): [ 0.20825167  0.9452663   0.57269394 -0.64104396 -0.1603342  -0.0280694
  0.          0.        ]
2025-04-17 13:03:50,080 - DEBUG - Before Noise(Next State): [ 0.21960488  0.93589854  0.5726939  -0.6671775  -0.16173765 -0.02806934
  0.          0.        ]
2025-04-17 13:03:50,080 - DEBUG - After Noise(Next State): [ 0.24462914  0.96092284  0.5726939  -0.6671775  -0.16173765 -0.02806934
  0.          0.        ]
2025-04-17 13:03:50,098 - DEBUG - Before Noise(Next State): [ 0.22531776  0.92030257  0.5726939  -0.69331104 -0.1631411  -0.02806932
  0.          0.        ]
2025-04-17 13:03:50,098 - DEBUG - After Noise(Next State): [ 0.23355769  0.9285425   0.5726939  -0.69331104 -0.1631411  -0.02806932
  0.          0.        ]
2025-04-17 13:03:50,117 - DEBUG - Before Noise(Next State): [ 0.23109284  0.9047659   0.57895297 -0.6906786  -0.16458458 -0.02886917
  0.          0.        ]
2025-04-17 13:03:50,118 - DEBUG - After Noise(Next State): [ 0.22265095  0.896324    0.57895297 -0.6906786  -0.16458458 -0.02886917
  0.          0.        ]
2025-04-17 13:03:50,137 - DEBUG - Before Noise(Next State): [ 0.236868    0.8886412   0.5789529  -0.7168122  -0.16602804 -0.02886921
  0.          0.        ]
2025-04-17 13:03:50,137 - DEBUG - After Noise(Next State): [ 0.22845446  0.8802276   0.5789529  -0.7168122  -0.16602804 -0.02886921
  0.          0.        ]
2025-04-17 13:03:50,155 - DEBUG - Before Noise(Next State): [ 0.24264316  0.87192863  0.5789528  -0.74294573 -0.16747151 -0.02886933
  0.          0.        ]
2025-04-17 13:03:50,155 - DEBUG - After Noise(Next State): [ 0.24322996  0.87251544  0.5789528  -0.74294573 -0.16747151 -0.02886933
  0.          0.        ]
2025-04-17 13:03:50,174 - DEBUG - Before Noise(Next State): [ 0.24833556  0.85465425  0.56853974 -0.7676731  -0.16677013  0.01402773
  0.          0.        ]
2025-04-17 13:03:50,174 - DEBUG - After Noise(Next State): [ 0.26954567  0.8758644   0.56853974 -0.7676731  -0.16677013  0.01402773
  0.          0.        ]
2025-04-17 13:03:50,195 - DEBUG - Before Noise(Next State): [ 0.25412178  0.83678     0.5802854  -0.7945923  -0.16843747 -0.03334681
  0.          0.        ]
2025-04-17 13:03:50,196 - DEBUG - After Noise(Next State): [ 0.27680534  0.8594636   0.5802854  -0.7945923  -0.16843747 -0.03334681
  0.          0.        ]
2025-04-17 13:03:50,212 - DEBUG - Before Noise(Next State): [ 0.25981292  0.8183526   0.5683013  -0.8189066  -0.16762339  0.0162817
  0.          0.        ]
2025-04-17 13:03:50,213 - DEBUG - After Noise(Next State): [ 0.24776503  0.8063047   0.5683013  -0.8189066  -0.16762339  0.0162817
  0.          0.        ]
2025-04-17 13:03:50,235 - DEBUG - Before Noise(Next State): [ 0.26544046  0.79934764  0.56033504 -0.84439015 -0.1651954   0.0485594
  0.          0.        ]
2025-04-17 13:03:50,236 - DEBUG - After Noise(Next State): [ 0.26035103  0.7942582   0.56033504 -0.84439015 -0.1651954   0.0485594
  0.          0.        ]
2025-04-17 13:03:50,252 - DEBUG - Before Noise(Next State): [ 0.27099895  0.7797757   0.55163187 -0.8694035  -0.16097856  0.08433691
  0.          0.        ]
2025-04-17 13:03:50,253 - DEBUG - After Noise(Next State): [ 0.29173213  0.80050886  0.55163187 -0.8694035  -0.16097856  0.08433691
  0.          0.        ]
2025-04-17 13:03:50,271 - DEBUG - Before Noise(Next State): [ 0.27664527  0.75960076  0.56265336 -0.89645493 -0.1589959   0.03965325
  0.          0.        ]
2025-04-17 13:03:50,272 - DEBUG - After Noise(Next State): [ 0.31304756  0.79600304  0.56265336 -0.89645493 -0.1589959   0.03965325
  0.          0.        ]
2025-04-17 13:03:50,290 - DEBUG - Before Noise(Next State): [ 0.28221732  0.73885834  0.55330706 -0.921475   -0.15509845  0.07794861
  0.          0.        ]
2025-04-17 13:03:50,291 - DEBUG - After Noise(Next State): [ 0.2758184   0.7324594   0.55330706 -0.921475   -0.15509845  0.07794861
  0.          0.        ]
2025-04-17 13:03:50,309 - DEBUG - Before Noise(Next State): [ 0.2876993   0.71755946  0.5419527  -0.94597363 -0.14885885  0.12479202
  0.          0.        ]
2025-04-17 13:03:50,309 - DEBUG - After Noise(Next State): [ 0.27250862  0.70236874  0.5419527  -0.94597363 -0.14885885  0.12479202
  0.          0.        ]
2025-04-17 13:03:50,328 - DEBUG - Before Noise(Next State): [ 0.2932412   0.6956602   0.54945976 -0.9728348  -0.14414677  0.09424159
  0.          0.        ]
2025-04-17 13:03:50,329 - DEBUG - After Noise(Next State): [ 0.31363523  0.7160542   0.54945976 -0.9728348  -0.14414677  0.09424159
  0.          0.        ]
2025-04-17 13:03:50,347 - DEBUG - Before Noise(Next State): [ 0.2989518   0.6740413   0.56594384 -0.9603546  -0.13904624  0.10201088
  0.          0.        ]
2025-04-17 13:03:50,348 - DEBUG - After Noise(Next State): [ 0.30173138  0.6768209   0.56594384 -0.9603546  -0.13904624  0.10201088
  0.          0.        ]
2025-04-17 13:03:50,366 - DEBUG - Before Noise(Next State): [ 0.30474558  0.65181726  0.5763773  -0.98745805 -0.13606577  0.05960958
  0.          0.        ]
2025-04-17 13:03:50,367 - DEBUG - After Noise(Next State): [ 0.28551158  0.63258326  0.5763773  -0.98745805 -0.13606577  0.05960958
  0.          0.        ]
2025-04-17 13:03:50,385 - DEBUG - Before Noise(Next State): [ 0.3104639   0.62902725  0.5668965  -1.0124431  -0.13114521  0.09841095
  0.          0.        ]
2025-04-17 13:03:50,386 - DEBUG - After Noise(Next State): [ 0.31779307  0.6363564   0.5668965  -1.0124431  -0.13114521  0.09841095
  0.          0.        ]
2025-04-17 13:03:50,404 - DEBUG - Before Noise(Next State): [ 0.31608668  0.60567176  0.5548755  -1.0373908  -0.1237793   0.14731804
  0.          0.        ]
2025-04-17 13:03:50,404 - DEBUG - After Noise(Next State): [ 0.3010099   0.59059495  0.5548755  -1.0373908  -0.1237793   0.14731804
  0.          0.        ]
2025-04-17 13:03:50,424 - DEBUG - Before Noise(Next State): [ 0.32178307  0.5817163   0.5641179  -1.0642391  -0.1182835   0.10991591
  0.          0.        ]
2025-04-17 13:03:50,424 - DEBUG - After Noise(Next State): [ 0.33394608  0.59387934  0.5641179  -1.0642391  -0.1182835   0.10991591
  0.          0.        ]
2025-04-17 13:03:50,443 - DEBUG - Before Noise(Next State): [ 0.3275691   0.5571656   0.5753469  -1.0908847  -0.11504351  0.06479976
  0.          0.        ]
2025-04-17 13:03:50,444 - DEBUG - After Noise(Next State): [ 0.32250103  0.55209756  0.5753469  -1.0908847  -0.11504351  0.06479976
  0.          0.        ]
2025-04-17 13:03:50,462 - DEBUG - Before Noise(Next State): [ 0.33344516  0.5320228   0.58661836 -1.1173842  -0.11406162  0.01963776
  0.          0.        ]
2025-04-17 13:03:50,462 - DEBUG - After Noise(Next State): [ 0.33576325  0.53434086  0.58661836 -1.1173842  -0.11406162  0.01963776
  0.          0.        ]
2025-04-17 13:03:50,481 - DEBUG - Before Noise(Next State): [ 0.33922547  0.5062988   0.5746161  -1.1430285  -0.11067076  0.06781696
  0.          0.        ]
2025-04-17 13:03:50,481 - DEBUG - After Noise(Next State): [ 0.33277074  0.49984404  0.5746161  -1.1430285  -0.11067076  0.06781696
  0.          0.        ]
2025-04-17 13:03:50,499 - DEBUG - Before Noise(Next State): [ 0.34508544  0.47997594  0.584612   -1.169802   -0.1092962   0.02749146
  0.          0.        ]
2025-04-17 13:03:50,500 - DEBUG - After Noise(Next State): [ 0.3217464   0.4566369   0.584612   -1.169802   -0.1092962   0.02749146
  0.          0.        ]
2025-04-17 13:03:50,520 - DEBUG - Before Noise(Next State): [ 0.3508586   0.45308176  0.57370687 -1.1950372  -0.10571371  0.0716497
  0.          0.        ]
2025-04-17 13:03:50,520 - DEBUG - After Noise(Next State): [ 0.3423497   0.44457287  0.57370687 -1.1950372  -0.10571371  0.0716497
  0.          0.        ]
2025-04-17 13:03:50,546 - DEBUG - Before Noise(Next State): [ 0.35663185  0.42559978  0.5737067  -1.2211715  -0.10213124  0.07164963
  0.          0.        ]
2025-04-17 13:03:50,547 - DEBUG - After Noise(Next State): [ 0.3520118   0.42097974  0.5737067  -1.2211715  -0.10213124  0.07164963
  0.          0.        ]
2025-04-17 13:03:50,566 - DEBUG - Before Noise(Next State): [ 0.3623208   0.39753664  0.563151   -1.2468692  -0.09642912  0.11404226
  0.          0.        ]
2025-04-17 13:03:50,567 - DEBUG - After Noise(Next State): [ 0.32604042  0.36125624  0.563151   -1.2468692  -0.09642912  0.11404226
  0.          0.        ]
2025-04-17 13:03:50,585 - DEBUG - Before Noise(Next State): [ 0.36808807  0.36985388  0.5708991  -1.2299811  -0.0906537   0.11550818
  0.          0.        ]
2025-04-17 13:03:50,585 - DEBUG - After Noise(Next State): [ 0.33842728  0.3401931   0.5708991  -1.2299811  -0.0906537   0.11550818
  0.          0.        ]
2025-04-17 13:03:50,604 - DEBUG - Before Noise(Next State): [ 0.37391824  0.34246632  0.57714236 -1.2168791  -0.08483464  0.11638155
  0.          0.        ]
2025-04-17 13:03:50,605 - DEBUG - After Noise(Next State): [ 0.36446774  0.33301583  0.57714236 -1.2168791  -0.08483464  0.11638155
  0.          0.        ]
2025-04-17 13:03:50,623 - DEBUG - Before Noise(Next State): [ 0.3798418   0.31447786  0.5888647  -1.2437394  -0.08137799  0.06913306
  0.          0.        ]
2025-04-17 13:03:50,624 - DEBUG - After Noise(Next State): [ 0.40967125  0.3443073   0.5888647  -1.2437394  -0.08137799  0.06913306
  0.          0.        ]
2025-04-17 13:03:50,642 - DEBUG - Before Noise(Next State): [ 0.3856824   0.28590667  0.57846034 -1.2695354  -0.07583427  0.11087432
  0.          0.        ]
2025-04-17 13:03:50,643 - DEBUG - After Noise(Next State): [ 0.41190797  0.31213224  0.57846034 -1.2695354  -0.07583427  0.11087432
  0.          0.        ]
2025-04-17 13:03:50,662 - DEBUG - Before Noise(Next State): [ 0.391428    0.25675106  0.5665463  -1.29542    -0.06790441  0.1585974
  0.          0.        ]
2025-04-17 13:03:50,663 - DEBUG - After Noise(Next State): [ 0.40319517  0.26851824  0.5665463  -1.29542    -0.06790441  0.1585974
  0.          0.        ]
2025-04-17 13:03:50,681 - DEBUG - Before Noise(Next State): [ 0.39722022  0.22762635  0.5711197  -1.294084   -0.05988843  0.16031933
  0.          0.        ]
2025-04-17 13:03:50,681 - DEBUG - After Noise(Next State): [ 0.3926569   0.22306302  0.5711197  -1.294084   -0.05988843  0.16031933
  0.          0.        ]
2025-04-17 13:03:50,702 - DEBUG - Before Noise(Next State): [ 0.40291977  0.19792622  0.55947363 -1.3196176  -0.04953079  0.20715275
  0.          0.        ]
2025-04-17 13:03:50,702 - DEBUG - After Noise(Next State): [ 0.4259753   0.22098173  0.55947363 -1.3196176  -0.04953079  0.20715275
  0.          0.        ]
2025-04-17 13:03:50,722 - DEBUG - Before Noise(Next State): [ 0.40869635  0.1676332   0.5691432  -1.3460975  -0.04111382  0.16833965
  0.          0.        ]
2025-04-17 13:03:50,722 - DEBUG - After Noise(Next State): [ 0.44257975  0.20151661  0.5691432  -1.3460975  -0.04111382  0.16833965
  0.          0.        ]
2025-04-17 13:03:50,739 - DEBUG - Before Noise(Next State): [ 0.41447297  0.13675319  0.5691428  -1.3722367  -0.03269688  0.16833869
  0.          0.        ]
2025-04-17 13:03:50,739 - DEBUG - After Noise(Next State): [ 0.41439968  0.1366799   0.5691428  -1.3722367  -0.03269688  0.16833869
  0.          0.        ]
2025-04-17 13:03:50,759 - DEBUG - Before Noise(Next State): [ 0.42038974  0.10676766  0.582652   -1.3325204  -0.02378054  0.17832676
  0.          0.        ]
2025-04-17 13:03:50,759 - DEBUG - After Noise(Next State): [ 0.43663034  0.12300825  0.582652   -1.3325204  -0.02378054  0.17832676
  0.          0.        ]
2025-04-17 13:03:50,789 - DEBUG - Before Noise(Next State): [ 0.42645264  0.076893    0.5966304  -1.3276362  -0.01423931  0.19082434
  0.          0.        ]
2025-04-17 13:03:50,790 - DEBUG - After Noise(Next State): [ 0.42081487  0.07125523  0.5966304  -1.3276362  -0.01423931  0.19082434
  0.          0.        ]
2025-04-17 13:03:50,808 - DEBUG - Before Noise(Next State): [ 0.43260756  0.04642418  0.6081691  -1.3541175  -0.00701063  0.14457394
  0.          0.        ]
2025-04-17 13:03:50,809 - DEBUG - After Noise(Next State): [ 0.45809722  0.07191385  0.6081691  -1.3541175  -0.00701063  0.14457394
  0.          0.        ]
2025-04-17 13:03:50,827 - DEBUG - Before Noise(Next State): [ 4.3889189e-01  1.6021738e-02  6.2052161e-01 -1.3512005e+00
  8.0307381e-04  1.5627414e-01  0.0000000e+00  0.0000000e+00]
2025-04-17 13:03:50,827 - DEBUG - After Noise(Next State): [ 4.6583495e-01  4.2964783e-02  6.2052161e-01 -1.3512005e+00
  8.0307381e-04  1.5627414e-01  0.0000000e+00  0.0000000e+00]
2025-04-17 13:03:50,847 - DEBUG - Before Noise(Next State): [ 0.4452893  -0.01409983  0.63129866 -1.3387638   0.00914256  0.16678944
  0.          0.        ]
2025-04-17 13:03:50,847 - DEBUG - After Noise(Next State): [ 0.43412614 -0.02526299  0.63129866 -1.3387638   0.00914256  0.16678944
  0.          0.        ]
2025-04-17 13:03:50,865 - DEBUG - Before Noise(Next State): [ 0.45177108 -0.0447971   0.6418712  -1.3643746   0.01536294  0.12440757
  0.          1.        ]
2025-04-17 13:03:50,866 - DEBUG - After Noise(Next State): [ 0.4415979  -0.05497028  0.6418712  -1.3643746   0.01536294  0.12440757
  0.          1.        ]
2025-04-17 13:03:50,886 - DEBUG - Before Noise(Next State): [ 0.45836172 -0.07536824  0.6709751  -1.358734    0.00191583 -0.27107078
  0.          1.        ]
2025-04-17 13:03:50,886 - DEBUG - After Noise(Next State): [ 0.4576512  -0.07607875  0.6709751  -1.358734    0.00191583 -0.27107078
  0.          1.        ]
2025-04-17 13:03:50,906 - DEBUG - Before Noise(Next State): [ 0.46593276 -0.09546146  0.9813296  -0.8445305  -0.1893861  -4.3058143
  0.          1.        ]
2025-04-17 13:03:50,906 - DEBUG - After Noise(Next State): [ 0.4828707  -0.07852353  0.9813296  -0.8445305  -0.1893861  -4.3058143
  0.          1.        ]
2025-04-17 13:03:50,906 - DEBUG - Episode 7 received a Reward = -97.40411322463663 
2025-04-17 13:03:50,946 - DEBUG - Before Noise(Current State): [ 0.00741415  1.4012856   0.7509521  -0.42822832 -0.0085843  -0.17010179
  0.          0.        ]
2025-04-17 13:03:50,946 - DEBUG - After Noise(Current State): [ 0.00360147  1.397473    0.7509521  -0.42822832 -0.0085843  -0.17010179
  0.          0.        ]
2025-04-17 13:03:50,966 - DEBUG - Before Noise(Next State): [ 0.0147584   1.3910881   0.7411361  -0.45327574 -0.01522456 -0.13281742
  0.          0.        ]
2025-04-17 13:03:50,967 - DEBUG - After Noise(Next State): [-0.01456119  1.3617686   0.7411361  -0.45327574 -0.01522456 -0.13281742
  0.          0.        ]
2025-04-17 13:03:50,985 - DEBUG - Before Noise(Next State): [ 0.02210283  1.3803025   0.7411569  -0.47944385 -0.0218607  -0.13273506
  0.          0.        ]
2025-04-17 13:03:50,985 - DEBUG - After Noise(Next State): [ 0.04105794  1.3992577   0.7411569  -0.47944385 -0.0218607  -0.13273506
  0.          0.        ]
2025-04-17 13:03:51,004 - DEBUG - Before Noise(Next State): [ 0.0293849   1.3689216   0.7333268  -0.50590146 -0.02692436 -0.10128263
  0.          0.        ]
2025-04-17 13:03:51,004 - DEBUG - After Noise(Next State): [ 0.01356669  1.3531034   0.7333268  -0.50590146 -0.02692436 -0.10128263
  0.          0.        ]
2025-04-17 13:03:51,023 - DEBUG - Before Noise(Next State): [ 0.03675938  1.3569479   0.7449166  -0.5323245  -0.03431112 -0.14774892
  0.          0.        ]
2025-04-17 13:03:51,023 - DEBUG - After Noise(Next State): [ 0.05042533  1.3706138   0.7449166  -0.5323245  -0.03431112 -0.14774892
  0.          0.        ]
2025-04-17 13:03:51,044 - DEBUG - Before Noise(Next State): [ 0.04413414  1.3443867   0.7449397  -0.55846334 -0.04169534 -0.14769801
  0.          0.        ]
2025-04-17 13:03:51,044 - DEBUG - After Noise(Next State): [ 0.05621062  1.3564632   0.7449397  -0.55846334 -0.04169534 -0.14769801
  0.          0.        ]
2025-04-17 13:03:51,063 - DEBUG - Before Noise(Next State): [ 0.05160494  1.3312427   0.7569581  -0.58447605 -0.05148027 -0.19571686
  0.          0.        ]
2025-04-17 13:03:51,064 - DEBUG - After Noise(Next State): [ 0.06439923  1.3440369   0.7569581  -0.58447605 -0.05148027 -0.19571686
  0.          0.        ]
2025-04-17 13:03:51,083 - DEBUG - Before Noise(Next State): [ 0.05901661  1.3175212   0.74952745 -0.61015284 -0.05975981 -0.16560557
  0.          0.        ]
2025-04-17 13:03:51,083 - DEBUG - After Noise(Next State): [ 0.0616963   1.3202009   0.74952745 -0.61015284 -0.05975981 -0.16560557
  0.          0.        ]
2025-04-17 13:03:51,102 - DEBUG - Before Noise(Next State): [ 0.06642847  1.3032126   0.7495502  -0.6362936  -0.06803919 -0.1656028
  0.          0.        ]
2025-04-17 13:03:51,102 - DEBUG - After Noise(Next State): [ 0.07079086  1.307575    0.7495502  -0.6362936  -0.06803919 -0.1656028
  0.          0.        ]
2025-04-17 13:03:51,122 - DEBUG - Before Noise(Next State): [ 0.0739067   1.2883185   0.7578416  -0.6624388  -0.07797068 -0.19864793
  0.          0.        ]
2025-04-17 13:03:51,123 - DEBUG - After Noise(Next State): [ 0.09718078  1.3115926   0.7578416  -0.6624388  -0.07797068 -0.19864793
  0.          0.        ]
2025-04-17 13:03:51,140 - DEBUG - Before Noise(Next State): [ 0.08147392  1.2728171   0.7690023  -0.6896353  -0.09015591 -0.24372682
  0.          0.        ]
2025-04-17 13:03:51,140 - DEBUG - After Noise(Next State): [ 0.06952642  1.2608696   0.7690023  -0.6896353  -0.09015591 -0.24372682
  0.          0.        ]
2025-04-17 13:03:51,160 - DEBUG - Before Noise(Next State): [ 0.08904161  1.2567296   0.7690375  -0.7157825  -0.10233852 -0.24367487
  0.          0.        ]
2025-04-17 13:03:51,160 - DEBUG - After Noise(Next State): [ 0.09534015  1.2630281   0.7690375  -0.7157825  -0.10233852 -0.24367487
  0.          0.        ]
2025-04-17 13:03:51,180 - DEBUG - Before Noise(Next State): [ 0.09649296  1.2409074   0.75820863 -0.70416164 -0.11534257 -0.26010492
  0.          0.        ]
2025-04-17 13:03:51,181 - DEBUG - After Noise(Next State): [ 0.09225234  1.2366668   0.75820863 -0.70416164 -0.11534257 -0.26010492
  0.          0.        ]
2025-04-17 13:03:51,205 - DEBUG - Before Noise(Next State): [ 0.10394488  1.2244991   0.75824344 -0.7303182  -0.12834378 -0.26004738
  0.          0.        ]
2025-04-17 13:03:51,205 - DEBUG - After Noise(Next State): [ 0.09181783  1.2123721   0.75824344 -0.7303182  -0.12834378 -0.26004738
  0.          0.        ]
2025-04-17 13:03:51,224 - DEBUG - Before Noise(Next State): [ 0.11139727  1.207505    0.7582787  -0.75646687 -0.14134322 -0.2600127
  0.          0.        ]
2025-04-17 13:03:51,225 - DEBUG - After Noise(Next State): [ 0.1316721   1.2277799   0.7582787  -0.75646687 -0.14134322 -0.2600127
  0.          0.        ]
2025-04-17 13:03:51,249 - DEBUG - Before Noise(Next State): [ 0.11891289  1.1899235   0.7661254  -0.7828548  -0.15590318 -0.29122573
  0.          0.        ]
2025-04-17 13:03:51,251 - DEBUG - After Noise(Next State): [ 0.10637482  1.1773854   0.7661254  -0.7828548  -0.15590318 -0.29122573
  0.          0.        ]
2025-04-17 13:03:51,271 - DEBUG - Before Noise(Next State): [ 0.12647477  1.1726066   0.7709243  -0.771256   -0.17066103 -0.29518396
  0.          0.        ]
2025-04-17 13:03:51,271 - DEBUG - After Noise(Next State): [ 0.1547363   1.2008681   0.7709243  -0.771256   -0.17066103 -0.29518396
  0.          0.        ]
2025-04-17 13:03:51,307 - DEBUG - Before Noise(Next State): [ 0.1340374   1.1547041   0.77096057 -0.797419   -0.18541658 -0.2951374
  0.          0.        ]
2025-04-17 13:03:51,309 - DEBUG - After Noise(Next State): [ 0.11683936  1.137506    0.77096057 -0.797419   -0.18541658 -0.2951374
  0.          0.        ]
2025-04-17 13:03:51,328 - DEBUG - Before Noise(Next State): [ 0.14171982  1.137192    0.782896   -0.7802118  -0.2001836  -0.2953673
  0.          0.        ]
2025-04-17 13:03:51,329 - DEBUG - After Noise(Next State): [ 0.16431142  1.1597836   0.782896   -0.7802118  -0.2001836  -0.2953673
  0.          0.        ]
2025-04-17 13:03:51,349 - DEBUG - Before Noise(Next State): [ 0.1494029   1.1190944   0.78292984 -0.8063775  -0.21494816 -0.29531765
  0.          0.        ]
2025-04-17 13:03:51,350 - DEBUG - After Noise(Next State): [ 0.14906196  1.1187534   0.78292984 -0.8063775  -0.21494816 -0.29531765
  0.          0.        ]
2025-04-17 13:03:51,367 - DEBUG - Before Noise(Next State): [ 0.15708676  1.1004117   0.78296643 -0.8325331  -0.22971036 -0.29527044
  0.          0.        ]
2025-04-17 13:03:51,367 - DEBUG - After Noise(Next State): [ 0.1356976   1.0790225   0.78296643 -0.8325331  -0.22971036 -0.29527044
  0.          0.        ]
2025-04-17 13:03:51,386 - DEBUG - Before Noise(Next State): [ 0.16469212  1.08117     0.7729989  -0.857184   -0.24238904 -0.2535966
  0.          0.        ]
2025-04-17 13:03:51,386 - DEBUG - After Noise(Next State): [ 0.17521954  1.0916973   0.7729989  -0.857184   -0.24238904 -0.2535966
  0.          0.        ]
2025-04-17 13:03:51,404 - DEBUG - Before Noise(Next State): [ 0.17235775  1.0613241   0.7805274  -0.8844019  -0.2566215  -0.28467476
  0.          0.        ]
2025-04-17 13:03:51,405 - DEBUG - After Noise(Next State): [ 0.17743939  1.0664058   0.7805274  -0.8844019  -0.2566215  -0.28467476
  0.          0.        ]
2025-04-17 13:03:51,422 - DEBUG - Before Noise(Next State): [ 0.17995214  1.040921    0.77146643 -0.9089593  -0.26893497 -0.24629128
  0.          0.        ]
2025-04-17 13:03:51,423 - DEBUG - After Noise(Next State): [ 0.16645168  1.0274205   0.77146643 -0.9089593  -0.26893497 -0.24629128
  0.          0.        ]
2025-04-17 13:03:51,441 - DEBUG - Before Noise(Next State): [ 0.18745756  1.0199623   0.7602483  -0.93330896 -0.2788948  -0.19921504
  0.          0.        ]
2025-04-17 13:03:51,442 - DEBUG - After Noise(Next State): [ 0.20454185  1.0370466   0.7602483  -0.93330896 -0.2788948  -0.19921504
  0.          0.        ]
2025-04-17 13:03:51,465 - DEBUG - Before Noise(Next State): [ 0.19495526  0.99840945  0.7598425  -0.9598698  -0.28925633 -0.20723704
  0.          0.        ]
2025-04-17 13:03:51,469 - DEBUG - After Noise(Next State): [ 0.21081667  1.0142709   0.7598425  -0.9598698  -0.28925633 -0.20723704
  0.          0.        ]
2025-04-17 13:03:51,492 - DEBUG - Before Noise(Next State): [ 0.20269223  0.9775296   0.7834246  -0.9299622  -0.29929423 -0.20075794
  0.          0.        ]
2025-04-17 13:03:51,493 - DEBUG - After Noise(Next State): [ 0.15323769  0.928075    0.7834246  -0.9299622  -0.29929423 -0.20075794
  0.          0.        ]
2025-04-17 13:03:51,509 - DEBUG - Before Noise(Next State): [ 0.21042557  0.9566156   0.78353506 -0.9316388  -0.3098515  -0.21114524
  0.          0.        ]
2025-04-17 13:03:51,509 - DEBUG - After Noise(Next State): [ 0.18758392  0.933774    0.78353506 -0.9316388  -0.3098515  -0.21114524
  0.          0.        ]
2025-04-17 13:03:51,529 - DEBUG - Before Noise(Next State): [ 0.21808901  0.9351565   0.7746392  -0.9555376  -0.31845424 -0.17205425
  0.          0.        ]
2025-04-17 13:03:51,529 - DEBUG - After Noise(Next State): [ 0.21354213  0.93060964  0.7746392  -0.9555376  -0.31845424 -0.17205425
  0.          0.        ]
2025-04-17 13:03:51,547 - DEBUG - Before Noise(Next State): [ 0.22575264  0.9131104   0.7746363  -0.98167694 -0.3270569  -0.17205353
  0.          0.        ]
2025-04-17 13:03:51,548 - DEBUG - After Noise(Next State): [ 0.22957835  0.9169361   0.7746363  -0.98167694 -0.3270569  -0.17205353
  0.          0.        ]
2025-04-17 13:03:51,567 - DEBUG - Before Noise(Next State): [ 0.23341647  0.89047694  0.77463335 -1.0078162  -0.33565956 -0.17205279
  0.          0.        ]
2025-04-17 13:03:51,567 - DEBUG - After Noise(Next State): [ 0.24743316  0.90449363  0.77463335 -1.0078162  -0.33565956 -0.17205279
  0.          0.        ]
2025-04-17 13:03:51,587 - DEBUG - Before Noise(Next State): [ 0.24116392  0.8678443   0.7831922  -1.0078872  -0.34449476 -0.17670397
  0.          0.        ]
2025-04-17 13:03:51,587 - DEBUG - After Noise(Next State): [ 0.224718    0.85139835  0.7831922  -1.0078872  -0.34449476 -0.17670397
  0.          0.        ]
2025-04-17 13:03:51,605 - DEBUG - Before Noise(Next State): [ 0.24891157  0.84462464  0.78318894 -1.0340267  -0.35332987 -0.17670287
  0.          0.        ]
2025-04-17 13:03:51,606 - DEBUG - After Noise(Next State): [ 0.248816    0.84452903  0.78318894 -1.0340267  -0.35332987 -0.17670287
  0.          0.        ]
2025-04-17 13:03:51,627 - DEBUG - Before Noise(Next State): [ 0.25675458  0.82139844  0.7928878  -1.0344108  -0.3623718  -0.18083939
  0.          0.        ]
2025-04-17 13:03:51,628 - DEBUG - After Noise(Next State): [ 0.28617832  0.85082215  0.7928878  -1.0344108  -0.3623718  -0.18083939
  0.          0.        ]
2025-04-17 13:03:51,647 - DEBUG - Before Noise(Next State): [ 0.26469088  0.7975398   0.80457926 -1.063194   -0.37395748 -0.23171356
  0.          0.        ]
2025-04-17 13:03:51,647 - DEBUG - After Noise(Next State): [ 0.24833277  0.7811817   0.80457926 -1.063194   -0.37395748 -0.23171356
  0.          0.        ]
2025-04-17 13:03:51,665 - DEBUG - Before Noise(Next State): [ 0.27254772  0.7731457   0.7944724  -1.0865104  -0.38326982 -0.18624675
  0.          0.        ]
2025-04-17 13:03:51,666 - DEBUG - After Noise(Next State): [ 0.25219128  0.75278926  0.7944724  -1.0865104  -0.38326982 -0.18624675
  0.          0.        ]
2025-04-17 13:03:51,685 - DEBUG - Before Noise(Next State): [ 0.28031904  0.7482103   0.78362525 -1.1100028  -0.39019433 -0.13849008
  0.          0.        ]
2025-04-17 13:03:51,686 - DEBUG - After Noise(Next State): [ 0.26414204  0.7320333   0.78362525 -1.1100028  -0.39019433 -0.13849008
  0.          0.        ]
2025-04-17 13:03:51,716 - DEBUG - Before Noise(Next State): [ 0.28809053  0.72268754  0.7836229  -1.1361398  -0.3971188  -0.1384896
  0.          0.        ]
2025-04-17 13:03:51,717 - DEBUG - After Noise(Next State): [ 0.28816786  0.72276485  0.7836229  -1.1361398  -0.3971188  -0.1384896
  0.          0.        ]
2025-04-17 13:03:51,734 - DEBUG - Before Noise(Next State): [ 0.29605064  0.6976476   0.80291605 -1.1148396  -0.40451497 -0.14792371
  0.          0.        ]
2025-04-17 13:03:51,735 - DEBUG - After Noise(Next State): [ 0.29707307  0.69866997  0.80291605 -1.1148396  -0.40451497 -0.14792371
  0.          0.        ]
2025-04-17 13:03:51,753 - DEBUG - Before Noise(Next State): [ 0.30438823  0.6732538   0.8405317  -1.0861232  -0.41180465 -0.14579329
  0.          0.        ]
2025-04-17 13:03:51,754 - DEBUG - After Noise(Next State): [ 0.3197722   0.68863773  0.8405317  -1.0861232  -0.41180465 -0.14579329
  0.          0.        ]
2025-04-17 13:03:51,772 - DEBUG - Before Noise(Next State): [ 0.31266078  0.6483221   0.83222085 -1.1095291  -0.4171563  -0.10703317
  0.          0.        ]
2025-04-17 13:03:51,772 - DEBUG - After Noise(Next State): [ 0.30938682  0.64504814  0.83222085 -1.1095291  -0.4171563  -0.10703317
  0.          0.        ]
2025-04-17 13:03:51,796 - DEBUG - Before Noise(Next State): [ 0.32093352  0.6228028   0.8322194  -1.1356646  -0.42250797 -0.10703311
  0.          0.        ]
2025-04-17 13:03:51,796 - DEBUG - After Noise(Next State): [ 0.3321909   0.63406014  0.8322194  -1.1356646  -0.42250797 -0.10703311
  0.          0.        ]
2025-04-17 13:03:51,818 - DEBUG - Before Noise(Next State): [ 0.32914838  0.596728    0.82493293 -1.1599166  -0.4262375  -0.07459041
  0.          0.        ]
2025-04-17 13:03:51,818 - DEBUG - After Noise(Next State): [ 0.31085786  0.5784375   0.82493293 -1.1599166  -0.4262375  -0.07459041
  0.          0.        ]
2025-04-17 13:03:51,837 - DEBUG - Before Noise(Next State): [ 0.33731002  0.57010484  0.8181472  -1.1838571  -0.42838708 -0.04299173
  0.          0.        ]
2025-04-17 13:03:51,838 - DEBUG - After Noise(Next State): [ 0.31940058  0.55219537  0.8181472  -1.1838571  -0.42838708 -0.04299173
  0.          0.        ]
2025-04-17 13:03:51,857 - DEBUG - Before Noise(Next State): [ 0.34547177  0.54289365  0.8181469  -1.2099909  -0.4305367  -0.04299171
  0.          0.        ]
2025-04-17 13:03:51,858 - DEBUG - After Noise(Next State): [ 0.31778458  0.51520646  0.8181469  -1.2099909  -0.4305367  -0.04299171
  0.          0.        ]
2025-04-17 13:03:51,877 - DEBUG - Before Noise(Next State): [ 0.3536334   0.5150945   0.8181466  -1.2361244  -0.43268627 -0.04299172
  0.          0.        ]
2025-04-17 13:03:51,878 - DEBUG - After Noise(Next State): [ 0.3637217   0.5251828   0.8181466  -1.2361244  -0.43268627 -0.04299172
  0.          0.        ]
2025-04-17 13:03:51,898 - DEBUG - Before Noise(Next State): [ 0.3618698   0.48666638  0.8275325  -1.2646757  -0.43692487 -0.08477195
  0.          0.        ]
2025-04-17 13:03:51,898 - DEBUG - After Noise(Next State): [ 0.36917317  0.49396974  0.8275325  -1.2646757  -0.43692487 -0.08477195
  0.          0.        ]
2025-04-17 13:03:51,916 - DEBUG - Before Noise(Next State): [ 0.37022313  0.45864516  0.8399618  -1.246836   -0.44197085 -0.10091984
  0.          0.        ]
2025-04-17 13:03:51,916 - DEBUG - After Noise(Next State): [ 0.34162718  0.4300492   0.8399618  -1.246836   -0.44197085 -0.10091984
  0.          0.        ]
2025-04-17 13:03:51,935 - DEBUG - Before Noise(Next State): [ 0.37857658  0.4300363   0.8399606  -1.2729714  -0.4470168  -0.10091966
  0.          0.        ]
2025-04-17 13:03:51,935 - DEBUG - After Noise(Next State): [ 0.38954324  0.44100296  0.8399606  -1.2729714  -0.4470168  -0.10091966
  0.          0.        ]
2025-04-17 13:03:51,955 - DEBUG - Before Noise(Next State): [ 0.38687763  0.4008808   0.8332775  -1.296816   -0.450482   -0.06930471
  0.          0.        ]
2025-04-17 13:03:51,955 - DEBUG - After Noise(Next State): [ 0.40233058  0.41633376  0.8332775  -1.296816   -0.450482   -0.06930471
  0.          0.        ]
2025-04-17 13:03:51,974 - DEBUG - Before Noise(Next State): [ 0.3951788   0.3711374   0.83327675 -1.3229504  -0.45394722 -0.06930467
  0.          0.        ]
2025-04-17 13:03:51,974 - DEBUG - After Noise(Next State): [ 0.40264308  0.3786017   0.83327675 -1.3229504  -0.45394722 -0.06930467
  0.          0.        ]
2025-04-17 13:03:51,993 - DEBUG - Before Noise(Next State): [ 0.40371323  0.34185156  0.8570018  -1.3027561  -0.4578563  -0.07818162
  0.          0.        ]
2025-04-17 13:03:51,993 - DEBUG - After Noise(Next State): [ 0.3994592   0.33759755  0.8570018  -1.3027561  -0.4578563  -0.07818162
  0.          0.        ]
2025-04-17 13:03:52,013 - DEBUG - Before Noise(Next State): [ 0.41216078  0.31204277  0.8459385  -1.3252263  -0.45916638 -0.02620177
  0.          0.        ]
2025-04-17 13:03:52,014 - DEBUG - After Noise(Next State): [ 0.42346978  0.32335177  0.8459385  -1.3252263  -0.45916638 -0.02620177
  0.          0.        ]
2025-04-17 13:03:52,032 - DEBUG - Before Noise(Next State): [ 0.42066526  0.2815976   0.85323936 -1.3540393  -0.46223593 -0.061391
  0.          0.        ]
2025-04-17 13:03:52,032 - DEBUG - After Noise(Next State): [ 0.43927726  0.3002096   0.85323936 -1.3540393  -0.46223593 -0.061391
  0.          0.        ]
2025-04-17 13:03:52,052 - DEBUG - Before Noise(Next State): [ 0.42916995  0.2505646   0.8532389  -1.3801733  -0.4653055  -0.06139096
  0.          0.        ]
2025-04-17 13:03:52,052 - DEBUG - After Noise(Next State): [ 0.4623313   0.28372595  0.8532389  -1.3801733  -0.4653055  -0.06139096
  0.          0.        ]
2025-04-17 13:03:52,071 - DEBUG - Before Noise(Next State): [ 0.43759784  0.21899214  0.84357435 -1.4034803  -0.4661666  -0.01722185
  0.          0.        ]
2025-04-17 13:03:52,071 - DEBUG - After Noise(Next State): [ 0.41024694  0.19164124  0.84357435 -1.4034803  -0.4661666  -0.01722185
  0.          0.        ]
2025-04-17 13:03:52,090 - DEBUG - Before Noise(Next State): [ 0.44595653  0.1868731   0.8348591  -1.4271774  -0.46505532  0.02222529
  0.          0.        ]
2025-04-17 13:03:52,090 - DEBUG - After Noise(Next State): [ 0.44340214  0.18431869  0.8348591  -1.4271774  -0.46505532  0.02222529
  0.          0.        ]
2025-04-17 13:03:52,108 - DEBUG - Before Noise(Next State): [ 0.4543151   0.15416601  0.834859   -1.4533107  -0.46394405  0.02222516
  0.          0.        ]
2025-04-17 13:03:52,109 - DEBUG - After Noise(Next State): [ 0.41735503  0.11720595  0.834859   -1.4533107  -0.46394405  0.02222516
  0.          0.        ]
2025-04-17 13:03:52,127 - DEBUG - Before Noise(Next State): [ 0.4627388   0.12081915  0.8431528  -1.4823449  -0.46480852 -0.01728941
  0.          0.        ]
2025-04-17 13:03:52,128 - DEBUG - After Noise(Next State): [ 0.45021662  0.10829695  0.8431528  -1.4823449  -0.46480852 -0.01728941
  0.          0.        ]
2025-04-17 13:03:52,147 - DEBUG - Before Noise(Next State): [ 0.4711625   0.08688434  0.8431528  -1.508478   -0.465673   -0.01728937
  0.          0.        ]
2025-04-17 13:03:52,148 - DEBUG - After Noise(Next State): [ 0.48983756  0.10555942  0.8431528  -1.508478   -0.465673   -0.01728937
  0.          0.        ]
2025-04-17 13:03:52,166 - DEBUG - Before Noise(Next State): [ 0.47990847  0.05362345  0.8757552  -1.4786489  -0.46695274 -0.02559499
  0.          0.        ]
2025-04-17 13:03:52,167 - DEBUG - After Noise(Next State): [ 0.48294565  0.05666063  0.8757552  -1.4786489  -0.46695274 -0.02559499
  0.          0.        ]
2025-04-17 13:03:52,195 - DEBUG - Before Noise(Next State): [ 0.48858365  0.01983477  0.86668575 -1.5014435  -0.46604273  0.0182004
  1.          0.        ]
2025-04-17 13:03:52,201 - DEBUG - After Noise(Next State): [ 0.49950913  0.03076024  0.86668575 -1.5014435  -0.46604273  0.0182004
  1.          0.        ]
2025-04-17 13:03:52,221 - DEBUG - Before Noise(Next State): [ 0.49505645 -0.00570512  0.632518   -1.1319412  -0.4682539  -0.06608374
  1.          0.        ]
2025-04-17 13:03:52,221 - DEBUG - After Noise(Next State): [ 0.48518738 -0.01557419  0.632518   -1.1319412  -0.4682539  -0.06608374
  1.          0.        ]
2025-04-17 13:03:52,244 - DEBUG - Before Noise(Next State): [ 0.50193435 -0.02879497  0.19611324 -0.1453777  -0.4210779   2.7628815
  1.          0.        ]
2025-04-17 13:03:52,246 - DEBUG - After Noise(Next State): [ 0.51703864 -0.01369067  0.19611324 -0.1453777  -0.4210779   2.7628815
  1.          0.        ]
2025-04-17 13:03:52,246 - DEBUG - Episode 8 received a Reward = -93.27600111256858 
2025-04-17 13:03:52,284 - DEBUG - Before Noise(Current State): [-0.002075    1.3995521  -0.21019158 -0.5052534   0.00241122  0.04761155
  0.          0.        ]
2025-04-17 13:03:52,285 - DEBUG - After Noise(Current State): [ 0.00272224  1.4043493  -0.21019158 -0.5052534   0.00241122  0.04761155
  0.          0.        ]
2025-04-17 13:03:52,312 - DEBUG - Before Noise(Next State): [-0.00408096  1.3889515  -0.20332293 -0.47114027  0.00510739  0.0539292
  0.          0.        ]
2025-04-17 13:03:52,313 - DEBUG - After Noise(Next State): [-5.3247641e-04  1.3925000e+00 -2.0332293e-01 -4.7114027e-01
  5.1073935e-03  5.3929199e-02  0.0000000e+00  0.0000000e+00]
2025-04-17 13:03:52,337 - DEBUG - Before Noise(Next State): [-0.00608711  1.3777621  -0.20333126 -0.49732438  0.00780204  0.05389795
  0.          0.        ]
2025-04-17 13:03:52,338 - DEBUG - After Noise(Next State): [-0.02400725  1.359842   -0.20333126 -0.49732438  0.00780204  0.05389795
  0.          0.        ]
2025-04-17 13:03:52,360 - DEBUG - Before Noise(Next State): [-0.00816727  1.3659731  -0.21262571 -0.52398574  0.01236028  0.09117309
  0.          0.        ]
2025-04-17 13:03:52,361 - DEBUG - After Noise(Next State): [-0.01259827  1.3615421  -0.21262571 -0.52398574  0.01236028  0.09117309
  0.          0.        ]
2025-04-17 13:03:52,384 - DEBUG - Before Noise(Next State): [-0.01024761  1.3535963  -0.21263973 -0.5501219   0.01691697  0.09114233
  0.          0.        ]
2025-04-17 13:03:52,384 - DEBUG - After Noise(Next State): [-0.01600265  1.3478413  -0.21263973 -0.5501219   0.01691697  0.09114233
  0.          0.        ]
2025-04-17 13:03:52,412 - DEBUG - Before Noise(Next State): [-0.01219673  1.3414054  -0.20019504 -0.5418933   0.02214267  0.10452364
  0.          0.        ]
2025-04-17 13:03:52,412 - DEBUG - After Noise(Next State): [ 0.00415595  1.357758   -0.20019504 -0.5418933   0.02214267  0.10452364
  0.          0.        ]
2025-04-17 13:03:52,432 - DEBUG - Before Noise(Next State): [-0.01407175  1.3286211  -0.19089979 -0.5682404   0.02550244  0.06720165
  0.          0.        ]
2025-04-17 13:03:52,433 - DEBUG - After Noise(Next State): [-0.00563013  1.3370627  -0.19089979 -0.5682404   0.02550244  0.06720165
  0.          0.        ]
2025-04-17 13:03:52,451 - DEBUG - Before Noise(Next State): [-0.01594687  1.3152492  -0.19090931 -0.59437335  0.02886276  0.06721257
  0.          0.        ]
2025-04-17 13:03:52,451 - DEBUG - After Noise(Next State): [-0.01510797  1.3160881  -0.19090931 -0.59437335  0.02886276  0.06721257
  0.          0.        ]
2025-04-17 13:03:52,470 - DEBUG - Before Noise(Next State): [-0.01772833  1.3013015  -0.1791496  -0.61991596  0.02985707  0.01988812
  0.          0.        ]
2025-04-17 13:03:52,470 - DEBUG - After Noise(Next State): [-0.06231692  1.2567129  -0.1791496  -0.61991596  0.02985707  0.01988812
  0.          0.        ]
2025-04-17 13:03:52,491 - DEBUG - Before Noise(Next State): [-0.01943417  1.2867613  -0.16967008 -0.6462162   0.02895424 -0.01805822
  0.          0.        ]
2025-04-17 13:03:52,491 - DEBUG - After Noise(Next State): [-6.8629783e-04  1.3055092e+00 -1.6967008e-01 -6.4621621e-01
  2.8954236e-02 -1.8058224e-02  0.0000000e+00  0.0000000e+00]
2025-04-17 13:03:52,509 - DEBUG - Before Noise(Next State): [-0.02121258  1.271637   -0.17877916 -0.6722055   0.02987597  0.01843666
  0.          0.        ]
2025-04-17 13:03:52,509 - DEBUG - After Noise(Next State): [-0.04054334  1.2523062  -0.17877916 -0.6722055   0.02987597  0.01843666
  0.          0.        ]
2025-04-17 13:03:52,528 - DEBUG - Before Noise(Next State): [-0.02291965  1.2559285  -0.16982521 -0.69813263  0.02899948 -0.01753127
  0.          0.        ]
2025-04-17 13:03:52,528 - DEBUG - After Noise(Next State): [-0.04450697  1.2343411  -0.16982521 -0.69813263  0.02899948 -0.01753127
  0.          0.        ]
2025-04-17 13:03:52,547 - DEBUG - Before Noise(Next State): [-0.02471418  1.23962    -0.18080127 -0.72485805  0.03033044  0.0266217
  0.          0.        ]
2025-04-17 13:03:52,548 - DEBUG - After Noise(Next State): [-0.03578521  1.2285489  -0.18080127 -0.72485805  0.03033044  0.0266217
  0.          0.        ]
2025-04-17 13:03:52,569 - DEBUG - Before Noise(Next State): [-0.02668104  1.2242465  -0.19735882 -0.6832846   0.03099238  0.01324018
  0.          0.        ]
2025-04-17 13:03:52,570 - DEBUG - After Noise(Next State): [-0.02861471  1.2223128  -0.19735882 -0.6832846   0.03099238  0.01324018
  0.          0.        ]
2025-04-17 13:03:52,589 - DEBUG - Before Noise(Next State): [-0.02858887  1.2082914  -0.18994121 -0.7090957   0.03016535 -0.01654209
  0.          0.        ]
2025-04-17 13:03:52,589 - DEBUG - After Noise(Next State): [-0.03504222  1.201838   -0.18994121 -0.7090957   0.03016535 -0.01654209
  0.          0.        ]
2025-04-17 13:03:52,608 - DEBUG - Before Noise(Next State): [-0.03049669  1.1917484  -0.1899389  -0.735225    0.02933878 -0.01653309
  0.          0.        ]
2025-04-17 13:03:52,609 - DEBUG - After Noise(Next State): [-0.03863765  1.1836075  -0.1899389  -0.735225    0.02933878 -0.01653309
  0.          0.        ]
2025-04-17 13:03:52,626 - DEBUG - Before Noise(Next State): [-0.03232612  1.17461    -0.18012913 -0.76165617  0.02655088 -0.05576316
  0.          0.        ]
2025-04-17 13:03:52,627 - DEBUG - After Noise(Next State): [-0.01455208  1.192384   -0.18012913 -0.76165617  0.02655088 -0.05576316
  0.          0.        ]
2025-04-17 13:03:52,647 - DEBUG - Before Noise(Next State): [-0.03422546  1.1568921  -0.18888624 -0.7874445   0.02551652 -0.02068879
  0.          0.        ]
2025-04-17 13:03:52,648 - DEBUG - After Noise(Next State): [-0.02770545  1.1634121  -0.18888624 -0.7874445   0.02551652 -0.02068879
  0.          0.        ]
2025-04-17 13:03:52,665 - DEBUG - Before Noise(Next State): [-0.0361248   1.1385863  -0.1888838  -0.8135797   0.02448121 -0.02070843
  0.          0.        ]
2025-04-17 13:03:52,666 - DEBUG - After Noise(Next State): [-0.0537133   1.1209978  -0.1888838  -0.8135797   0.02448121 -0.02070843
  0.          0.        ]
2025-04-17 13:03:52,686 - DEBUG - Before Noise(Next State): [-0.0382122   1.120786   -0.20689213 -0.79109037  0.02265064 -0.03661467
  0.          0.        ]
2025-04-17 13:03:52,686 - DEBUG - After Noise(Next State): [-0.03793203  1.1210661  -0.20689213 -0.79109037  0.02265064 -0.03661467
  0.          0.        ]
2025-04-17 13:03:52,705 - DEBUG - Before Noise(Next State): [-0.04036627  1.1023836  -0.2152495  -0.8178824   0.02250179 -0.00297749
  0.          0.        ]
2025-04-17 13:03:52,706 - DEBUG - After Noise(Next State): [-0.03169262  1.1110573  -0.2152495  -0.8178824   0.02250179 -0.00297749
  0.          0.        ]
2025-04-17 13:03:52,724 - DEBUG - Before Noise(Next State): [-0.04256716  1.0847406  -0.21981558 -0.7841268   0.02222728 -0.0054908
  0.          0.        ]
2025-04-17 13:03:52,724 - DEBUG - After Noise(Next State): [-0.06332424  1.0639836  -0.21981558 -0.7841268   0.02222728 -0.0054908
  0.          0.        ]
2025-04-17 13:03:52,744 - DEBUG - Before Noise(Next State): [-0.04483175  1.0664986  -0.22781828 -0.8107758   0.02356058  0.02666862
  0.          0.        ]
2025-04-17 13:03:52,744 - DEBUG - After Noise(Next State): [-0.05331038  1.05802    -0.22781828 -0.8107758   0.02356058  0.02666862
  0.          0.        ]
2025-04-17 13:03:52,763 - DEBUG - Before Noise(Next State): [-0.04709654  1.0476688  -0.22782297 -0.83690655  0.02489297  0.0266502
  0.          0.        ]
2025-04-17 13:03:52,764 - DEBUG - After Noise(Next State): [-0.03591135  1.058854   -0.22782297 -0.83690655  0.02489297  0.0266502
  0.          0.        ]
2025-04-17 13:03:52,783 - DEBUG - Before Noise(Next State): [-0.04942388  1.0291902  -0.23385897 -0.8212937   0.0260078   0.02229882
  0.          0.        ]
2025-04-17 13:03:52,783 - DEBUG - After Noise(Next State): [-0.04183961  1.0367745  -0.23385897 -0.8212937   0.0260078   0.02229882
  0.          0.        ]
2025-04-17 13:03:52,807 - DEBUG - Before Noise(Next State): [-0.05175076  1.0101019  -0.23382385 -0.8483864   0.02712273  0.02229881
  0.          0.        ]
2025-04-17 13:03:52,814 - DEBUG - After Noise(Next State): [-0.04294895  1.0189037  -0.23382385 -0.8483864   0.02712273  0.02229881
  0.          0.        ]
2025-04-17 13:03:52,835 - DEBUG - Before Noise(Next State): [-0.05400553  0.9904228  -0.22477558 -0.8746138   0.02642726 -0.01390932
  0.          0.        ]
2025-04-17 13:03:52,836 - DEBUG - After Noise(Next State): [-0.06190984  0.9825185  -0.22477558 -0.8746138   0.02642726 -0.01390932
  0.          0.        ]
2025-04-17 13:03:52,854 - DEBUG - Before Noise(Next State): [-0.0562603   0.9701557  -0.22477558 -0.9007472   0.0257318  -0.01390928
  0.          0.        ]
2025-04-17 13:03:52,855 - DEBUG - After Noise(Next State): [-0.03506484  0.9913512  -0.22477558 -0.9007472   0.0257318  -0.01390928
  0.          0.        ]
2025-04-17 13:03:52,874 - DEBUG - Before Noise(Next State): [-0.05850716  0.9498884  -0.22406285 -0.9007564   0.02511972 -0.01224124
  0.          0.        ]
2025-04-17 13:03:52,874 - DEBUG - After Noise(Next State): [-0.01669357  0.991702   -0.22406285 -0.9007564   0.02511972 -0.01224124
  0.          0.        ]
2025-04-17 13:03:52,893 - DEBUG - Before Noise(Next State): [-0.06081791  0.92903095 -0.23208776 -0.9270168   0.02611547  0.01991488
  0.          0.        ]
2025-04-17 13:03:52,893 - DEBUG - After Noise(Next State): [-0.05604272  0.9338061  -0.23208776 -0.9270168   0.02611547  0.01991488
  0.          0.        ]
2025-04-17 13:03:52,912 - DEBUG - Before Noise(Next State): [-0.0632328   0.90897006 -0.2421197  -0.8916074   0.02674123  0.0125152
  0.          0.        ]
2025-04-17 13:03:52,912 - DEBUG - After Noise(Next State): [-0.04868985  0.923513   -0.2421197  -0.8916074   0.02674123  0.0125152
  0.          0.        ]
2025-04-17 13:03:52,932 - DEBUG - Before Noise(Next State): [-0.06558104  0.8883222  -0.23376024 -0.91766286  0.02569272 -0.02097054
  0.          0.        ]
2025-04-17 13:03:52,933 - DEBUG - After Noise(Next State): [-0.07571881  0.87818444 -0.23376024 -0.91766286  0.02569272 -0.02097054
  0.          0.        ]
2025-04-17 13:03:52,950 - DEBUG - Before Noise(Next State): [-0.06792927  0.86708635 -0.23376024 -0.9437962   0.0246442  -0.02097047
  0.          0.        ]
2025-04-17 13:03:52,951 - DEBUG - After Noise(Next State): [-0.08585766  0.8491579  -0.23376024 -0.9437962   0.0246442  -0.02097047
  0.          0.        ]
2025-04-17 13:03:52,980 - DEBUG - Before Noise(Next State): [-0.07027759  0.84526247 -0.23376021 -0.9699297   0.02359569 -0.02097055
  0.          0.        ]
2025-04-17 13:03:52,980 - DEBUG - After Noise(Next State): [-0.07394542  0.84159464 -0.23376021 -0.9699297   0.02359569 -0.02097055
  0.          0.        ]
2025-04-17 13:03:52,999 - DEBUG - Before Noise(Next State): [-0.07256269  0.82394814 -0.22782168 -0.9473006   0.02291879 -0.01353777
  0.          0.        ]
2025-04-17 13:03:53,000 - DEBUG - After Noise(Next State): [-0.07749957  0.8190113  -0.22782168 -0.9473006   0.02291879 -0.01353777
  0.          0.        ]
2025-04-17 13:03:53,019 - DEBUG - Before Noise(Next State): [-0.0748477   0.8020456  -0.22782166 -0.97343403  0.0222419  -0.01353777
  0.          0.        ]
2025-04-17 13:03:53,020 - DEBUG - After Noise(Next State): [-0.07728745  0.79960585 -0.22782166 -0.97343403  0.0222419  -0.01353777
  0.          0.        ]
2025-04-17 13:03:53,038 - DEBUG - Before Noise(Next State): [-0.07708092  0.7807423  -0.22296111 -0.9468103   0.02188604 -0.00711706
  0.          0.        ]
2025-04-17 13:03:53,038 - DEBUG - After Noise(Next State): [-0.06445153  0.7933717  -0.22296111 -0.9468103   0.02188604 -0.00711706
  0.          0.        ]
2025-04-17 13:03:53,068 - DEBUG - Before Noise(Next State): [-0.07931414  0.7588509  -0.22296111 -0.97294366  0.02153019 -0.00711704
  0.          0.        ]
2025-04-17 13:03:53,068 - DEBUG - After Noise(Next State): [-0.09922304  0.73894197 -0.22296111 -0.97294366  0.02153019 -0.00711704
  0.          0.        ]
2025-04-17 13:03:53,086 - DEBUG - Before Noise(Next State): [-0.08161678  0.73636967 -0.23166227 -0.9991921   0.02291741  0.02774417
  0.          0.        ]
2025-04-17 13:03:53,086 - DEBUG - After Noise(Next State): [-0.1039831   0.7140034  -0.23166227 -0.9991921   0.02291741  0.02774417
  0.          0.        ]
2025-04-17 13:03:53,104 - DEBUG - Before Noise(Next State): [-0.08391933  0.7133002  -0.23166224 -1.0253257   0.02430461  0.02774424
  0.          0.        ]
2025-04-17 13:03:53,104 - DEBUG - After Noise(Next State): [-0.07879058  0.71842897 -0.23166224 -1.0253257   0.02430461  0.02774424
  0.          0.        ]
2025-04-17 13:03:53,124 - DEBUG - Before Noise(Next State): [-0.08622198  0.689643   -0.23166224 -1.0514592   0.02569184  0.02774422
  0.          0.        ]
2025-04-17 13:03:53,125 - DEBUG - After Noise(Next State): [-0.09617015  0.67969483 -0.23166224 -1.0514592   0.02569184  0.02774422
  0.          0.        ]
2025-04-17 13:03:53,156 - DEBUG - Before Noise(Next State): [-0.08859968  0.6653841  -0.24109074 -1.0782278   0.02897273  0.06561777
  0.          0.        ]
2025-04-17 13:03:53,156 - DEBUG - After Noise(Next State): [-0.08183319  0.6721506  -0.24109074 -1.0782278   0.02897273  0.06561777
  0.          0.        ]
2025-04-17 13:03:53,176 - DEBUG - Before Noise(Next State): [-0.09090185  0.6405387  -0.23161855 -1.1042749   0.03035652  0.02767597
  0.          0.        ]
2025-04-17 13:03:53,177 - DEBUG - After Noise(Next State): [-0.07166799  0.6597726  -0.23161855 -1.1042749   0.03035652  0.02767597
  0.          0.        ]
2025-04-17 13:03:53,195 - DEBUG - Before Noise(Next State): [-0.09329148  0.6150896  -0.24259683 -1.131145    0.03394635  0.07179679
  0.          0.        ]
2025-04-17 13:03:53,196 - DEBUG - After Noise(Next State): [-0.11135273  0.5970283  -0.24259683 -1.131145    0.03394635  0.07179679
  0.          0.        ]
2025-04-17 13:03:53,215 - DEBUG - Before Noise(Next State): [-0.09560023  0.5890546  -0.23246095 -1.1571476   0.03550582  0.03118932
  0.          0.        ]
2025-04-17 13:03:53,216 - DEBUG - After Noise(Next State): [-0.08331905  0.60133576 -0.23246095 -1.1571476   0.03550582  0.03118932
  0.          0.        ]
2025-04-17 13:03:53,239 - DEBUG - Before Noise(Next State): [-0.09790907  0.56243163 -0.23246093 -1.183281    0.03706528  0.0311893
  0.          0.        ]
2025-04-17 13:03:53,240 - DEBUG - After Noise(Next State): [-0.09089246  0.56944823 -0.23246093 -1.183281    0.03706528  0.0311893
  0.          0.        ]
2025-04-17 13:03:53,257 - DEBUG - Before Noise(Next State): [-0.10021782  0.53522074 -0.2324609  -1.2094146   0.03862473  0.0311893
  0.          0.        ]
2025-04-17 13:03:53,258 - DEBUG - After Noise(Next State): [-0.10392186  0.5315167  -0.2324609  -1.2094146   0.03862473  0.0311893
  0.          0.        ]
2025-04-17 13:03:53,277 - DEBUG - Before Noise(Next State): [-0.10240145  0.5088719  -0.2206969  -1.1711186   0.0409355   0.04621531
  0.          0.        ]
2025-04-17 13:03:53,278 - DEBUG - After Noise(Next State): [-0.07387992  0.53739345 -0.2206969  -1.1711186   0.0409355   0.04621531
  0.          0.        ]
2025-04-17 13:03:53,296 - DEBUG - Before Noise(Next State): [-0.10473738  0.48275495 -0.23532562 -1.1608068   0.04264529  0.03419599
  0.          0.        ]
2025-04-17 13:03:53,297 - DEBUG - After Noise(Next State): [-0.10049619  0.48699614 -0.23532562 -1.1608068   0.04264529  0.03419599
  0.          0.        ]
2025-04-17 13:03:53,327 - DEBUG - Before Noise(Next State): [-0.10703049  0.45737982 -0.23141901 -1.127845    0.04472769  0.04164778
  0.          0.        ]
2025-04-17 13:03:53,327 - DEBUG - After Noise(Next State): [-0.10148102  0.46292928 -0.23141901 -1.127845    0.04472769  0.04164778
  0.          0.        ]
2025-04-17 13:03:53,351 - DEBUG - Before Noise(Next State): [-0.10923481  0.4314231  -0.2202723  -1.1536249   0.04457404 -0.00307282
  0.          0.        ]
2025-04-17 13:03:53,351 - DEBUG - After Noise(Next State): [-0.10026131  0.4403966  -0.2202723  -1.1536249   0.04457404 -0.00307282
  0.          0.        ]
2025-04-17 13:03:53,372 - DEBUG - Before Noise(Next State): [-0.11134644  0.40488517 -0.20865366 -1.1793917   0.04208974 -0.04968596
  0.          0.        ]
2025-04-17 13:03:53,372 - DEBUG - After Noise(Next State): [-0.09356684  0.42266476 -0.20865366 -1.1793917   0.04208974 -0.04968596
  0.          0.        ]
2025-04-17 13:03:53,391 - DEBUG - Before Noise(Next State): [-0.11339579  0.37876534 -0.20284696 -1.1608266   0.04002373 -0.04132042
  0.          0.        ]
2025-04-17 13:03:53,393 - DEBUG - After Noise(Next State): [-0.10670712  0.385454   -0.20284696 -1.1608266   0.04002373 -0.04132042
  0.          0.        ]
2025-04-17 13:03:53,429 - DEBUG - Before Noise(Next State): [-0.11534767  0.3520579  -0.19061083 -1.1868806   0.03550801 -0.09031413
  0.          0.        ]
2025-04-17 13:03:53,430 - DEBUG - After Noise(Next State): [-0.1242385   0.34316707 -0.19061083 -1.1868806   0.03550801 -0.09031413
  0.          0.        ]
2025-04-17 13:03:53,447 - DEBUG - Before Noise(Next State): [-0.11736326  0.32474843 -0.19862252 -1.2136858   0.03260479 -0.05806401
  0.          0.        ]
2025-04-17 13:03:53,448 - DEBUG - After Noise(Next State): [-0.09167556  0.35043612 -0.19862252 -1.2136858   0.03260479 -0.05806401
  0.          0.        ]
2025-04-17 13:03:53,467 - DEBUG - Before Noise(Next State): [-0.1194006   0.29757765 -0.20076963 -1.2075301   0.02967392 -0.05861733
  0.          0.        ]
2025-04-17 13:03:53,468 - DEBUG - After Noise(Next State): [-0.11189372  0.30508453 -0.20076963 -1.2075301   0.02967392 -0.05861733
  0.          0.        ]
2025-04-17 13:03:53,492 - DEBUG - Before Noise(Next State): [-0.12143793  0.26981893 -0.20076963 -1.233664    0.02674307 -0.05861728
  0.          0.        ]
2025-04-17 13:03:53,493 - DEBUG - After Noise(Next State): [-0.12397031  0.26728654 -0.20076963 -1.233664    0.02674307 -0.05861728
  0.          0.        ]
2025-04-17 13:03:53,538 - DEBUG - Before Noise(Next State): [-0.12347536  0.24147242 -0.20076962 -1.2597982   0.0238122  -0.05861723
  0.          0.        ]
2025-04-17 13:03:53,539 - DEBUG - After Noise(Next State): [-0.09040489  0.2745429  -0.20076962 -1.2597982   0.0238122  -0.05861723
  0.          0.        ]
2025-04-17 13:03:53,554 - DEBUG - Before Noise(Next State): [-0.12554607  0.21389559 -0.20404883 -1.2255903   0.02082655 -0.05971321
  0.          0.        ]
2025-04-17 13:03:53,555 - DEBUG - After Noise(Next State): [-0.13121024  0.20823142 -0.20404883 -1.2255903   0.02082655 -0.05971321
  0.          0.        ]
2025-04-17 13:03:53,573 - DEBUG - Before Noise(Next State): [-0.1276168   0.18573096 -0.2040488  -1.2517245   0.01784089 -0.05971317
  0.          0.        ]
2025-04-17 13:03:53,573 - DEBUG - After Noise(Next State): [-0.11033905  0.20300871 -0.2040488  -1.2517245   0.01784089 -0.05971317
  0.          0.        ]
2025-04-17 13:03:53,593 - DEBUG - Before Noise(Next State): [-0.12974063  0.15766369 -0.20914853 -1.2473989   0.01464718 -0.0638741
  0.          0.        ]
2025-04-17 13:03:53,594 - DEBUG - After Noise(Next State): [-0.12253363  0.16487068 -0.20914853 -1.2473989   0.01464718 -0.0638741
  0.          0.        ]
2025-04-17 13:03:53,633 - DEBUG - Before Noise(Next State): [-0.13179341  0.12982543 -0.20240954 -1.2372309   0.01181905 -0.05656277
  0.          0.        ]
2025-04-17 13:03:53,634 - DEBUG - After Noise(Next State): [-0.15404385  0.10757498 -0.20240954 -1.2372309   0.01181905 -0.05656277
  0.          0.        ]
2025-04-17 13:03:53,653 - DEBUG - Before Noise(Next State): [-0.13390799  0.10139395 -0.21017392 -1.2636126   0.01054685 -0.02544399
  0.          0.        ]
2025-04-17 13:03:53,653 - DEBUG - After Noise(Next State): [-0.11397552  0.12132642 -0.21017392 -1.2636126   0.01054685 -0.02544399
  0.          0.        ]
2025-04-17 13:03:53,671 - DEBUG - Before Noise(Next State): [-0.13602257  0.07237452 -0.21017392 -1.2897462   0.00927464 -0.02544383
  0.          0.        ]
2025-04-17 13:03:53,672 - DEBUG - After Noise(Next State): [-0.12142399  0.0869731  -0.21017392 -1.2897462   0.00927464 -0.02544383
  0.          0.        ]
2025-04-17 13:03:53,691 - DEBUG - Before Noise(Next State): [-0.13832016  0.04364699 -0.22764298 -1.2767665   0.00718091 -0.04187462
  0.          0.        ]
2025-04-17 13:03:53,692 - DEBUG - After Noise(Next State): [-0.14440288  0.03756427 -0.22764298 -1.2767665   0.00718091 -0.04187462
  0.          0.        ]
2025-04-17 13:03:53,727 - DEBUG - Before Noise(Next State): [-1.4070186e-01  1.4321503e-02 -2.3819117e-01 -1.3033535e+00
  7.2007938e-03  3.9769971e-04  0.0000000e+00  0.0000000e+00]
2025-04-17 13:03:53,728 - DEBUG - After Noise(Next State): [-1.2340283e-01  3.1620536e-02 -2.3819117e-01 -1.3033535e+00
  7.2007938e-03  3.9769971e-04  0.0000000e+00  0.0000000e+00]
2025-04-17 13:03:53,746 - DEBUG - Before Noise(Next State): [-1.4308357e-01 -1.5591958e-02 -2.3819116e-01 -1.3294868e+00
  7.2206715e-03  3.9772224e-04  1.0000000e+00  1.0000000e+00]
2025-04-17 13:03:53,747 - DEBUG - After Noise(Next State): [-1.4151740e-01 -1.4025785e-02 -2.3819116e-01 -1.3294868e+00
  7.2206715e-03  3.9772224e-04  1.0000000e+00  1.0000000e+00]
2025-04-17 13:03:53,766 - DEBUG - Before Noise(Next State): [-1.4565401e-01 -4.2816915e-02 -5.9829574e-02 -2.6628550e-08
 -4.9002870e-04 -3.0359371e-07  1.0000000e+00  1.0000000e+00]
2025-04-17 13:03:53,766 - DEBUG - After Noise(Next State): [-1.3256307e-01 -2.9725974e-02 -5.9829574e-02 -2.6628550e-08
 -4.9002870e-04 -3.0359371e-07  1.0000000e+00  1.0000000e+00]
2025-04-17 13:03:53,767 - DEBUG - Episode 9 received a Reward = -41.741125145565434 
2025-04-17 13:03:53,807 - DEBUG - Before Noise(Current State): [ 0.00629234  1.407953    0.63733    -0.13188662 -0.00728447 -0.14436486
  0.          0.        ]
2025-04-17 13:03:53,808 - DEBUG - After Noise(Current State): [-0.02453228  1.3771284   0.63733    -0.13188662 -0.00728447 -0.14436486
  0.          0.        ]
2025-04-17 13:03:53,825 - DEBUG - Before Noise(Next State): [ 0.0126502   1.4044282   0.64466035 -0.15672207 -0.01606001 -0.17552651
  0.          0.        ]
2025-04-17 13:03:53,826 - DEBUG - After Noise(Next State): [ 0.04218199  1.4339601   0.64466035 -0.15672207 -0.01606001 -0.17552651
  0.          0.        ]
2025-04-17 13:03:53,844 - DEBUG - Before Noise(Next State): [ 0.0189434   1.4003098   0.6365354  -0.18313827 -0.02319724 -0.1427578
  0.          0.        ]
2025-04-17 13:03:53,844 - DEBUG - After Noise(Next State): [ 0.03334241  1.4147089   0.6365354  -0.18313827 -0.02319724 -0.1427578
  0.          0.        ]
2025-04-17 13:03:53,863 - DEBUG - Before Noise(Next State): [ 0.0252368   1.395604    0.6365553  -0.20927988 -0.03033461 -0.1427605
  0.          0.        ]
2025-04-17 13:03:53,864 - DEBUG - After Noise(Next State): [ 0.01338642  1.3837537   0.6365553  -0.20927988 -0.03033461 -0.1427605
  0.          0.        ]
2025-04-17 13:03:53,889 - DEBUG - Before Noise(Next State): [ 0.03140325  1.3914428   0.6245867  -0.18512027 -0.03818802 -0.1570826
  0.          0.        ]
2025-04-17 13:03:53,889 - DEBUG - After Noise(Next State): [ 0.07019872  1.4302382   0.6245867  -0.18512027 -0.03818802 -0.1570826
  0.          0.        ]
2025-04-17 13:03:53,929 - DEBUG - Before Noise(Next State): [ 0.03774986  1.3874769   0.6418183  -0.17645922 -0.04527551 -0.14176276
  0.          0.        ]
2025-04-17 13:03:53,930 - DEBUG - After Noise(Next State): [ 0.05893191  1.408659    0.6418183  -0.17645922 -0.04527551 -0.14176276
  0.          0.        ]
2025-04-17 13:03:53,956 - DEBUG - Before Noise(Next State): [ 0.04415808  1.3829281   0.6495398  -0.2024603  -0.05390284 -0.17256263
  0.          0.        ]
2025-04-17 13:03:53,957 - DEBUG - After Noise(Next State): [ 0.03143543  1.3702055   0.6495398  -0.2024603  -0.05390284 -0.17256263
  0.          0.        ]
2025-04-17 13:03:53,974 - DEBUG - Before Noise(Next State): [ 0.05049009  1.3778065   0.63995457 -0.227883   -0.06058901 -0.13373595
  0.          0.        ]
2025-04-17 13:03:53,974 - DEBUG - After Noise(Next State): [ 0.0373571   1.3646735   0.63995457 -0.227883   -0.06058901 -0.13373595
  0.          0.        ]
2025-04-17 13:03:53,993 - DEBUG - Before Noise(Next State): [ 0.0568594   1.3732729   0.6437267  -0.20178714 -0.06732449 -0.13472193
  0.          0.        ]
2025-04-17 13:03:53,994 - DEBUG - After Noise(Next State): [ 0.07897354  1.395387    0.6437267  -0.20178714 -0.06732449 -0.13472193
  0.          0.        ]
2025-04-17 13:03:54,024 - DEBUG - Before Noise(Next State): [ 0.06315155  1.3690004   0.6365703  -0.19023232 -0.07460486 -0.14562108
  0.          0.        ]
2025-04-17 13:03:54,024 - DEBUG - After Noise(Next State): [ 0.05696883  1.3628178   0.6365703  -0.19023232 -0.07460486 -0.14562108
  0.          0.        ]
2025-04-17 13:03:54,048 - DEBUG - Before Noise(Next State): [ 0.06944399  1.3641407   0.63659084 -0.2163741  -0.08188365 -0.14558943
  0.          0.        ]
2025-04-17 13:03:54,048 - DEBUG - After Noise(Next State): [ 0.0578268   1.3525236   0.63659084 -0.2163741  -0.08188365 -0.14558943
  0.          0.        ]
2025-04-17 13:03:54,069 - DEBUG - Before Noise(Next State): [ 0.07580499  1.3586955   0.6451622  -0.24252512 -0.09087028 -0.1797493
  0.          0.        ]
2025-04-17 13:03:54,069 - DEBUG - After Noise(Next State): [ 0.06446876  1.3473593   0.6451622  -0.24252512 -0.09087028 -0.1797493
  0.          0.        ]
2025-04-17 13:03:54,093 - DEBUG - Before Noise(Next State): [ 0.08216639  1.3526633   0.6451885  -0.26866764 -0.09985477 -0.17970628
  0.          0.        ]
2025-04-17 13:03:54,093 - DEBUG - After Noise(Next State): [ 0.07802987  1.3485267   0.6451885  -0.26866764 -0.09985477 -0.17970628
  0.          0.        ]
2025-04-17 13:03:54,136 - DEBUG - Before Noise(Next State): [ 0.08860759  1.3471763   0.65314007 -0.24449067 -0.10881952 -0.17931148
  0.          0.        ]
2025-04-17 13:03:54,137 - DEBUG - After Noise(Next State): [ 0.11811142  1.3766801   0.65314007 -0.24449067 -0.10881952 -0.17931148
  0.          0.        ]
2025-04-17 13:03:54,155 - DEBUG - Before Noise(Next State): [ 0.0950491   1.3411022   0.653163   -0.2706427  -0.11778285 -0.17928278
  0.          0.        ]
2025-04-17 13:03:54,156 - DEBUG - After Noise(Next State): [ 0.10144031  1.3474934   0.653163   -0.2706427  -0.11778285 -0.17928278
  0.          0.        ]
2025-04-17 13:03:54,173 - DEBUG - Before Noise(Next State): [ 0.10177536  1.335805    0.68079746 -0.2360917  -0.12591821 -0.16272193
  0.          0.        ]
2025-04-17 13:03:54,174 - DEBUG - After Noise(Next State): [ 0.09144951  1.3254791   0.68079746 -0.2360917  -0.12591821 -0.16272193
  0.          0.        ]
2025-04-17 13:03:54,193 - DEBUG - Before Noise(Next State): [ 0.10876437  1.3311058   0.70630366 -0.2094892  -0.13329561 -0.14756139
  0.          0.        ]
2025-04-17 13:03:54,194 - DEBUG - After Noise(Next State): [ 0.10193928  1.3242807   0.70630366 -0.2094892  -0.13329561 -0.14756139
  0.          0.        ]
2025-04-17 13:03:54,222 - DEBUG - Before Noise(Next State): [ 0.11597776  1.3265767   0.72800833 -0.20189658 -0.13994488 -0.13299727
  0.          0.        ]
2025-04-17 13:03:54,222 - DEBUG - After Noise(Next State): [ 0.13098659  1.3415855   0.72800833 -0.20189658 -0.13994488 -0.13299727
  0.          0.        ]
2025-04-17 13:03:54,241 - DEBUG - Before Noise(Next State): [ 0.12313195  1.3214823   0.72052366 -0.22690557 -0.14504503 -0.10201202
  0.          0.        ]
2025-04-17 13:03:54,241 - DEBUG - After Noise(Next State): [ 0.10956485  1.3079152   0.72052366 -0.22690557 -0.14504503 -0.10201202
  0.          0.        ]
2025-04-17 13:03:54,260 - DEBUG - Before Noise(Next State): [ 0.13036394  1.3157847   0.7302896  -0.25393358 -0.15212697 -0.14165178
  0.          0.        ]
2025-04-17 13:03:54,261 - DEBUG - After Noise(Next State): [ 0.11948056  1.3049014   0.7302896  -0.25393358 -0.15212697 -0.14165178
  0.          0.        ]
2025-04-17 13:03:54,280 - DEBUG - Before Noise(Next State): [ 0.13759632  1.3094995   0.7303097  -0.2800749  -0.15920672 -0.14160761
  0.          0.        ]
2025-04-17 13:03:54,281 - DEBUG - After Noise(Next State): [ 0.16302282  1.334926    0.7303097  -0.2800749  -0.15920672 -0.14160761
  0.          0.        ]
2025-04-17 13:03:54,307 - DEBUG - Before Noise(Next State): [ 0.14501056  1.3033149   0.7479956  -0.27557966 -0.16578873 -0.13165173
  0.          0.        ]
2025-04-17 13:03:54,308 - DEBUG - After Noise(Next State): [ 0.13746786  1.2957722   0.7479956  -0.27557966 -0.16578873 -0.13165173
  0.          0.        ]
2025-04-17 13:03:54,327 - DEBUG - Before Noise(Next State): [ 0.15244217  1.2973828   0.7500723  -0.26443452 -0.17272079 -0.13865367
  0.          0.        ]
2025-04-17 13:03:54,327 - DEBUG - After Noise(Next State): [ 0.15475222  1.2996929   0.7500723  -0.26443452 -0.17272079 -0.13865367
  0.          0.        ]
2025-04-17 13:03:54,347 - DEBUG - Before Noise(Next State): [ 0.15987405  1.290863    0.75008994 -0.29057977 -0.17965126 -0.13862178
  0.          0.        ]
2025-04-17 13:03:54,348 - DEBUG - After Noise(Next State): [ 0.1744738   1.3054628   0.75008994 -0.29057977 -0.17965126 -0.13862178
  0.          0.        ]
2025-04-17 13:03:54,367 - DEBUG - Before Noise(Next State): [ 0.16732922  1.2848074   0.75287354 -0.27004632 -0.18705614 -0.1481109
  0.          0.        ]
2025-04-17 13:03:54,368 - DEBUG - After Noise(Next State): [ 0.18799311  1.3054713   0.75287354 -0.27004632 -0.18705614 -0.1481109
  0.          0.        ]
2025-04-17 13:03:54,391 - DEBUG - Before Noise(Next State): [ 0.1750206   1.2792357   0.77641696 -0.24856776 -0.19437243 -0.14632979
  0.          0.        ]
2025-04-17 13:03:54,391 - DEBUG - After Noise(Next State): [ 0.17718549  1.2814006   0.77641696 -0.24856776 -0.19437243 -0.14632979
  0.          0.        ]
2025-04-17 13:03:54,411 - DEBUG - Before Noise(Next State): [ 0.18290596  1.2744799   0.7953967  -0.21228991 -0.20127282 -0.1380079
  0.          0.        ]
2025-04-17 13:03:54,412 - DEBUG - After Noise(Next State): [ 0.15808101  1.2496549   0.7953967  -0.21228991 -0.20127282 -0.1380079
  0.          0.        ]
2025-04-17 13:03:54,430 - DEBUG - Before Noise(Next State): [ 0.19070253  1.269152    0.7842678  -0.23742972 -0.20591462 -0.09283604
  0.          0.        ]
2025-04-17 13:03:54,431 - DEBUG - After Noise(Next State): [ 0.18191387  1.2603633   0.7842678  -0.23742972 -0.20591462 -0.09283604
  0.          0.        ]
2025-04-17 13:03:54,450 - DEBUG - Before Noise(Next State): [ 0.19857597  1.2632041   0.793954   -0.2652881  -0.21258856 -0.13347933
  0.          0.        ]
2025-04-17 13:03:54,450 - DEBUG - After Noise(Next State): [ 0.18544422  1.2500724   0.793954   -0.2652881  -0.21258856 -0.13347933
  0.          0.        ]
2025-04-17 13:03:54,481 - DEBUG - Before Noise(Next State): [ 0.20664339  1.2581097   0.81340885 -0.22739626 -0.2193233  -0.13469489
  0.          0.        ]
2025-04-17 13:03:54,482 - DEBUG - After Noise(Next State): [ 0.2028918   1.254358    0.81340885 -0.22739626 -0.2193233  -0.13469489
  0.          0.        ]
2025-04-17 13:03:54,500 - DEBUG - Before Noise(Next State): [ 0.21487646  1.2535515   0.8299672  -0.20359746 -0.22606485 -0.13483064
  0.          0.        ]
2025-04-17 13:03:54,500 - DEBUG - After Noise(Next State): [ 0.19044508  1.2291201   0.8299672  -0.20359746 -0.22606485 -0.13483064
  0.          0.        ]
2025-04-17 13:03:54,519 - DEBUG - Before Noise(Next State): [ 0.22305012  1.248433    0.82245624 -0.22827914 -0.23121735 -0.10305031
  0.          0.        ]
2025-04-17 13:03:54,519 - DEBUG - After Noise(Next State): [ 0.21799402  1.2433769   0.82245624 -0.22827914 -0.23121735 -0.10305031
  0.          0.        ]
2025-04-17 13:03:54,539 - DEBUG - Before Noise(Next State): [ 0.23115215  1.2427516   0.81341505 -0.25301746 -0.23448664 -0.06538561
  0.          0.        ]
2025-04-17 13:03:54,540 - DEBUG - After Noise(Next State): [ 0.22364004  1.2352395   0.81341505 -0.25301746 -0.23448664 -0.06538561
  0.          0.        ]
2025-04-17 13:03:54,576 - DEBUG - Before Noise(Next State): [ 0.2393363   1.2364578   0.8237421  -0.28057945 -0.2398927  -0.10812135
  0.          0.        ]
2025-04-17 13:03:54,577 - DEBUG - After Noise(Next State): [ 0.2238439   1.2209654   0.8237421  -0.28057945 -0.2398927  -0.10812135
  0.          0.        ]
2025-04-17 13:03:54,596 - DEBUG - Before Noise(Next State): [ 0.24742536  1.2296064   0.8117755  -0.3049772  -0.24281521 -0.05844985
  0.          0.        ]
2025-04-17 13:03:54,596 - DEBUG - After Noise(Next State): [ 0.2635849   1.2457659   0.8117755  -0.3049772  -0.24281521 -0.05844985
  0.          0.        ]
2025-04-17 13:03:54,615 - DEBUG - Before Noise(Next State): [ 0.25558957  1.2221301   0.82128495 -0.33310077 -0.24776715 -0.09903909
  0.          0.        ]
2025-04-17 13:03:54,615 - DEBUG - After Noise(Next State): [ 0.322645    1.2891855   0.82128495 -0.33310077 -0.24776715 -0.09903909
  0.          0.        ]
2025-04-17 13:03:54,634 - DEBUG - Before Noise(Next State): [ 0.26382685  1.2140329   0.83050317 -0.36102867 -0.2546751  -0.13815887
  0.          0.        ]
2025-04-17 13:03:54,636 - DEBUG - After Noise(Next State): [ 0.28888714  1.2390932   0.83050317 -0.36102867 -0.2546751  -0.13815887
  0.          0.        ]
2025-04-17 13:03:54,669 - DEBUG - Before Noise(Next State): [ 0.27241     1.2065525   0.8644826  -0.33355004 -0.26097116 -0.12592141
  0.          0.        ]
2025-04-17 13:03:54,670 - DEBUG - After Noise(Next State): [ 0.24063765  1.1747801   0.8644826  -0.33355004 -0.26097116 -0.12592141
  0.          0.        ]
2025-04-17 13:03:54,691 - DEBUG - Before Noise(Next State): [ 0.28095597  1.1992645   0.86152047 -0.32515323 -0.26805422 -0.14166132
  0.          0.        ]
2025-04-17 13:03:54,693 - DEBUG - After Noise(Next State): [ 0.25419137  1.1724999   0.86152047 -0.32515323 -0.26805422 -0.14166132
  0.          0.        ]
2025-04-17 13:03:54,711 - DEBUG - Before Noise(Next State): [ 0.28950205  1.1913894   0.86151886 -0.3512907  -0.27513725 -0.14166085
  0.          0.        ]
2025-04-17 13:03:54,712 - DEBUG - After Noise(Next State): [ 0.28651968  1.1884071   0.86151886 -0.3512907  -0.27513725 -0.14166085
  0.          0.        ]
2025-04-17 13:03:54,729 - DEBUG - Before Noise(Next State): [ 0.29813623  1.1828907   0.87259877 -0.3794861  -0.2845672  -0.18859926
  0.          0.        ]
2025-04-17 13:03:54,730 - DEBUG - After Noise(Next State): [ 0.2859023   1.1706567   0.87259877 -0.3794861  -0.2845672  -0.18859926
  0.          0.        ]
2025-04-17 13:03:54,758 - DEBUG - Before Noise(Next State): [ 0.30677062  1.1738049   0.8725956  -0.40562662 -0.2939971  -0.18859814
  0.          0.        ]
2025-04-17 13:03:54,758 - DEBUG - After Noise(Next State): [ 0.2863897   1.153424    0.8725956  -0.40562662 -0.2939971  -0.18859814
  0.          0.        ]
2025-04-17 13:03:54,778 - DEBUG - Before Noise(Next State): [ 0.3156376   1.1645827   0.895232   -0.4116234  -0.30280095 -0.17607684
  0.          0.        ]
2025-04-17 13:03:54,778 - DEBUG - After Noise(Next State): [ 0.35052705  1.1994722   0.895232   -0.4116234  -0.30280095 -0.17607684
  0.          0.        ]
2025-04-17 13:03:54,797 - DEBUG - Before Noise(Next State): [ 0.32468158  1.1559554   0.9131969  -0.38529333 -0.3119115  -0.18221061
  0.          0.        ]
2025-04-17 13:03:54,798 - DEBUG - After Noise(Next State): [ 0.34968916  1.180963    0.9131969  -0.38529333 -0.3119115  -0.18221061
  0.          0.        ]
2025-04-17 13:03:54,818 - DEBUG - Before Noise(Next State): [ 0.33397132  1.1482235   0.93805325 -0.34562272 -0.32134402 -0.18865082
  0.          0.        ]
2025-04-17 13:03:54,819 - DEBUG - After Noise(Next State): [ 0.30450377  1.1187559   0.93805325 -0.34562272 -0.32134402 -0.18865082
  0.          0.        ]
2025-04-17 13:03:54,846 - DEBUG - Before Noise(Next State): [ 0.34326115  1.1399047   0.9380498  -0.37176323 -0.3307765  -0.18864974
  0.          0.        ]
2025-04-17 13:03:54,847 - DEBUG - After Noise(Next State): [ 0.30639294  1.1030365   0.9380498  -0.37176323 -0.3307765  -0.18864974
  0.          0.        ]
2025-04-17 13:03:54,864 - DEBUG - Before Noise(Next State): [ 0.3526184   1.1315751   0.9450157  -0.37237045 -0.3404926  -0.19432253
  0.          0.        ]
2025-04-17 13:03:54,864 - DEBUG - After Noise(Next State): [ 0.34060445  1.1195612   0.9450157  -0.37237045 -0.3404926  -0.19432253
  0.          0.        ]
2025-04-17 13:03:54,884 - DEBUG - Before Noise(Next State): [ 0.36189508  1.1227112   0.93473613 -0.39564237 -0.3479068  -0.14828357
  0.          0.        ]
2025-04-17 13:03:54,884 - DEBUG - After Noise(Next State): [ 0.3430615   1.1038777   0.93473613 -0.39564237 -0.3479068  -0.14828357
  0.          0.        ]
2025-04-17 13:03:54,902 - DEBUG - Before Noise(Next State): [ 0.37125748  1.113216    0.9455325  -0.42428795 -0.3576769  -0.1954021
  0.          0.        ]
2025-04-17 13:03:54,903 - DEBUG - After Noise(Next State): [ 0.3816658   1.1236243   0.9455325  -0.42428795 -0.3576769  -0.1954021
  0.          0.        ]
2025-04-17 13:03:54,931 - DEBUG - Before Noise(Next State): [ 0.38068017  1.103113    0.9530199  -0.45173585 -0.36902475 -0.2269572
  0.          0.        ]
2025-04-17 13:03:54,931 - DEBUG - After Noise(Next State): [ 0.3743237   1.0967566   0.9530199  -0.45173585 -0.36902475 -0.2269572
  0.          0.        ]
2025-04-17 13:03:54,951 - DEBUG - Before Noise(Next State): [ 0.39037877  1.0936447   0.9807189  -0.423654   -0.38054252 -0.23035526
  0.          0.        ]
2025-04-17 13:03:54,951 - DEBUG - After Noise(Next State): [ 0.36030644  1.0635724   0.9807189  -0.423654   -0.38054252 -0.23035526
  0.          0.        ]
2025-04-17 13:03:54,971 - DEBUG - Before Noise(Next State): [ 0.4001542   1.083538    0.9904235  -0.4526868  -0.39427128 -0.27457547
  0.          0.        ]
2025-04-17 13:03:54,972 - DEBUG - After Noise(Next State): [ 0.44089246  1.1242763   0.9904235  -0.4526868  -0.39427128 -0.27457547
  0.          0.        ]
2025-04-17 13:03:54,990 - DEBUG - Before Noise(Next State): [ 0.41024524  1.0739026   1.0218236  -0.43183246 -0.40790728 -0.27271965
  0.          0.        ]
2025-04-17 13:03:54,990 - DEBUG - After Noise(Next State): [ 0.42551246  1.0891699   1.0218236  -0.43183246 -0.40790728 -0.27271965
  0.          0.        ]
2025-04-17 13:03:55,015 - DEBUG - Before Noise(Next State): [ 0.42026824  1.0637348   1.0130407  -0.45504478 -0.41949004 -0.23165545
  0.          0.        ]
2025-04-17 13:03:55,015 - DEBUG - After Noise(Next State): [ 0.4556293   1.0990958   1.0130407  -0.45504478 -0.41949004 -0.23165545
  0.          0.        ]
2025-04-17 13:03:55,034 - DEBUG - Before Noise(Next State): [ 0.43049964  1.0537055   1.0338565  -0.44897944 -0.43110493 -0.23229766
  0.          0.        ]
2025-04-17 13:03:55,035 - DEBUG - After Noise(Next State): [ 0.419432    1.0426378   1.0338565  -0.44897944 -0.43110493 -0.23229766
  0.          0.        ]
2025-04-17 13:03:55,053 - DEBUG - Before Noise(Next State): [ 0.44111317  1.0445254   1.0722477  -0.41138488 -0.44296578 -0.23721728
  0.          0.        ]
2025-04-17 13:03:55,054 - DEBUG - After Noise(Next State): [ 0.41965914  1.0230714   1.0722477  -0.41138488 -0.44296578 -0.23721728
  0.          0.        ]
2025-04-17 13:03:55,073 - DEBUG - Before Noise(Next State): [ 0.4517935   1.0347025   1.0807058  -0.440647   -0.45686337 -0.27795213
  0.          0.        ]
2025-04-17 13:03:55,074 - DEBUG - After Noise(Next State): [ 0.45924318  1.0421522   1.0807058  -0.440647   -0.45686337 -0.27795213
  0.          0.        ]
2025-04-17 13:03:55,092 - DEBUG - Before Noise(Next State): [ 0.46239787  1.0243561   1.070915   -0.46332473 -0.46842462 -0.23122485
  0.          0.        ]
2025-04-17 13:03:55,092 - DEBUG - After Noise(Next State): [ 0.47404116  1.0359994   1.070915   -0.46332473 -0.46842462 -0.23122485
  0.          0.        ]
2025-04-17 13:03:55,112 - DEBUG - Before Noise(Next State): [ 0.47292423  1.0134903   1.0608873  -0.48572809 -0.47755718 -0.18265158
  0.          0.        ]
2025-04-17 13:03:55,112 - DEBUG - After Noise(Next State): [ 0.44775292  0.98831904  1.0608873  -0.48572809 -0.47755718 -0.18265158
  0.          0.        ]
2025-04-17 13:03:55,131 - DEBUG - Before Noise(Next State): [ 0.48345107  1.0020376   1.0608824  -0.51186764 -0.48668972 -0.18265046
  0.          0.        ]
2025-04-17 13:03:55,131 - DEBUG - After Noise(Next State): [ 0.48286846  1.0014551   1.0608824  -0.51186764 -0.48668972 -0.18265046
  0.          0.        ]
2025-04-17 13:03:55,149 - DEBUG - Before Noise(Next State): [ 0.49392146  0.9900386   1.0536946  -0.53566915 -0.4941378  -0.14896205
  0.          0.        ]
2025-04-17 13:03:55,150 - DEBUG - After Noise(Next State): [ 0.48596603  0.98208314  1.0536946  -0.53566915 -0.4941378  -0.14896205
  0.          0.        ]
2025-04-17 13:03:55,178 - DEBUG - Before Noise(Next State): [ 0.50484735  0.97823983  1.0985907  -0.52656245 -0.5008852  -0.1349474
  0.          0.        ]
2025-04-17 13:03:55,179 - DEBUG - After Noise(Next State): [ 0.4942639   0.9676564   1.0985907  -0.52656245 -0.5008852  -0.1349474
  0.          0.        ]
2025-04-17 13:03:55,197 - DEBUG - Before Noise(Next State): [ 0.5157733   0.96585363  1.098588   -0.55269915 -0.50763255 -0.13494702
  0.          0.        ]
2025-04-17 13:03:55,198 - DEBUG - After Noise(Next State): [ 0.5266249   0.97670525  1.098588   -0.55269915 -0.50763255 -0.13494702
  0.          0.        ]
2025-04-17 13:03:55,215 - DEBUG - Before Noise(Next State): [ 0.52669954  0.95288     1.0985852  -0.5788358  -0.51437986 -0.13494657
  0.          0.        ]
2025-04-17 13:03:55,216 - DEBUG - After Noise(Next State): [ 0.5286638   0.9548443   1.0985852  -0.5788358  -0.51437986 -0.13494657
  0.          0.        ]
2025-04-17 13:03:55,235 - DEBUG - Before Noise(Next State): [ 0.53762597  0.9393189   1.0985824  -0.60497254 -0.52112716 -0.13494618
  0.          0.        ]
2025-04-17 13:03:55,236 - DEBUG - After Noise(Next State): [ 0.5517592   0.9534521   1.0985824  -0.60497254 -0.52112716 -0.13494618
  0.          0.        ]
2025-04-17 13:03:55,268 - DEBUG - Before Noise(Next State): [ 0.54904824  0.9261137   1.1476676  -0.5889978  -0.5273354  -0.12416425
  0.          0.        ]
2025-04-17 13:03:55,269 - DEBUG - After Noise(Next State): [ 0.55399376  0.93105924  1.1476676  -0.5889978  -0.5273354  -0.12416425
  0.          0.        ]
2025-04-17 13:03:55,288 - DEBUG - Before Noise(Next State): [ 0.56079674  0.9135694   1.1808193  -0.55986315 -0.5341778  -0.13684715
  0.          0.        ]
2025-04-17 13:03:55,289 - DEBUG - After Noise(Next State): [ 0.593502    0.94627464  1.1808193  -0.55986315 -0.5341778  -0.13684715
  0.          0.        ]
2025-04-17 13:03:55,306 - DEBUG - Before Noise(Next State): [ 0.5726263   0.90035677  1.191231   -0.5905129  -0.5436834  -0.19011228
  0.          0.        ]
2025-04-17 13:03:55,307 - DEBUG - After Noise(Next State): [ 0.528456    0.85618645  1.191231   -0.5905129  -0.5436834  -0.19011228
  0.          0.        ]
2025-04-17 13:03:55,327 - DEBUG - Before Noise(Next State): [ 0.5845189   0.88648754  1.1993253  -0.6205108  -0.55533147 -0.23296078
  0.          0.        ]
2025-04-17 13:03:55,327 - DEBUG - After Noise(Next State): [ 0.5991298   0.90109843  1.1993253  -0.6205108  -0.55533147 -0.23296078
  0.          0.        ]
2025-04-17 13:03:55,353 - DEBUG - Before Noise(Next State): [ 0.59635097  0.8720986   1.1914151  -0.6429365  -0.56489426 -0.19125637
  0.          0.        ]
2025-04-17 13:03:55,354 - DEBUG - After Noise(Next State): [ 0.60464025  0.8803879   1.1914151  -0.6429365  -0.56489426 -0.19125637
  0.          0.        ]
2025-04-17 13:03:55,373 - DEBUG - Before Noise(Next State): [ 0.6081255   0.8571679   1.184106   -0.6664159  -0.5726841  -0.15579699
  0.          0.        ]
2025-04-17 13:03:55,373 - DEBUG - After Noise(Next State): [ 0.6235843   0.87262666  1.184106   -0.6664159  -0.5726841  -0.15579699
  0.          0.        ]
2025-04-17 13:03:55,391 - DEBUG - Before Noise(Next State): [ 0.61990035  0.8416502   1.1841018  -0.69255346 -0.5804739  -0.15579635
  0.          0.        ]
2025-04-17 13:03:55,393 - DEBUG - After Noise(Next State): [ 0.62102586  0.8427757   1.1841018  -0.69255346 -0.5804739  -0.15579635
  0.          0.        ]
2025-04-17 13:03:55,423 - DEBUG - Before Noise(Next State): [ 0.63175106  0.82547224  1.1937377  -0.7228419  -0.59073776 -0.20527692
  0.          0.        ]
2025-04-17 13:03:55,423 - DEBUG - After Noise(Next State): [ 0.6318215   0.8255427   1.1937377  -0.7228419  -0.59073776 -0.20527692
  0.          0.        ]
2025-04-17 13:03:55,466 - DEBUG - Before Noise(Next State): [ 0.6439743   0.8093983   1.2307327  -0.7181947  -0.6007588  -0.20042107
  0.          0.        ]
2025-04-17 13:03:55,467 - DEBUG - After Noise(Next State): [ 0.6354122   0.8008362   1.2307327  -0.7181947  -0.6007588  -0.20042107
  0.          0.        ]
2025-04-17 13:03:55,485 - DEBUG - Before Noise(Next State): [ 0.6561453   0.792788    1.224006   -0.741409   -0.6090452  -0.16572772
  0.          0.        ]
2025-04-17 13:03:55,487 - DEBUG - After Noise(Next State): [ 0.63714254  0.7737853   1.224006   -0.741409   -0.6090452  -0.16572772
  0.          0.        ]
2025-04-17 13:03:55,505 - DEBUG - Before Noise(Next State): [ 0.66824645  0.7756652   1.2149961  -0.76329464 -0.6149336  -0.11776786
  0.          0.        ]
2025-04-17 13:03:55,506 - DEBUG - After Noise(Next State): [ 0.68047196  0.78789073  1.2149961  -0.76329464 -0.6149336  -0.11776786
  0.          0.        ]
2025-04-17 13:03:55,525 - DEBUG - Before Noise(Next State): [ 0.68039477  0.7578966   1.221103   -0.7927018  -0.6225344  -0.15201536
  0.          0.        ]
2025-04-17 13:03:55,525 - DEBUG - After Noise(Next State): [ 0.6895695   0.7670713   1.221103   -0.7927018  -0.6225344  -0.15201536
  0.          0.        ]
2025-04-17 13:03:55,548 - DEBUG - Before Noise(Next State): [ 0.69286364  0.7402518   1.2531775  -0.7872493  -0.6302115  -0.15354145
  0.          0.        ]
2025-04-17 13:03:55,548 - DEBUG - After Noise(Next State): [ 0.66604704  0.7134352   1.2531775  -0.7872493  -0.6302115  -0.15354145
  0.          0.        ]
2025-04-17 13:03:55,567 - DEBUG - Before Noise(Next State): [ 0.7057207   0.72259015  1.2916381  -0.78786784 -0.6374757  -0.14528394
  0.          0.        ]
2025-04-17 13:03:55,568 - DEBUG - After Noise(Next State): [ 0.6943924   0.7112618   1.2916381  -0.78786784 -0.6374757  -0.14528394
  0.          0.        ]
2025-04-17 13:03:55,585 - DEBUG - Before Noise(Next State): [ 0.71865636  0.70426357  1.3015835  -0.81849986 -0.6473511  -0.1975072
  0.          0.        ]
2025-04-17 13:03:55,585 - DEBUG - After Noise(Next State): [ 0.7240302   0.7096374   1.3015835  -0.81849986 -0.6473511  -0.1975072
  0.          0.        ]
2025-04-17 13:03:55,605 - DEBUG - Before Noise(Next State): [ 0.732021    0.68622065  1.3444276  -0.80597085 -0.6572655  -0.1982863
  0.          0.        ]
2025-04-17 13:03:55,606 - DEBUG - After Noise(Next State): [ 0.746748    0.70094764  1.3444276  -0.80597085 -0.6572655  -0.1982863
  0.          0.        ]
2025-04-17 13:03:55,626 - DEBUG - Before Noise(Next State): [ 0.74538577  0.66759056  1.34442    -0.8321108  -0.66717964 -0.19828495
  0.          0.        ]
2025-04-17 13:03:55,627 - DEBUG - After Noise(Next State): [ 0.72144854  0.64365333  1.34442    -0.8321108  -0.66717964 -0.19828495
  0.          0.        ]
2025-04-17 13:03:55,645 - DEBUG - Before Noise(Next State): [ 0.7587059   0.64844143  1.3384297  -0.8544702  -0.6752687  -0.16178143
  0.          0.        ]
2025-04-17 13:03:55,646 - DEBUG - After Noise(Next State): [ 0.7669835   0.656719    1.3384297  -0.8544702  -0.6752687  -0.16178143
  0.          0.        ]
2025-04-17 13:03:55,665 - DEBUG - Before Noise(Next State): [ 0.77235776  0.6294837   1.3718089  -0.8461271  -0.6836622  -0.16786967
  0.          0.        ]
2025-04-17 13:03:55,666 - DEBUG - After Noise(Next State): [ 0.7738227   0.63094866  1.3718089  -0.8461271  -0.6836622  -0.16786967
  0.          0.        ]
2025-04-17 13:03:55,683 - DEBUG - Before Noise(Next State): [ 0.78660333  0.6107364   1.430687   -0.8365626  -0.6914826  -0.15640818
  0.          0.        ]
2025-04-17 13:03:55,683 - DEBUG - After Noise(Next State): [ 0.7751776   0.5993107   1.430687   -0.8365626  -0.6914826  -0.15640818
  0.          0.        ]
2025-04-17 13:03:55,706 - DEBUG - Before Noise(Next State): [ 0.8008493   0.59140176  1.430682   -0.86269987 -0.699303   -0.1564075
  0.          0.        ]
2025-04-17 13:03:55,707 - DEBUG - After Noise(Next State): [ 0.8176533   0.60820574  1.430682   -0.86269987 -0.699303   -0.1564075
  0.          0.        ]
2025-04-17 13:03:55,726 - DEBUG - Before Noise(Next State): [ 0.8158085   0.5724594   1.5014975  -0.845044   -0.70654595 -0.14485963
  0.          0.        ]
2025-04-17 13:03:55,727 - DEBUG - After Noise(Next State): [ 0.8321956   0.5888465   1.5014975  -0.845044   -0.70654595 -0.14485963
  0.          0.        ]
2025-04-17 13:03:55,745 - DEBUG - Before Noise(Next State): [ 0.83083135  0.5528578   1.5095915  -0.87536716 -0.7160484  -0.19004975
  0.          0.        ]
2025-04-17 13:03:55,745 - DEBUG - After Noise(Next State): [ 0.8365045   0.558531    1.5095915  -0.87536716 -0.7160484  -0.19004975
  0.          0.        ]
2025-04-17 13:03:55,765 - DEBUG - Before Noise(Next State): [ 0.846171   0.5332957  1.5413104 -0.8737303 -0.7257166 -0.1933638
  0.         0.       ]
2025-04-17 13:03:55,765 - DEBUG - After Noise(Next State): [ 0.85785615  0.5449808   1.5413104  -0.8737303  -0.7257166  -0.1933638
  0.          0.        ]
2025-04-17 13:03:55,783 - DEBUG - Before Noise(Next State): [ 0.8615637   0.5130658   1.5482221  -0.90445197 -0.73757005 -0.23706874
  0.          0.        ]
2025-04-17 13:03:55,784 - DEBUG - After Noise(Next State): [ 0.85031444  0.5018166   1.5482221  -0.90445197 -0.73757005 -0.23706874
  0.          0.        ]
2025-04-17 13:03:55,803 - DEBUG - Before Noise(Next State): [ 0.8770081   0.49216914  1.5548722  -0.93513966 -0.75156546 -0.27990764
  0.          0.        ]
2025-04-17 13:03:55,804 - DEBUG - After Noise(Next State): [ 0.88446337  0.4996244   1.5548722  -0.93513966 -0.75156546 -0.27990764
  0.          0.        ]
2025-04-17 13:03:55,823 - DEBUG - Before Noise(Next State): [ 0.8923855   0.47077712  1.5461237  -0.9560228  -0.76292634 -0.22721922
  0.          0.        ]
2025-04-17 13:03:55,824 - DEBUG - After Noise(Next State): [ 0.90360886  0.4820005   1.5461237  -0.9560228  -0.76292634 -0.22721922
  0.          0.        ]
2025-04-17 13:03:55,841 - DEBUG - Before Noise(Next State): [ 0.9085396   0.44972408  1.6232389  -0.9407295  -0.7736669  -0.21481276
  0.          0.        ]
2025-04-17 13:03:55,842 - DEBUG - After Noise(Next State): [ 0.89410204  0.43528655  1.6232389  -0.9407295  -0.7736669  -0.21481276
  0.          0.        ]
2025-04-17 13:03:55,862 - DEBUG - Before Noise(Next State): [ 0.9246944   0.42808408  1.6232287  -0.9668699  -0.7844075  -0.21481101
  0.          0.        ]
2025-04-17 13:03:55,863 - DEBUG - After Noise(Next State): [ 0.9407883   0.444178    1.6232287  -0.9668699  -0.7844075  -0.21481101
  0.          0.        ]
2025-04-17 13:03:55,882 - DEBUG - Before Noise(Next State): [ 0.9407848   0.40595615  1.6147751  -0.9873046  -0.7924293  -0.16043584
  0.          0.        ]
2025-04-17 13:03:55,882 - DEBUG - After Noise(Next State): [ 0.90703905  0.3722104   1.6147751  -0.9873046  -0.7924293  -0.16043584
  0.          0.        ]
2025-04-17 13:03:55,901 - DEBUG - Before Noise(Next State): [ 0.95712125  0.38362992  1.6393591  -0.99617326 -0.80050844 -0.16158196
  0.          0.        ]
2025-04-17 13:03:55,901 - DEBUG - After Noise(Next State): [ 0.96201545  0.38852414  1.6393591  -0.99617326 -0.80050844 -0.16158196
  0.          0.        ]
2025-04-17 13:03:55,921 - DEBUG - Before Noise(Next State): [ 0.97341     0.36080134  1.6329985  -1.017463   -0.80638736 -0.11757858
  0.          0.        ]
2025-04-17 13:03:55,921 - DEBUG - After Noise(Next State): [ 0.9981584   0.3855497   1.6329985  -1.017463   -0.80638736 -0.11757858
  0.          0.        ]
2025-04-17 13:03:55,941 - DEBUG - Before Noise(Next State): [ 0.9897562   0.33730045  1.640382   -1.0485126  -0.81462914 -0.16483618
  0.          0.        ]
2025-04-17 13:03:55,941 - DEBUG - After Noise(Next State): [ 0.98994815  0.3374924   1.640382   -1.0485126  -0.81462914 -0.16483618
  0.          0.        ]
2025-04-17 13:03:55,961 - DEBUG - Before Noise(Next State): [ 1.0060604  0.3132961  1.634691  -1.0698894 -0.8207818 -0.1230527
  0.         0.       ]
2025-04-17 13:03:55,961 - DEBUG - After Noise(Next State): [ 1.0388786   0.34611437  1.634691   -1.0698894  -0.8207818  -0.1230527
  0.          0.        ]
2025-04-17 13:03:55,962 - DEBUG - Episode 10 received a Reward = -286.7648673231107 
2025-04-17 13:03:56,002 - DEBUG - Before Noise(Current State): [ 0.00421343  1.4024458   0.42675728 -0.37664592 -0.0048755  -0.09666686
  0.          0.        ]
2025-04-17 13:03:56,002 - DEBUG - After Noise(Current State): [-0.01365613  1.3845762   0.42675728 -0.37664592 -0.0048755  -0.09666686
  0.          0.        ]
2025-04-17 13:03:56,021 - DEBUG - Before Noise(Next State): [ 0.00849333  1.3934026   0.43450937 -0.4019599  -0.01132298 -0.12896118
  0.          0.        ]
2025-04-17 13:03:56,021 - DEBUG - After Noise(Next State): [ 0.01881965  1.4037288   0.43450937 -0.4019599  -0.01132298 -0.12896118
  0.          0.        ]
2025-04-17 13:03:56,041 - DEBUG - Before Noise(Next State): [ 0.01285152  1.3837609   0.4443292  -0.42860296 -0.01973358 -0.16822787
  0.          0.        ]
2025-04-17 13:03:56,042 - DEBUG - After Noise(Next State): [ 0.01445588  1.3853652   0.4443292  -0.42860296 -0.01973358 -0.16822787
  0.          0.        ]
2025-04-17 13:03:56,061 - DEBUG - Before Noise(Next State): [ 0.01721001  1.3735323   0.44435483 -0.45474598 -0.02814244 -0.16819316
  0.          0.        ]
2025-04-17 13:03:56,061 - DEBUG - After Noise(Next State): [ 0.0298611   1.3861834   0.44435483 -0.45474598 -0.02814244 -0.16819316
  0.          0.        ]
2025-04-17 13:03:56,081 - DEBUG - Before Noise(Next State): [ 0.02166491  1.362711    0.4564349  -0.48118302 -0.03897019 -0.21657494
  0.          0.        ]
2025-04-17 13:03:56,082 - DEBUG - After Noise(Next State): [ 0.04778     1.388826    0.4564349  -0.48118302 -0.03897019 -0.21657494
  0.          0.        ]
2025-04-17 13:03:56,101 - DEBUG - Before Noise(Next State): [ 0.02620802  1.3513004   0.46748132 -0.50753236 -0.05200474 -0.2607151
  0.          0.        ]
2025-04-17 13:03:56,102 - DEBUG - After Noise(Next State): [-0.01778531  1.307307    0.46748132 -0.50753236 -0.05200474 -0.2607151
  0.          0.        ]
2025-04-17 13:03:56,119 - DEBUG - Before Noise(Next State): [ 0.03066359  1.340604    0.4593486  -0.47593623 -0.06567108 -0.27335212
  0.          0.        ]
2025-04-17 13:03:56,120 - DEBUG - After Noise(Next State): [ 0.03210207  1.3420424   0.4593486  -0.47593623 -0.06567108 -0.27335212
  0.          0.        ]
2025-04-17 13:03:56,139 - DEBUG - Before Noise(Next State): [ 0.03500061  1.33044     0.44828963 -0.4524385  -0.08013358 -0.28927654
  0.          0.        ]
2025-04-17 13:03:56,139 - DEBUG - After Noise(Next State): [ 0.06037118  1.3558106   0.44828963 -0.4524385  -0.08013358 -0.28927654
  0.          0.        ]
2025-04-17 13:03:56,158 - DEBUG - Before Noise(Next State): [ 0.03943586  1.3212154   0.45802552 -0.41082308 -0.09451628 -0.2876808
  0.          0.        ]
2025-04-17 13:03:56,159 - DEBUG - After Noise(Next State): [ 0.03954002  1.3213196   0.45802552 -0.41082308 -0.09451628 -0.2876808
  0.          0.        ]
2025-04-17 13:03:56,178 - DEBUG - Before Noise(Next State): [ 0.04387178  1.3114054   0.45806438 -0.43698245 -0.10889693 -0.28763932
  0.          0.        ]
2025-04-17 13:03:56,179 - DEBUG - After Noise(Next State): [ 0.04899992  1.3165336   0.45806438 -0.43698245 -0.10889693 -0.28763932
  0.          0.        ]
2025-04-17 13:03:56,199 - DEBUG - Before Noise(Next State): [ 0.0482276   1.3010114   0.44799775 -0.46290845 -0.12125203 -0.24712448
  0.          0.        ]
2025-04-17 13:03:56,200 - DEBUG - After Noise(Next State): [ 0.05245651  1.3052404   0.44799775 -0.46290845 -0.12125203 -0.24712448
  0.          0.        ]
2025-04-17 13:03:56,219 - DEBUG - Before Noise(Next State): [ 0.05279837  1.291255    0.46892715 -0.43462002 -0.13306528 -0.23628671
  0.          0.        ]
2025-04-17 13:03:56,219 - DEBUG - After Noise(Next State): [ 0.04130797  1.2797647   0.46892715 -0.43462002 -0.13306528 -0.23628671
  0.          0.        ]
2025-04-17 13:03:56,238 - DEBUG - Before Noise(Next State): [ 0.05731754  1.2821269   0.46449217 -0.40686026 -0.14562829 -0.25128263
  0.          0.        ]
2025-04-17 13:03:56,239 - DEBUG - After Noise(Next State): [ 0.05868699  1.2834964   0.46449217 -0.40686026 -0.14562829 -0.25128263
  0.          0.        ]
2025-04-17 13:03:56,259 - DEBUG - Before Noise(Next State): [ 0.06193171  1.2723941   0.47639185 -0.43411198 -0.16060184 -0.2994984
  0.          0.        ]
2025-04-17 13:03:56,260 - DEBUG - After Noise(Next State): [ 0.04033364  1.250796    0.47639185 -0.43411198 -0.16060184 -0.2994984
  0.          0.        ]
2025-04-17 13:03:56,278 - DEBUG - Before Noise(Next State): [ 0.06661348  1.2620586   0.48482594 -0.46123564 -0.17729153 -0.33382455
  0.          0.        ]
2025-04-17 13:03:56,278 - DEBUG - After Noise(Next State): [ 0.05154646  1.2469916   0.48482594 -0.46123564 -0.17729153 -0.33382455
  0.          0.        ]
2025-04-17 13:03:56,298 - DEBUG - Before Noise(Next State): [ 0.07120094  1.2511674   0.4728961  -0.48581076 -0.19151053 -0.28440607
  0.          0.        ]
2025-04-17 13:03:56,298 - DEBUG - After Noise(Next State): [ 0.07523523  1.2552017   0.4728961  -0.48581076 -0.19151053 -0.28440607
  0.          0.        ]
2025-04-17 13:03:56,317 - DEBUG - Before Noise(Next State): [ 0.07585907  1.2396771   0.48167413 -0.5128086  -0.2075093  -0.32000446
  0.          0.        ]
2025-04-17 13:03:56,318 - DEBUG - After Noise(Next State): [ 0.11699823  1.2808162   0.48167413 -0.5128086  -0.2075093  -0.32000446
  0.          0.        ]
2025-04-17 13:03:56,345 - DEBUG - Before Noise(Next State): [ 0.08051805  1.227602    0.48171458 -0.538969   -0.22350413 -0.31992584
  0.          0.        ]
2025-04-17 13:03:56,345 - DEBUG - After Noise(Next State): [ 0.06838194  1.2154659   0.48171458 -0.538969   -0.22350413 -0.31992584
  0.          0.        ]
2025-04-17 13:03:56,363 - DEBUG - Before Noise(Next State): [ 0.08510475  1.2149765   0.47249502 -0.56328064 -0.23753242 -0.2805914
  0.          0.        ]
2025-04-17 13:03:56,364 - DEBUG - After Noise(Next State): [ 0.06994256  1.1998143   0.47249502 -0.56328064 -0.23753242 -0.2805914
  0.          0.        ]
2025-04-17 13:03:56,383 - DEBUG - Before Noise(Next State): [ 0.08969221  1.2017657   0.47252735 -0.5894372  -0.2515593  -0.28056234
  0.          0.        ]
2025-04-17 13:03:56,384 - DEBUG - After Noise(Next State): [ 0.0920352   1.2041086   0.47252735 -0.5894372  -0.2515593  -0.28056234
  0.          0.        ]
2025-04-17 13:03:56,402 - DEBUG - Before Noise(Next State): [ 0.09428062  1.187969    0.47256026 -0.6155936  -0.26558352 -0.28050944
  0.          0.        ]
2025-04-17 13:03:56,403 - DEBUG - After Noise(Next State): [ 0.09418423  1.1878725   0.47256026 -0.6155936  -0.26558352 -0.28050944
  0.          0.        ]
2025-04-17 13:03:56,436 - DEBUG - Before Noise(Next State): [ 0.09879579  1.173609    0.4632997  -0.64040583 -0.2776756  -0.24186344
  0.          0.        ]
2025-04-17 13:03:56,437 - DEBUG - After Noise(Next State): [ 0.10246534  1.1772785   0.4632997  -0.64040583 -0.2776756  -0.24186344
  0.          0.        ]
2025-04-17 13:03:56,456 - DEBUG - Before Noise(Next State): [ 0.10321808  1.1587058   0.45153314 -0.664156   -0.2872452  -0.19140917
  0.          0.        ]
2025-04-17 13:03:56,456 - DEBUG - After Noise(Next State): [ 0.07748255  1.1329703   0.45153314 -0.664156   -0.2872452  -0.19140917
  0.          0.        ]
2025-04-17 13:03:56,476 - DEBUG - Before Noise(Next State): [ 0.10784988  1.143679    0.47194868 -0.6696042  -0.29628947 -0.18090141
  0.          0.        ]
2025-04-17 13:03:56,476 - DEBUG - After Noise(Next State): [ 0.10602506  1.1418542   0.47194868 -0.6696042  -0.29628947 -0.18090141
  0.          0.        ]
2025-04-17 13:03:56,494 - DEBUG - Before Noise(Next State): [ 0.11248217  1.1280651   0.47196802 -0.69575465 -0.3053323  -0.18087284
  0.          0.        ]
2025-04-17 13:03:56,495 - DEBUG - After Noise(Next State): [ 0.143013    1.1585959   0.47196802 -0.69575465 -0.3053323  -0.18087284
  0.          0.        ]
2025-04-17 13:03:56,518 - DEBUG - Before Noise(Next State): [ 0.11757536  1.113191    0.51727104 -0.6627749  -0.31357142 -0.16478263
  0.          0.        ]
2025-04-17 13:03:56,520 - DEBUG - After Noise(Next State): [ 0.09759925  1.0932149   0.51727104 -0.6627749  -0.31357142 -0.16478263
  0.          0.        ]
2025-04-17 13:03:56,536 - DEBUG - Before Noise(Next State): [ 0.12275944  1.0976906   0.52867997 -0.6911579  -0.3242458  -0.21348774
  0.          0.        ]
2025-04-17 13:03:56,536 - DEBUG - After Noise(Next State): [ 0.1435783   1.1185094   0.52867997 -0.6911579  -0.3242458  -0.21348774
  0.          0.        ]
2025-04-17 13:03:56,556 - DEBUG - Before Noise(Next State): [ 0.12803344  1.0815626   0.5399541  -0.7196602  -0.33734506 -0.26198572
  0.          0.        ]
2025-04-17 13:03:56,557 - DEBUG - After Noise(Next State): [ 0.13833988  1.0918691   0.5399541  -0.7196602  -0.33734506 -0.26198572
  0.          0.        ]
2025-04-17 13:03:56,576 - DEBUG - Before Noise(Next State): [ 0.13343811  1.0654819   0.55303174 -0.7176989  -0.35052186 -0.26353574
  0.          0.        ]
2025-04-17 13:03:56,577 - DEBUG - After Noise(Next State): [ 0.10302328  1.0350671   0.55303174 -0.7176989  -0.35052186 -0.26353574
  0.          0.        ]
2025-04-17 13:03:56,602 - DEBUG - Before Noise(Next State): [ 0.13875417  1.048873    0.5417087  -0.74067456 -0.36115846 -0.21273208
  0.          0.        ]
2025-04-17 13:03:56,602 - DEBUG - After Noise(Next State): [ 0.13326956  1.0433884   0.5417087  -0.74067456 -0.36115846 -0.21273208
  0.          0.        ]
2025-04-17 13:03:56,621 - DEBUG - Before Noise(Next State): [ 0.14414291  1.0316268   0.5509005  -0.76956975 -0.37388578 -0.25454646
  0.          0.        ]
2025-04-17 13:03:56,622 - DEBUG - After Noise(Next State): [ 0.16547936  1.0529633   0.5509005  -0.76956975 -0.37388578 -0.25454646
  0.          0.        ]
2025-04-17 13:03:56,640 - DEBUG - Before Noise(Next State): [ 0.14976425  1.0148808   0.5743263  -0.74750805 -0.38683537 -0.25899214
  0.          0.        ]
2025-04-17 13:03:56,641 - DEBUG - After Noise(Next State): [ 0.14504455  1.010161    0.5743263  -0.74750805 -0.38683537 -0.25899214
  0.          0.        ]
2025-04-17 13:03:56,658 - DEBUG - Before Noise(Next State): [ 0.15561123  0.9980152   0.59642273 -0.7528192  -0.39936328 -0.25055847
  0.          0.        ]
2025-04-17 13:03:56,659 - DEBUG - After Noise(Next State): [ 0.19584113  1.0382451   0.59642273 -0.7528192  -0.39936328 -0.25055847
  0.          0.        ]
2025-04-17 13:03:56,686 - DEBUG - Before Noise(Next State): [ 0.1615367   0.9813459   0.6047762  -0.74435353 -0.41249648 -0.26266396
  0.          0.        ]
2025-04-17 13:03:56,686 - DEBUG - After Noise(Next State): [ 0.16163595  0.98144513  0.6047762  -0.74435353 -0.41249648 -0.26266396
  0.          0.        ]
2025-04-17 13:03:56,706 - DEBUG - Before Noise(Next State): [ 0.16737708  0.96414787  0.5938907  -0.76726943 -0.42314464 -0.21296296
  0.          0.        ]
2025-04-17 13:03:56,706 - DEBUG - After Noise(Next State): [ 0.19079478  0.9875656   0.5938907  -0.76726943 -0.42314464 -0.21296296
  0.          0.        ]
2025-04-17 13:03:56,725 - DEBUG - Before Noise(Next State): [ 0.17313309  0.94642514  0.583118   -0.78995687 -0.43129057 -0.16291864
  0.          0.        ]
2025-04-17 13:03:56,725 - DEBUG - After Noise(Next State): [ 0.16183427  0.9351263   0.583118   -0.78995687 -0.43129057 -0.16291864
  0.          0.        ]
2025-04-17 13:03:56,745 - DEBUG - Before Noise(Next State): [ 0.17945194  0.92942804  0.6387534  -0.7575572  -0.4387641  -0.14947028
  0.          0.        ]
2025-04-17 13:03:56,746 - DEBUG - After Noise(Next State): [ 0.1456637   0.8956398   0.6387534  -0.7575572  -0.4387641  -0.14947028
  0.          0.        ]
2025-04-17 13:03:56,775 - DEBUG - Before Noise(Next State): [ 0.18569441  0.9119067   0.6289491  -0.78020847 -0.44390082 -0.10273478
  0.          0.        ]
2025-04-17 13:03:56,777 - DEBUG - After Noise(Next State): [ 0.19300622  0.91921854  0.6289491  -0.78020847 -0.44390082 -0.10273478
  0.          0.        ]
2025-04-17 13:03:56,795 - DEBUG - Before Noise(Next State): [ 0.19186392  0.89384294  0.6197471  -0.8037201  -0.44694808 -0.06094572
  0.          0.        ]
2025-04-17 13:03:56,796 - DEBUG - After Noise(Next State): [ 0.24491665  0.94689566  0.6197471  -0.8037201  -0.44694808 -0.06094572
  0.          0.        ]
2025-04-17 13:03:56,812 - DEBUG - Before Noise(Next State): [ 0.19795151  0.87525547  0.6092845  -0.82628304 -0.44752273 -0.0114931
  0.          0.        ]
2025-04-17 13:03:56,813 - DEBUG - After Noise(Next State): [ 0.2122522   0.88955617  0.6092845  -0.82628304 -0.44752273 -0.0114931
  0.          0.        ]
2025-04-17 13:03:56,832 - DEBUG - Before Noise(Next State): [ 0.20397072  0.8561358   0.6005362  -0.84932125 -0.44601172  0.03022023
  0.          0.        ]
2025-04-17 13:03:56,833 - DEBUG - After Noise(Next State): [ 0.23522966  0.8873947   0.6005362  -0.84932125 -0.44601172  0.03022023
  0.          0.        ]
2025-04-17 13:03:56,852 - DEBUG - Before Noise(Next State): [ 0.21013269  0.8369848   0.614946   -0.8507521  -0.4446452   0.02733061
  0.          0.        ]
2025-04-17 13:03:56,855 - DEBUG - After Noise(Next State): [ 0.19747977  0.8243319   0.614946   -0.8507521  -0.4446452   0.02733061
  0.          0.        ]
2025-04-17 13:03:56,872 - DEBUG - Before Noise(Next State): [ 0.21621418  0.8173      0.6047523  -0.8738049  -0.44093525  0.07419886
  0.          0.        ]
2025-04-17 13:03:56,873 - DEBUG - After Noise(Next State): [ 0.23234859  0.83343446  0.6047523  -0.8738049  -0.44093525  0.07419886
  0.          0.        ]
2025-04-17 13:03:56,891 - DEBUG - Before Noise(Next State): [ 0.22221117  0.7970962   0.5939309  -0.896147   -0.43465388  0.12562743
  0.          0.        ]
2025-04-17 13:03:56,892 - DEBUG - After Noise(Next State): [ 0.18537049  0.7602555   0.5939309  -0.896147   -0.43465388  0.12562743
  0.          0.        ]
2025-04-17 13:03:56,913 - DEBUG - Before Noise(Next State): [ 0.22836876  0.7771471   0.61037195 -0.884972   -0.428792    0.11723842
  0.          0.        ]
2025-04-17 13:03:56,913 - DEBUG - After Noise(Next State): [ 0.21533751  0.76411587  0.61037195 -0.884972   -0.428792    0.11723842
  0.          0.        ]
2025-04-17 13:03:56,943 - DEBUG - Before Noise(Next State): [ 0.23459062  0.75655836  0.61857194 -0.9139557  -0.42487144  0.07841096
  0.          0.        ]
2025-04-17 13:03:56,943 - DEBUG - After Noise(Next State): [ 0.22837332  0.75034106  0.61857194 -0.9139557  -0.42487144  0.07841096
  0.          0.        ]
2025-04-17 13:03:56,962 - DEBUG - Before Noise(Next State): [ 0.24081258  0.7353819   0.61857116 -0.9400902  -0.4209509   0.07841087
  0.          0.        ]
2025-04-17 13:03:56,963 - DEBUG - After Noise(Next State): [ 0.2234613   0.71803063  0.61857116 -0.9400902  -0.4209509   0.07841087
  0.          0.        ]
2025-04-17 13:03:56,983 - DEBUG - Before Noise(Next State): [ 0.24703464  0.7136177   0.6185704  -0.9662247  -0.41703033  0.07841083
  0.          0.        ]
2025-04-17 13:03:56,983 - DEBUG - After Noise(Next State): [ 0.23484485  0.7014279   0.6185704  -0.9662247  -0.41703033  0.07841083
  0.          0.        ]
2025-04-17 13:03:57,003 - DEBUG - Before Noise(Next State): [ 0.25318107  0.6913283   0.60888577 -0.9889448  -0.4108138   0.12433048
  0.          0.        ]
2025-04-17 13:03:57,004 - DEBUG - After Noise(Next State): [ 0.2530181   0.6911653   0.60888577 -0.9889448  -0.4108138   0.12433048
  0.          0.        ]
2025-04-17 13:03:57,027 - DEBUG - Before Noise(Next State): [ 0.2593277   0.66845155  0.6088838  -1.0150812  -0.4045973   0.12433014
  0.          0.        ]
2025-04-17 13:03:57,028 - DEBUG - After Noise(Next State): [ 0.2934412   0.702565    0.6088838  -1.0150812  -0.4045973   0.12433014
  0.          0.        ]
2025-04-17 13:03:57,046 - DEBUG - Before Noise(Next State): [ 0.2654745   0.6449873   0.60888183 -1.0412174  -0.39838082  0.12432981
  0.          0.        ]
2025-04-17 13:03:57,047 - DEBUG - After Noise(Next State): [ 0.25541162  0.6349244   0.60888183 -1.0412174  -0.39838082  0.12432981
  0.          0.        ]
2025-04-17 13:03:57,065 - DEBUG - Before Noise(Next State): [ 0.27162153  0.62093556  0.6088799  -1.0673537  -0.3921643   0.1243304
  0.          0.        ]
2025-04-17 13:03:57,066 - DEBUG - After Noise(Next State): [ 0.30935323  0.65866727  0.6088799  -1.0673537  -0.3921643   0.1243304
  0.          0.        ]
2025-04-17 13:03:57,084 - DEBUG - Before Noise(Next State): [ 0.27776852  0.5962962   0.6088781  -1.0934902  -0.3859478   0.12432985
  0.          0.        ]
2025-04-17 13:03:57,085 - DEBUG - After Noise(Next State): [ 0.2808471   0.5993748   0.6088781  -1.0934902  -0.3859478   0.12432985
  0.          0.        ]
2025-04-17 13:03:57,108 - DEBUG - Before Noise(Next State): [ 0.2839156   0.57106936  0.6088762  -1.1196266  -0.37973133  0.12432957
  0.          0.        ]
2025-04-17 13:03:57,109 - DEBUG - After Noise(Next State): [ 0.22200252  0.5091563   0.6088762  -1.1196266  -0.37973133  0.12432957
  0.          0.        ]
2025-04-17 13:03:57,128 - DEBUG - Before Noise(Next State): [ 0.29013348  0.5452201   0.61774856 -1.1477871  -0.37544867  0.08565302
  0.          0.        ]
2025-04-17 13:03:57,128 - DEBUG - After Noise(Next State): [ 0.30110967  0.5561963   0.61774856 -1.1477871  -0.37544867  0.08565302
  0.          0.        ]
2025-04-17 13:03:57,148 - DEBUG - Before Noise(Next State): [ 0.29641485  0.51873523  0.62586886 -1.1765113  -0.37303814  0.04821066
  0.          0.        ]
2025-04-17 13:03:57,149 - DEBUG - After Noise(Next State): [ 0.30192167  0.52424204  0.62586886 -1.1765113  -0.37303814  0.04821066
  0.          0.        ]
2025-04-17 13:03:57,167 - DEBUG - Before Noise(Next State): [ 0.3027855   0.49160385  0.63720036 -1.2058779  -0.37318623 -0.00296194
  0.          0.        ]
2025-04-17 13:03:57,167 - DEBUG - After Noise(Next State): [ 0.27304724  0.4618656   0.63720036 -1.2058779  -0.37318623 -0.00296194
  0.          0.        ]
2025-04-17 13:03:57,189 - DEBUG - Before Noise(Next State): [ 0.3092226   0.463834    0.6457085  -1.2347378  -0.3752968  -0.04221212
  0.          0.        ]
2025-04-17 13:03:57,189 - DEBUG - After Noise(Next State): [ 0.30189866  0.45651004  0.6457085  -1.2347378  -0.3752968  -0.04221212
  0.          0.        ]
2025-04-17 13:03:57,210 - DEBUG - Before Noise(Next State): [ 0.3157424   0.43543604  0.65609133 -1.2632169  -0.3796666  -0.08739597
  0.          0.        ]
2025-04-17 13:03:57,210 - DEBUG - After Noise(Next State): [ 0.33180174  0.45149538  0.65609133 -1.2632169  -0.3796666  -0.08739597
  0.          0.        ]
2025-04-17 13:03:57,230 - DEBUG - Before Noise(Next State): [ 0.3222622   0.4064504   0.65609044 -1.2893519  -0.38403642 -0.08739587
  0.          0.        ]
2025-04-17 13:03:57,230 - DEBUG - After Noise(Next State): [ 0.3093167   0.3935049   0.65609044 -1.2893519  -0.38403642 -0.08739587
  0.          0.        ]
2025-04-17 13:03:57,249 - DEBUG - Before Noise(Next State): [ 0.3288393   0.3768308   0.6634228  -1.3179778  -0.39012077 -0.12168695
  0.          0.        ]
2025-04-17 13:03:57,251 - DEBUG - After Noise(Next State): [ 0.32214096  0.37013245  0.6634228  -1.3179778  -0.39012077 -0.12168695
  0.          0.        ]
2025-04-17 13:03:57,270 - DEBUG - Before Noise(Next State): [ 0.33535862  0.34665     0.6561451  -1.3425328  -0.39463055 -0.09019547
  0.          0.        ]
2025-04-17 13:03:57,270 - DEBUG - After Noise(Next State): [ 0.36935273  0.3806441   0.6561451  -1.3425328  -0.39463055 -0.09019547
  0.          0.        ]
2025-04-17 13:03:57,288 - DEBUG - Before Noise(Next State): [ 0.34209746  0.3170005   0.6784623  -1.3190362  -0.3995289  -0.09796657
  0.          0.        ]
2025-04-17 13:03:57,289 - DEBUG - After Noise(Next State): [ 0.36360264  0.3385057   0.6784623  -1.3190362  -0.3995289  -0.09796657
  0.          0.        ]
2025-04-17 13:03:57,309 - DEBUG - Before Noise(Next State): [ 0.34890366  0.286715    0.6870311  -1.3478394  -0.40640056 -0.13743338
  0.          0.        ]
2025-04-17 13:03:57,309 - DEBUG - After Noise(Next State): [ 0.3306338   0.26844513  0.6870311  -1.3478394  -0.40640056 -0.13743338
  0.          0.        ]
2025-04-17 13:03:57,328 - DEBUG - Before Noise(Next State): [ 0.3561489   0.25671217  0.73015845 -1.3350904  -0.41246805 -0.12134941
  0.          0.        ]
2025-04-17 13:03:57,329 - DEBUG - After Noise(Next State): [ 0.3637813   0.26434457  0.73015845 -1.3350904  -0.41246805 -0.12134941
  0.          0.        ]
2025-04-17 13:03:57,355 - DEBUG - Before Noise(Next State): [ 0.36344948  0.22608441  0.7371634  -1.3633265  -0.4201391  -0.15342109
  0.          0.        ]
2025-04-17 13:03:57,355 - DEBUG - After Noise(Next State): [ 0.3471035   0.20973842  0.7371634  -1.3633265  -0.4201391  -0.15342109
  0.          0.        ]
2025-04-17 13:03:57,374 - DEBUG - Before Noise(Next State): [ 0.37110862  0.19629365  0.7732578  -1.3262395  -0.42808706 -0.15895927
  0.          0.        ]
2025-04-17 13:03:57,375 - DEBUG - After Noise(Next State): [ 0.35700932  0.18219435  0.7732578  -1.3262395  -0.42808706 -0.15895927
  0.          0.        ]
2025-04-17 13:03:57,395 - DEBUG - Before Noise(Next State): [ 0.37876815  0.16591567  0.7732545  -1.3523777  -0.43603498 -0.15895858
  0.          0.        ]
2025-04-17 13:03:57,396 - DEBUG - After Noise(Next State): [ 0.3784419   0.16558942  0.7732545  -1.3523777  -0.43603498 -0.15895858
  0.          0.        ]
2025-04-17 13:03:57,413 - DEBUG - Before Noise(Next State): [ 0.38650408  0.13489309  0.7829533  -1.3817232  -0.44625592 -0.2044187
  1.          0.        ]
2025-04-17 13:03:57,414 - DEBUG - After Noise(Next State): [ 0.40796012  0.15634911  0.7829533  -1.3817232  -0.44625592 -0.2044187
  1.          0.        ]
2025-04-17 13:03:57,439 - DEBUG - Before Noise(Next State): [ 0.39187336  0.11045316  0.54080915 -1.0890301  -0.4604654  -0.29545453
  1.          0.        ]
2025-04-17 13:03:57,440 - DEBUG - After Noise(Next State): [ 0.3720801   0.09065989  0.54080915 -1.0890301  -0.4604654  -0.29545453
  1.          0.        ]
2025-04-17 13:03:57,458 - DEBUG - Before Noise(Next State): [ 0.3957266   0.10000492  0.13262957 -0.11135672 -0.37930927  2.1850028
  1.          0.        ]
2025-04-17 13:03:57,460 - DEBUG - After Noise(Next State): [ 0.37904593  0.08332425  0.13262957 -0.11135672 -0.37930927  2.1850028
  1.          0.        ]
2025-04-17 13:03:57,460 - DEBUG - Episode 11 received a Reward = -106.91038395397032 
2025-04-17 13:03:57,498 - DEBUG - Before Noise(Current State): [-7.7905657e-04  1.4186511e+00 -7.8926653e-02  3.4360218e-01
  9.0956473e-04  1.7878084e-02  0.0000000e+00  0.0000000e+00]
2025-04-17 13:03:57,499 - DEBUG - After Noise(Current State): [-4.1149449e-02  1.3782808e+00 -7.8926653e-02  3.4360218e-01
  9.0956473e-04  1.7878084e-02  0.0000000e+00  0.0000000e+00]
2025-04-17 13:03:57,517 - DEBUG - Before Noise(Next State): [-0.00148296  1.426364   -0.07164784  0.3427941   0.00215745  0.02496072
  0.          0.        ]
2025-04-17 13:03:57,521 - DEBUG - After Noise(Next State): [ 0.01838778  1.4462347  -0.07164784  0.3427941   0.00215745  0.02496072
  0.          0.        ]
2025-04-17 13:03:57,539 - DEBUG - Before Noise(Next State): [-0.0022542   1.433499   -0.08008935  0.31710535  0.00509616  0.05877953
  0.          0.        ]
2025-04-17 13:03:57,542 - DEBUG - After Noise(Next State): [-0.02015242  1.4156008  -0.08008935  0.31710535  0.00509616  0.05877953
  0.          0.        ]
2025-04-17 13:03:57,558 - DEBUG - Before Noise(Next State): [-0.00294991  1.4400349  -0.0706334   0.29047525  0.00613676  0.02081436
  0.          0.        ]
2025-04-17 13:03:57,558 - DEBUG - After Noise(Next State): [ 0.00838008  1.4513649  -0.0706334   0.29047525  0.00613676  0.02081436
  0.          0.        ]
2025-04-17 13:03:57,577 - DEBUG - Before Noise(Next State): [-0.00378065  1.4465123  -0.0834842   0.2878911   0.0065428   0.00812166
  0.          0.        ]
2025-04-17 13:03:57,578 - DEBUG - After Noise(Next State): [-0.00324517  1.4470478  -0.0834842   0.2878911   0.0065428   0.00812166
  0.          0.        ]
2025-04-17 13:03:57,600 - DEBUG - Before Noise(Next State): [-0.0045311   1.4524124  -0.07341582  0.26222703  0.00492873 -0.03228446
  0.          0.        ]
2025-04-17 13:03:57,601 - DEBUG - After Noise(Next State): [ 0.01597636  1.4729198  -0.07341582  0.26222703  0.00492873 -0.03228446
  0.          0.        ]
2025-04-17 13:03:57,619 - DEBUG - Before Noise(Next State): [-0.00537806  1.4577154  -0.08551319  0.23569378  0.00574278  0.0162823
  0.          0.        ]
2025-04-17 13:03:57,621 - DEBUG - After Noise(Next State): [-0.02609087  1.4370025  -0.08551319  0.23569378  0.00574278  0.0162823
  0.          0.        ]
2025-04-17 13:03:57,638 - DEBUG - Before Noise(Next State): [-0.00606499  1.4629776  -0.07029284  0.23386517  0.00732776  0.03170251
  0.          0.        ]
2025-04-17 13:03:57,639 - DEBUG - After Noise(Next State): [ 0.02107655  1.4901192  -0.07029284  0.23386517  0.00732776  0.03170251
  0.          0.        ]
2025-04-17 13:03:57,657 - DEBUG - Before Noise(Next State): [-0.00659266  1.4690129  -0.05517867  0.26821792  0.00970111  0.04747164
  0.          0.        ]
2025-04-17 13:03:57,657 - DEBUG - After Noise(Next State): [ 1.1938041e-03  1.4767994e+00 -5.5178672e-02  2.6821792e-01
  9.7011141e-03  4.7471642e-02  0.0000000e+00  0.0000000e+00]
2025-04-17 13:03:57,683 - DEBUG - Before Noise(Next State): [-7.0280074e-03  1.4744689e+00 -4.3570541e-02  2.4249688e-01
  9.7439131e-03  8.5635931e-04  0.0000000e+00  0.0000000e+00]
2025-04-17 13:03:57,683 - DEBUG - After Noise(Next State): [ 2.4210922e-02  1.5057079e+00 -4.3570541e-02  2.4249688e-01
  9.7439131e-03  8.5635931e-04  0.0000000e+00  0.0000000e+00]
2025-04-17 13:03:57,701 - DEBUG - Before Noise(Next State): [-0.00740128  1.4793391  -0.03579184  0.21646538  0.00822854 -0.03031015
  0.          0.        ]
2025-04-17 13:03:57,702 - DEBUG - After Noise(Next State): [-0.01125643  1.475484   -0.03579184  0.21646538  0.00822854 -0.03031015
  0.          0.        ]
2025-04-17 13:03:57,722 - DEBUG - Before Noise(Next State): [-0.00785532  1.4836307  -0.04593053  0.19073042  0.00874542  0.01033823
  0.          0.        ]
2025-04-17 13:03:57,723 - DEBUG - After Noise(Next State): [ 0.01811901  1.5096049  -0.04593053  0.19073042  0.00874542  0.01033823
  0.          0.        ]
2025-04-17 13:03:57,742 - DEBUG - Before Noise(Next State): [-0.00840473  1.4873347  -0.05788224  0.1646072   0.01165599  0.05821683
  0.          0.        ]
2025-04-17 13:03:57,742 - DEBUG - After Noise(Next State): [-0.00687348  1.488866   -0.05788224  0.1646072   0.01165599  0.05821683
  0.          0.        ]
2025-04-17 13:03:57,762 - DEBUG - Before Noise(Next State): [-0.00895424  1.4904509  -0.05789102  0.13847128  0.01456554  0.05819618
  0.          0.        ]
2025-04-17 13:03:57,763 - DEBUG - After Noise(Next State): [ 0.00408599  1.503491   -0.05789102  0.13847128  0.01456554  0.05819618
  0.          0.        ]
2025-04-17 13:03:57,783 - DEBUG - Before Noise(Next State): [-0.00950384  1.4929792  -0.05789935  0.11233534  0.01747514  0.05819736
  0.          0.        ]
2025-04-17 13:03:57,784 - DEBUG - After Noise(Next State): [ 0.00289607  1.5053791  -0.05789935  0.11233534  0.01747514  0.05819736
  0.          0.        ]
2025-04-17 13:03:57,802 - DEBUG - Before Noise(Next State): [-0.01002665  1.4955426  -0.0553772   0.11389406  0.02054507  0.06140409
  0.          0.        ]
2025-04-17 13:03:57,803 - DEBUG - After Noise(Next State): [-1.0677668e-03  1.5045016e+00 -5.5377197e-02  1.1389406e-01
  2.0545065e-02  6.1404087e-02  0.0000000e+00  0.0000000e+00]
2025-04-17 13:03:57,820 - DEBUG - Before Noise(Next State): [-0.01045122  1.498717   -0.04609809  0.14101996  0.02415309  0.07216674
  0.          0.        ]
2025-04-17 13:03:57,820 - DEBUG - After Noise(Next State): [-0.0054676   1.5037006  -0.04609809  0.14101996  0.02415309  0.07216674
  0.          0.        ]
2025-04-17 13:03:57,839 - DEBUG - Before Noise(Next State): [-0.01082859  1.5025668  -0.04170223  0.17102966  0.02807702  0.07848587
  0.          0.        ]
2025-04-17 13:03:57,840 - DEBUG - After Noise(Next State): [-0.01959236  1.493803   -0.04170223  0.17102966  0.02807702  0.07848587
  0.          0.        ]
2025-04-17 13:03:57,858 - DEBUG - Before Noise(Next State): [-0.01120606  1.5058285  -0.04171329  0.14488767  0.03200036  0.07847361
  0.          0.        ]
2025-04-17 13:03:57,858 - DEBUG - After Noise(Next State): [-5.3530681e-04  1.5164993e+00 -4.1713294e-02  1.4488767e-01
  3.2000363e-02  7.8473605e-02  0.0000000e+00  0.0000000e+00]
2025-04-17 13:03:57,877 - DEBUG - Before Noise(Next State): [-0.01148882  1.5085022  -0.02983246  0.11880083  0.03354126  0.03082043
  0.          0.        ]
2025-04-17 13:03:57,879 - DEBUG - After Noise(Next State): [-3.3017708e-04  1.5196608e+00 -2.9832458e-02  1.1880083e-01
  3.3541258e-02  3.0820429e-02  0.0000000e+00  0.0000000e+00]
2025-04-17 13:03:57,897 - DEBUG - Before Noise(Next State): [-0.01184444  1.5105814  -0.03898061  0.09232064  0.03691829  0.06754673
  0.          0.        ]
2025-04-17 13:03:57,898 - DEBUG - After Noise(Next State): [-0.0258384   1.4965874  -0.03898061  0.09232064  0.03691829  0.06754673
  0.          0.        ]
2025-04-17 13:03:57,921 - DEBUG - Before Noise(Next State): [-0.012113    1.5120795  -0.02805175  0.06655444  0.03809841  0.02360439
  0.          0.        ]
2025-04-17 13:03:57,921 - DEBUG - After Noise(Next State): [ 0.01775121  1.5419437  -0.02805175  0.06655444  0.03809841  0.02360439
  0.          0.        ]
2025-04-17 13:03:57,941 - DEBUG - Before Noise(Next State): [-0.01235418  1.5135989  -0.02551602  0.06749188  0.03947884  0.02761127
  0.          0.        ]
2025-04-17 13:03:57,941 - DEBUG - After Noise(Next State): [-0.01541448  1.5105386  -0.02551602  0.06749188  0.03947884  0.02761127
  0.          0.        ]
2025-04-17 13:03:57,962 - DEBUG - Before Noise(Next State): [-0.01266136  1.5145205  -0.0337917   0.04087441  0.04252127  0.0608541
  0.          0.        ]
2025-04-17 13:03:57,962 - DEBUG - After Noise(Next State): [ 0.0235807   1.5507625  -0.0337917   0.04087441  0.04252127  0.0608541
  0.          0.        ]
2025-04-17 13:03:57,983 - DEBUG - Before Noise(Next State): [-0.01296864  1.5148542  -0.03380067  0.01474015  0.04556267  0.06083324
  0.          0.        ]
2025-04-17 13:03:57,983 - DEBUG - After Noise(Next State): [-0.02232126  1.5055016  -0.03380067  0.01474015  0.04556267  0.06083324
  0.          0.        ]
2025-04-17 13:03:58,013 - DEBUG - Before Noise(Next State): [-0.01331654  1.5152988  -0.03777995  0.0196739   0.04851469  0.05904022
  0.          0.        ]
2025-04-17 13:03:58,014 - DEBUG - After Noise(Next State): [ 0.00575948  1.5343748  -0.03777995  0.0196739   0.04851469  0.05904022
  0.          0.        ]
2025-04-17 13:03:58,033 - DEBUG - Before Noise(Next State): [-0.01375027  1.5151614  -0.04853174 -0.00628014  0.05361403  0.10198697
  0.          0.        ]
2025-04-17 13:03:58,034 - DEBUG - After Noise(Next State): [ 6.9806655e-04  1.5296097e+00 -4.8531737e-02 -6.2801386e-03
  5.3614032e-02  1.0198697e-01  0.0000000e+00  0.0000000e+00]
2025-04-17 13:03:58,052 - DEBUG - Before Noise(Next State): [-0.01425199  1.5144274  -0.05705961 -0.03288652  0.06042836  0.1362863
  0.          0.        ]
2025-04-17 13:03:58,053 - DEBUG - After Noise(Next State): [-0.03458045  1.494099   -0.05705961 -0.03288652  0.06042836  0.1362863
  0.          0.        ]
2025-04-17 13:03:58,071 - DEBUG - Before Noise(Next State): [-0.01475363  1.5131059  -0.05705928 -0.05902373  0.06724266  0.13628592
  0.          0.        ]
2025-04-17 13:03:58,073 - DEBUG - After Noise(Next State): [ 0.0044308   1.5322903  -0.05705928 -0.05902373  0.06724266  0.13628592
  0.          0.        ]
2025-04-17 13:03:58,104 - DEBUG - Before Noise(Next State): [-0.01522207  1.5126109  -0.05417375 -0.02234048  0.07450394  0.14522547
  0.          0.        ]
2025-04-17 13:03:58,105 - DEBUG - After Noise(Next State): [-0.02441416  1.5034188  -0.05417375 -0.02234048  0.07450394  0.14522547
  0.          0.        ]
2025-04-17 13:03:58,123 - DEBUG - Before Noise(Next State): [-0.01569042  1.511529   -0.05417327 -0.04847821  0.08176518  0.1452249
  0.          0.        ]
2025-04-17 13:03:58,123 - DEBUG - After Noise(Next State): [ 0.00327077  1.5304902  -0.05417327 -0.04847821  0.08176518  0.1452249
  0.          0.        ]
2025-04-17 13:03:58,143 - DEBUG - Before Noise(Next State): [-0.01615877  1.5098593  -0.05417275 -0.07461595  0.08902641  0.14522454
  0.          0.        ]
2025-04-17 13:03:58,144 - DEBUG - After Noise(Next State): [ 0.00505268  1.5310708  -0.05417275 -0.07461595  0.08902641  0.14522454
  0.          0.        ]
2025-04-17 13:03:58,162 - DEBUG - Before Noise(Next State): [-0.01662722  1.5076027  -0.05417218 -0.10075368  0.09628762  0.14522406
  0.          0.        ]
2025-04-17 13:03:58,163 - DEBUG - After Noise(Next State): [-0.00196626  1.5222636  -0.05417218 -0.10075368  0.09628762  0.14522406
  0.          0.        ]
2025-04-17 13:03:58,183 - DEBUG - Before Noise(Next State): [-0.01717968  1.5047443  -0.06470947 -0.12767921  0.10567804  0.1878085
  0.          0.        ]
2025-04-17 13:03:58,183 - DEBUG - After Noise(Next State): [-0.05140438  1.4705195  -0.06470947 -0.12767921  0.10567804  0.1878085
  0.          0.        ]
2025-04-17 13:03:58,202 - DEBUG - Before Noise(Next State): [-0.01764679  1.501318   -0.05398217 -0.15281606  0.11289224  0.14428401
  0.          0.        ]
2025-04-17 13:03:58,202 - DEBUG - After Noise(Next State): [-0.01876899  1.5001957  -0.05398217 -0.15281606  0.11289224  0.14428401
  0.          0.        ]
2025-04-17 13:03:58,222 - DEBUG - Before Noise(Next State): [-0.0180213   1.4973313  -0.0423132  -0.17755914  0.11772506  0.0966564
  0.          0.        ]
2025-04-17 13:03:58,223 - DEBUG - After Noise(Next State): [-0.03493398  1.4804186  -0.0423132  -0.17755914  0.11772506  0.0966564
  0.          0.        ]
2025-04-17 13:03:58,242 - DEBUG - Before Noise(Next State): [-0.01845503  1.4927422  -0.04975601 -0.20447512  0.12407283  0.12695593
  0.          0.        ]
2025-04-17 13:03:58,244 - DEBUG - After Noise(Next State): [-0.01270311  1.4984941  -0.04975601 -0.20447512  0.12407283  0.12695593
  0.          0.        ]
2025-04-17 13:03:58,267 - DEBUG - Before Noise(Next State): [-0.01897592  1.4875544  -0.06070376 -0.2313089   0.13262889  0.171121
  0.          0.        ]
2025-04-17 13:03:58,267 - DEBUG - After Noise(Next State): [-0.03236986  1.4741606  -0.06070376 -0.2313089   0.13262889  0.171121
  0.          0.        ]
2025-04-17 13:03:58,287 - DEBUG - Before Noise(Next State): [-0.01956949  1.4817598  -0.06980426 -0.25850087  0.1430443   0.20830822
  0.          0.        ]
2025-04-17 13:03:58,288 - DEBUG - After Noise(Next State): [-0.00999122  1.491338   -0.06980426 -0.25850087  0.1430443   0.20830822
  0.          0.        ]
2025-04-17 13:03:58,308 - DEBUG - Before Noise(Next State): [-0.02007666  1.4753872  -0.05896805 -0.28404284  0.1512798   0.1647106
  0.          0.        ]
2025-04-17 13:03:58,309 - DEBUG - After Noise(Next State): [-0.03133067  1.4641331  -0.05896805 -0.28404284  0.1512798   0.1647106
  0.          0.        ]
2025-04-17 13:03:58,326 - DEBUG - Before Noise(Next State): [-0.02051544  1.4684424  -0.05037545 -0.30932772  0.15776578  0.12971927
  0.          0.        ]
2025-04-17 13:03:58,327 - DEBUG - After Noise(Next State): [-0.02755454  1.4614034  -0.05037545 -0.30932772  0.15776578  0.12971927
  0.          0.        ]
2025-04-17 13:03:58,351 - DEBUG - Before Noise(Next State): [-0.0209672   1.4615681  -0.05192145 -0.30625814  0.16451162  0.1349172
  0.          0.        ]
2025-04-17 13:03:58,351 - DEBUG - After Noise(Next State): [-0.01248972  1.4700456  -0.05192145 -0.30625814  0.16451162  0.1349172
  0.          0.        ]
2025-04-17 13:03:58,371 - DEBUG - Before Noise(Next State): [-0.02134972  1.4541287  -0.04319094 -0.3311916   0.16945826  0.09893277
  0.          0.        ]
2025-04-17 13:03:58,371 - DEBUG - After Noise(Next State): [-0.05364281  1.4218357  -0.04319094 -0.3311916   0.16945826  0.09893277
  0.          0.        ]
2025-04-17 13:03:58,389 - DEBUG - Before Noise(Next State): [-0.0218214   1.4460764  -0.05440922 -0.35872644  0.17670865  0.1450083
  0.          0.        ]
2025-04-17 13:03:58,390 - DEBUG - After Noise(Next State): [-0.02028949  1.4476084  -0.05440922 -0.35872644  0.17670865  0.1450083
  0.          0.        ]
2025-04-17 13:03:58,409 - DEBUG - Before Noise(Next State): [-0.02229319  1.4374367  -0.05440808 -0.38486415  0.18395904  0.1450078
  0.          0.        ]
2025-04-17 13:03:58,410 - DEBUG - After Noise(Next State): [-0.00996354  1.4497664  -0.05440808 -0.38486415  0.18395904  0.1450078
  0.          0.        ]
2025-04-17 13:03:58,438 - DEBUG - Before Noise(Next State): [-0.02276516  1.4282098  -0.0544069  -0.41100183  0.1912094   0.14500728
  0.          0.        ]
2025-04-17 13:03:58,438 - DEBUG - After Noise(Next State): [-0.0452367   1.4057382  -0.0544069  -0.41100183  0.1912094   0.14500728
  0.          0.        ]
2025-04-17 13:03:58,456 - DEBUG - Before Noise(Next State): [-0.02323713  1.4183955  -0.05440567 -0.43713948  0.19845974  0.14500672
  0.          0.        ]
2025-04-17 13:03:58,457 - DEBUG - After Noise(Next State): [-0.06235581  1.3792769  -0.05440567 -0.43713948  0.19845974  0.14500672
  0.          0.        ]
2025-04-17 13:03:58,476 - DEBUG - Before Noise(Next State): [-0.02362948  1.4080266  -0.04433624 -0.461532    0.20360316  0.1028683
  0.          0.        ]
2025-04-17 13:03:58,477 - DEBUG - After Noise(Next State): [-0.01621727  1.4154388  -0.04433624 -0.461532    0.20360316  0.1028683
  0.          0.        ]
2025-04-17 13:03:58,496 - DEBUG - Before Noise(Next State): [-0.02433939  1.3981628  -0.07533811 -0.438988    0.20798944  0.08772565
  0.          0.        ]
2025-04-17 13:03:58,497 - DEBUG - After Noise(Next State): [-0.02554163  1.3969606  -0.07533811 -0.438988    0.20798944  0.08772565
  0.          0.        ]
2025-04-17 13:03:58,527 - DEBUG - Before Noise(Next State): [-0.02528715  1.3883431  -0.09845641 -0.4369518   0.21170123  0.07423617
  0.          0.        ]
2025-04-17 13:03:58,528 - DEBUG - After Noise(Next State): [-0.04627835  1.3673519  -0.09845641 -0.4369518   0.21170123  0.07423617
  0.          0.        ]
2025-04-17 13:03:58,544 - DEBUG - Before Noise(Next State): [-0.02636909  1.3790482  -0.11198039 -0.41365245  0.21552743  0.07652412
  0.          0.        ]
2025-04-17 13:03:58,545 - DEBUG - After Noise(Next State): [ 0.00390015  1.4093175  -0.11198039 -0.41365245  0.21552743  0.07652412
  0.          0.        ]
2025-04-17 13:03:58,564 - DEBUG - Before Noise(Next State): [-0.02755079  1.3701651  -0.12216938 -0.39540058  0.21956158  0.08068286
  0.          0.        ]
2025-04-17 13:03:58,565 - DEBUG - After Noise(Next State): [-0.0529374   1.3447785  -0.12216938 -0.39540058  0.21956158  0.08068286
  0.          0.        ]
2025-04-17 13:03:58,582 - DEBUG - Before Noise(Next State): [-0.02879553  1.3606763  -0.13005818 -0.4225644   0.22522236  0.11321579
  0.          0.        ]
2025-04-17 13:03:58,583 - DEBUG - After Noise(Next State): [-0.00405999  1.3854119  -0.13005818 -0.4225644   0.22522236  0.11321579
  0.          0.        ]
2025-04-17 13:03:58,612 - DEBUG - Before Noise(Next State): [-0.03012791  1.3505639  -0.14111744 -0.45066196  0.2332078   0.15970907
  0.          0.        ]
2025-04-17 13:03:58,612 - DEBUG - After Noise(Next State): [-0.02929978  1.351392   -0.14111744 -0.45066196  0.2332078   0.15970907
  0.          0.        ]
2025-04-17 13:03:58,632 - DEBUG - Before Noise(Next State): [-0.03153229  1.3398376  -0.15016378 -0.478308    0.24308789  0.19760142
  0.          0.        ]
2025-04-17 13:03:58,633 - DEBUG - After Noise(Next State): [-0.02595501  1.3454149  -0.15016378 -0.478308    0.24308789  0.19760142
  0.          0.        ]
2025-04-17 13:03:58,659 - DEBUG - Before Noise(Next State): [-0.03319645  1.3297362  -0.1758579  -0.45053306  0.25270212  0.19228446
  0.          0.        ]
2025-04-17 13:03:58,660 - DEBUG - After Noise(Next State): [-0.04706744  1.3158653  -0.1758579  -0.45053306  0.25270212  0.19228446
  0.          0.        ]
2025-04-17 13:03:58,678 - DEBUG - Before Noise(Next State): [-0.03494587  1.3190161  -0.18657151 -0.47849533  0.26456627  0.23728395
  0.          0.        ]
2025-04-17 13:03:58,678 - DEBUG - After Noise(Next State): [-0.03880374  1.3151582  -0.18657151 -0.47849533  0.26456627  0.23728395
  0.          0.        ]
2025-04-17 13:03:58,716 - DEBUG - Before Noise(Next State): [-0.03678875  1.3076639  -0.19832802 -0.5071466   0.27895156  0.2877059
  0.          0.        ]
2025-04-17 13:03:58,716 - DEBUG - After Noise(Next State): [-0.02052119  1.3239315  -0.19832802 -0.5071466   0.27895156  0.2877059
  0.          0.        ]
2025-04-17 13:03:58,735 - DEBUG - Before Noise(Next State): [-0.03877211  1.2964526  -0.21230395 -0.501012    0.2933314   0.28759637
  0.          0.        ]
2025-04-17 13:03:58,736 - DEBUG - After Noise(Next State): [-0.01331072  1.3219141  -0.21230395 -0.501012    0.2933314   0.28759637
  0.          0.        ]
2025-04-17 13:03:58,755 - DEBUG - Before Noise(Next State): [-0.04084577  1.2846237  -0.22356732 -0.5290836   0.3100815   0.33500153
  0.          0.        ]
2025-04-17 13:03:58,756 - DEBUG - After Noise(Next State): [-0.05235431  1.2731152  -0.22356732 -0.5290836   0.3100815   0.33500153
  0.          0.        ]
2025-04-17 13:03:58,774 - DEBUG - Before Noise(Next State): [-0.04299402  1.2728612  -0.2312175  -0.5263752   0.3271184   0.3407373
  0.          0.        ]
2025-04-17 13:03:58,774 - DEBUG - After Noise(Next State): [-0.05376931  1.2620859  -0.2312175  -0.5263752   0.3271184   0.3407373
  0.          0.        ]
2025-04-17 13:03:58,796 - DEBUG - Before Noise(Next State): [-0.0452177   1.2604879  -0.24054436 -0.554154    0.34612256  0.38008347
  0.          0.        ]
2025-04-17 13:03:58,796 - DEBUG - After Noise(Next State): [-0.06618191  1.2395238  -0.24054436 -0.554154    0.34612256  0.38008347
  0.          0.        ]
2025-04-17 13:03:58,816 - DEBUG - Before Noise(Next State): [-0.04737892  1.2475655  -0.232492   -0.5783624   0.36336172  0.34478286
  0.          0.        ]
2025-04-17 13:03:58,816 - DEBUG - After Noise(Next State): [-0.0504595   1.2444849  -0.232492   -0.5783624   0.36336172  0.34478286
  0.          0.        ]
2025-04-17 13:03:58,836 - DEBUG - Before Noise(Next State): [-0.04963531  1.2340183  -0.24431324 -0.6069542   0.3831424   0.39561373
  0.          0.        ]
2025-04-17 13:03:58,836 - DEBUG - After Noise(Next State): [-0.0297521   1.2539015  -0.24431324 -0.6069542   0.3831424   0.39561373
  0.          0.        ]
2025-04-17 13:03:58,857 - DEBUG - Before Noise(Next State): [-0.05198307  1.220614   -0.25371882 -0.6009704   0.40337324  0.40461722
  0.          0.        ]
2025-04-17 13:03:58,858 - DEBUG - After Noise(Next State): [-0.07253531  1.2000617  -0.25371882 -0.6009704   0.40337324  0.40461722
  0.          0.        ]
2025-04-17 13:03:58,883 - DEBUG - Before Noise(Next State): [-0.05452681  1.2072943  -0.27313378 -0.59746104  0.42358392  0.40421405
  0.          0.        ]
2025-04-17 13:03:58,884 - DEBUG - After Noise(Next State): [-0.04202673  1.2197944  -0.27313378 -0.59746104  0.42358392  0.40421405
  0.          0.        ]
2025-04-17 13:03:58,902 - DEBUG - Before Noise(Next State): [-0.05707207  1.1933914  -0.2731132  -0.62362576  0.44379404  0.40420264
  0.          0.        ]
2025-04-17 13:03:58,903 - DEBUG - After Noise(Next State): [-0.07578156  1.1746819  -0.2731132  -0.62362576  0.44379404  0.40420264
  0.          0.        ]
2025-04-17 13:03:58,920 - DEBUG - Before Noise(Next State): [-0.05967388  1.179554   -0.2791619  -0.62115806  0.46463248  0.41676918
  0.          0.        ]
2025-04-17 13:03:58,921 - DEBUG - After Noise(Next State): [-0.04478043  1.1944474  -0.2791619  -0.62115806  0.46463248  0.41676918
  0.          0.        ]
2025-04-17 13:03:58,941 - DEBUG - Before Noise(Next State): [-0.06222324  1.1651764  -0.27225566 -0.6449193   0.483831    0.38396987
  0.          0.        ]
2025-04-17 13:03:58,942 - DEBUG - After Noise(Next State): [-0.11978154  1.1076181  -0.27225566 -0.6449193   0.483831    0.38396987
  0.          0.        ]
2025-04-17 13:03:58,978 - DEBUG - Before Noise(Next State): [-0.06532288  1.1514032  -0.32660365 -0.6180866   0.5024877   0.3731349
  0.          0.        ]
2025-04-17 13:03:58,978 - DEBUG - After Noise(Next State): [-0.07704895  1.1396772  -0.32660365 -0.6180866   0.5024877   0.3731349
  0.          0.        ]
2025-04-17 13:03:58,997 - DEBUG - Before Noise(Next State): [-0.0683528   1.1370931  -0.31766382 -0.64146465  0.519073    0.33170626
  0.          0.        ]
2025-04-17 13:03:58,998 - DEBUG - After Noise(Next State): [-0.08095127  1.1244946  -0.31766382 -0.64146465  0.519073    0.33170626
  0.          0.        ]
2025-04-17 13:03:59,016 - DEBUG - Before Noise(Next State): [-0.07191372  1.1233926  -0.37035805 -0.61443144  0.5353574   0.3256886
  0.          0.        ]
2025-04-17 13:03:59,016 - DEBUG - After Noise(Next State): [-0.05486005  1.1404463  -0.37035805 -0.61443144  0.5353574   0.3256886
  0.          0.        ]
2025-04-17 13:03:59,035 - DEBUG - Before Noise(Next State): [-0.0754097   1.1091547  -0.36201733 -0.6377814   0.5496681   0.28621268
  0.          0.        ]
2025-04-17 13:03:59,035 - DEBUG - After Noise(Next State): [-0.07137494  1.1131895  -0.36201733 -0.6377814   0.5496681   0.28621268
  0.          0.        ]
2025-04-17 13:03:59,066 - DEBUG - Before Noise(Next State): [-0.07897492  1.0942652  -0.37074715 -0.66766226  0.56620824  0.33080384
  0.          0.        ]
2025-04-17 13:03:59,067 - DEBUG - After Noise(Next State): [-0.06667165  1.1065685  -0.37074715 -0.66766226  0.56620824  0.33080384
  0.          0.        ]
2025-04-17 13:03:59,086 - DEBUG - Before Noise(Next State): [-0.08261843  1.0787181  -0.38054937 -0.69797325  0.5852505   0.38084456
  0.          0.        ]
2025-04-17 13:03:59,087 - DEBUG - After Noise(Next State): [-0.07187806  1.0894585  -0.38054937 -0.69797325  0.5852505   0.38084456
  0.          0.        ]
2025-04-17 13:03:59,105 - DEBUG - Before Noise(Next State): [-0.08626366  1.062587   -0.38052458 -0.7241321   0.6042923   0.38083506
  0.          0.        ]
2025-04-17 13:03:59,105 - DEBUG - After Noise(Next State): [-0.05840379  1.090447   -0.38052458 -0.7241321   0.6042923   0.38083506
  0.          0.        ]
2025-04-17 13:03:59,125 - DEBUG - Before Noise(Next State): [-0.08991079  1.045872   -0.38049906 -0.75029063  0.6233336   0.38082555
  0.          0.        ]
2025-04-17 13:03:59,125 - DEBUG - After Noise(Next State): [-0.05746059  1.0783222  -0.38049906 -0.75029063  0.6233336   0.38082555
  0.          0.        ]
2025-04-17 13:03:59,161 - DEBUG - Before Noise(Next State): [-0.09361763  1.0285203  -0.38775977 -0.77953255  0.6442388   0.4181056
  0.          0.        ]
2025-04-17 13:03:59,162 - DEBUG - After Noise(Next State): [-0.07647409  1.0456638  -0.38775977 -0.77953255  0.6442388   0.4181056
  0.          0.        ]
2025-04-17 13:03:59,182 - DEBUG - Before Noise(Next State): [-0.09773159  1.0114594  -0.42829475 -0.76690495  0.66526526  0.42052832
  0.          0.        ]
2025-04-17 13:03:59,182 - DEBUG - After Noise(Next State): [-0.09245816  1.0167328  -0.42829475 -0.76690495  0.66526526  0.42052832
  0.          0.        ]
2025-04-17 13:03:59,202 - DEBUG - Before Noise(Next State): [-0.10184784  0.9938148  -0.4282609  -0.7930677   0.68629104  0.42051548
  0.          0.        ]
2025-04-17 13:03:59,202 - DEBUG - After Noise(Next State): [-0.11912835  0.9765343  -0.4282609  -0.7930677   0.68629104  0.42051548
  0.          0.        ]
2025-04-17 13:03:59,221 - DEBUG - Before Noise(Next State): [-0.10652981  0.97628474 -0.4840468  -0.78792393  0.70666456  0.40747017
  0.          0.        ]
2025-04-17 13:03:59,221 - DEBUG - After Noise(Next State): [-0.12095343  0.96186113 -0.4840468  -0.78792393  0.70666456  0.40747017
  0.          0.        ]
2025-04-17 13:03:59,243 - DEBUG - Before Noise(Next State): [-0.11128578  0.95807564 -0.49325666 -0.8195579   0.7297878   0.46246442
  0.          0.        ]
2025-04-17 13:03:59,244 - DEBUG - After Noise(Next State): [-0.0906642   0.97869724 -0.49325666 -0.8195579   0.7297878   0.46246442
  0.          0.        ]
2025-04-17 13:03:59,263 - DEBUG - Before Noise(Next State): [-0.11626796  0.93994904 -0.5159584  -0.8164361   0.753509    0.47442263
  0.          0.        ]
2025-04-17 13:03:59,263 - DEBUG - After Noise(Next State): [-0.10604573  0.9501713  -0.5159584  -0.8164361   0.753509    0.47442263
  0.          0.        ]
2025-04-17 13:03:59,283 - DEBUG - Before Noise(Next State): [-0.12159777  0.92188126 -0.55046517 -0.814185    0.7774217   0.47825426
  0.          0.        ]
2025-04-17 13:03:59,284 - DEBUG - After Noise(Next State): [-0.07959478  0.96388423 -0.55046517 -0.814185    0.7774217   0.47825426
  0.          0.        ]
2025-04-17 13:03:59,302 - DEBUG - Before Noise(Next State): [-0.1269311   0.9032311  -0.5504154  -0.84035295  0.8013335   0.4782354
  0.          0.        ]
2025-04-17 13:03:59,302 - DEBUG - After Noise(Next State): [-0.1185449   0.9116173  -0.5504154  -0.84035295  0.8013335   0.4782354
  0.          0.        ]
2025-04-17 13:03:59,328 - DEBUG - Before Noise(Next State): [-0.13226804  0.88399804 -0.5503644  -0.86652005  0.8252443   0.4782165
  0.          0.        ]
2025-04-17 13:03:59,329 - DEBUG - After Noise(Next State): [-0.1176466   0.8986195  -0.5503644  -0.86652005  0.8252443   0.4782165
  0.          0.        ]
2025-04-17 13:03:59,348 - DEBUG - Before Noise(Next State): [-0.13760862  0.8641823  -0.55031216 -0.89268625  0.8491542   0.47819772
  0.          0.        ]
2025-04-17 13:03:59,348 - DEBUG - After Noise(Next State): [-0.1543366   0.8474543  -0.55031216 -0.89268625  0.8491542   0.47819772
  0.          0.        ]
2025-04-17 13:03:59,366 - DEBUG - Before Noise(Next State): [-0.14299317  0.8437075  -0.5555248  -0.9232224   0.874999    0.51689637
  0.          0.        ]
2025-04-17 13:03:59,367 - DEBUG - After Noise(Next State): [-0.1387117   0.84798896 -0.5555248  -0.9232224   0.874999    0.51689637
  0.          0.        ]
2025-04-17 13:03:59,385 - DEBUG - Before Noise(Next State): [-0.14833966  0.82273436 -0.5498589  -0.94454616  0.8987188   0.47439662
  0.          0.        ]
2025-04-17 13:03:59,386 - DEBUG - After Noise(Next State): [-0.15440586  0.81666815 -0.5498589  -0.94454616  0.8987188   0.47439662
  0.          0.        ]
2025-04-17 13:03:59,406 - DEBUG - Before Noise(Next State): [-0.153652    0.8012624  -0.54472095 -0.96584547  0.92036647  0.43295366
  0.          0.        ]
2025-04-17 13:03:59,407 - DEBUG - After Noise(Next State): [-0.1476835   0.8072309  -0.54472095 -0.96584547  0.92036647  0.43295366
  0.          0.        ]
2025-04-17 13:03:59,424 - DEBUG - Before Noise(Next State): [-0.15892296  0.7792847  -0.5389456  -0.9873561   0.9399227   0.39112556
  0.          0.        ]
2025-04-17 13:03:59,425 - DEBUG - After Noise(Next State): [-0.15647854  0.78172916 -0.5389456  -0.9873561   0.9399227   0.39112556
  0.          0.        ]
2025-04-17 13:03:59,444 - DEBUG - Before Noise(Next State): [-0.16467467  0.757132   -0.5865362  -0.99513763  0.959195    0.38544488
  0.          0.        ]
2025-04-17 13:03:59,445 - DEBUG - After Noise(Next State): [-0.17173363  0.750073   -0.5865362  -0.99513763  0.959195    0.38544488
  0.          0.        ]
2025-04-17 13:03:59,463 - DEBUG - Before Noise(Next State): [-0.17042904  0.734394   -0.58649826 -1.0212891   0.97846675  0.385435
  0.          0.        ]
2025-04-17 13:03:59,463 - DEBUG - After Noise(Next State): [-0.17990229  0.72492075 -0.58649826 -1.0212891   0.97846675  0.385435
  0.          0.        ]
2025-04-17 13:03:59,495 - DEBUG - Before Noise(Next State): [-0.17623635  0.7109744  -0.59287375 -1.0531595   1.0002462   0.43558878
  0.          0.        ]
2025-04-17 13:03:59,495 - DEBUG - After Noise(Next State): [-0.16705881  0.72015196 -0.59287375 -1.0531595   1.0002462   0.43558878
  0.          0.        ]
2025-04-17 13:03:59,516 - DEBUG - Before Noise(Next State): [-0.18201122  0.6870711  -0.58794993 -1.0734413   1.0196313   0.38770264
  0.          0.        ]
2025-04-17 13:03:59,517 - DEBUG - After Noise(Next State): [-0.15807834  0.71100396 -0.58794993 -1.0734413   1.0196313   0.38770264
  0.          0.        ]
2025-04-17 13:03:59,535 - DEBUG - Before Noise(Next State): [-0.18778887  0.6625826  -0.58790994 -1.0995916   1.0390158   0.38769263
  0.          0.        ]
2025-04-17 13:03:59,535 - DEBUG - After Noise(Next State): [-0.18152294  0.6688485  -0.58790994 -1.0995916   1.0390158   0.38769263
  0.          0.        ]
2025-04-17 13:03:59,554 - DEBUG - Before Noise(Next State): [-0.19356947  0.6375086  -0.5878695  -1.1257412   1.0583999   0.3876829
  0.          0.        ]
2025-04-17 13:03:59,554 - DEBUG - After Noise(Next State): [-0.21787392  0.6132041  -0.5878695  -1.1257412   1.0583999   0.3876829
  0.          0.        ]
2025-04-17 13:03:59,583 - DEBUG - Before Noise(Next State): [-0.19995145  0.6126294  -0.64802665 -1.1176451   1.078524    0.40248117
  0.          0.        ]
2025-04-17 13:03:59,584 - DEBUG - After Noise(Next State): [-0.20417742  0.60840344 -0.64802665 -1.1176451   1.078524    0.40248117
  0.          0.        ]
2025-04-17 13:03:59,603 - DEBUG - Before Noise(Next State): [-0.20633659  0.5871649  -0.647982   -1.1437949   1.0986475   0.40246993
  0.          0.        ]
2025-04-17 13:03:59,603 - DEBUG - After Noise(Next State): [-0.1816971   0.61180437 -0.647982   -1.1437949   1.0986475   0.40246993
  0.          0.        ]
2025-04-17 13:03:59,622 - DEBUG - Before Noise(Next State): [-0.21268973  0.56122476 -0.64326054 -1.1634775   1.1161704   0.35045984
  0.          0.        ]
2025-04-17 13:03:59,622 - DEBUG - After Noise(Next State): [-0.22070293  0.55321157 -0.64326054 -1.1634775   1.1161704   0.35045984
  0.          0.        ]
2025-04-17 13:03:59,641 - DEBUG - Before Noise(Next State): [-0.21904525  0.5346984  -0.643226   -1.1896225   1.133693    0.3504524
  0.          0.        ]
2025-04-17 13:03:59,641 - DEBUG - After Noise(Next State): [-0.2305522  0.5231915 -0.643226  -1.1896225  1.133693   0.3504524
  0.         0.       ]
2025-04-17 13:03:59,662 - DEBUG - Before Noise(Next State): [-0.22543406  0.5074847  -0.6472556  -1.2217314   1.1535995   0.3981307
  0.          0.        ]
2025-04-17 13:03:59,662 - DEBUG - After Noise(Next State): [-0.236968    0.49595073 -0.6472556  -1.2217314   1.1535995   0.3981307
  0.          0.        ]
2025-04-17 13:03:59,680 - DEBUG - Before Noise(Next State): [-0.23222475  0.4801087  -0.6872503  -1.2293286   1.1739526   0.40706247
  0.          0.        ]
2025-04-17 13:03:59,681 - DEBUG - After Noise(Next State): [-0.22908524  0.48324823 -0.6872503  -1.2293286   1.1739526   0.40706247
  0.          0.        ]
2025-04-17 13:03:59,701 - DEBUG - Before Noise(Next State): [-0.23901887  0.45214677 -0.6872025  -1.2554758   1.1943052   0.4070509
  0.          0.        ]
2025-04-17 13:03:59,701 - DEBUG - After Noise(Next State): [-0.23757833  0.4535873  -0.6872025  -1.2554758   1.1943052   0.4070509
  0.          0.        ]
2025-04-17 13:03:59,721 - DEBUG - Before Noise(Next State): [-0.24577871  0.4237205  -0.6823579  -1.2743918   1.2117664   0.34922338
  0.          0.        ]
2025-04-17 13:03:59,722 - DEBUG - After Noise(Next State): [-0.2636716   0.4058276  -0.6823579  -1.2743918   1.2117664   0.34922338
  0.          0.        ]
2025-04-17 13:03:59,746 - DEBUG - Before Noise(Next State): [-0.2525735   0.3945979  -0.686446   -1.3070602   1.2318232   0.40113616
  0.          0.        ]
2025-04-17 13:03:59,746 - DEBUG - After Noise(Next State): [-0.22495787  0.4222135  -0.686446   -1.3070602   1.2318232   0.40113616
  0.          0.        ]
2025-04-17 13:03:59,766 - DEBUG - Before Noise(Next State): [-0.25934595  0.3649906  -0.68307084 -1.3271801   1.2495134   0.35380298
  0.          0.        ]
2025-04-17 13:03:59,767 - DEBUG - After Noise(Next State): [-0.22905323  0.3952833  -0.68307084 -1.3271801   1.2495134   0.35380298
  0.          0.        ]
2025-04-17 13:03:59,786 - DEBUG - Before Noise(Next State): [-0.26612106  0.3347965  -0.6830336  -1.3533219   1.2672032   0.35379535
  0.          0.        ]
2025-04-17 13:03:59,787 - DEBUG - After Noise(Next State): [-0.26122087  0.33969668 -0.6830336  -1.3533219   1.2672032   0.35379535
  0.          0.        ]
2025-04-17 13:03:59,805 - DEBUG - Before Noise(Next State): [-0.2728846   0.30411473 -0.68093026 -1.3736204   1.2826643   0.30922264
  0.          0.        ]
2025-04-17 13:03:59,805 - DEBUG - After Noise(Next State): [-0.27863285  0.2983665  -0.68093026 -1.3736204   1.2826643   0.30922264
  0.          0.        ]
2025-04-17 13:03:59,840 - DEBUG - Before Noise(Next State): [-0.27999496  0.27318987 -0.7155352  -1.3848385   1.2986889   0.3204921
  0.          0.        ]
2025-04-17 13:03:59,841 - DEBUG - After Noise(Next State): [-0.28252146  0.27066338 -0.7155352  -1.3848385   1.2986889   0.3204921
  0.          0.        ]
2025-04-17 13:03:59,861 - DEBUG - Before Noise(Next State): [-0.28710756  0.24167784 -0.7155041  -1.4109778   1.3147132   0.32048646
  0.          0.        ]
2025-04-17 13:03:59,862 - DEBUG - After Noise(Next State): [-0.27398688  0.25479853 -0.7155041  -1.4109778   1.3147132   0.32048646
  0.          0.        ]
2025-04-17 13:03:59,880 - DEBUG - Before Noise(Next State): [-0.29420537  0.2096836  -0.7131988  -1.4308856   1.3283468   0.2726732
  0.          0.        ]
2025-04-17 13:03:59,880 - DEBUG - After Noise(Next State): [-0.31345442  0.19043455 -0.7131988  -1.4308856   1.3283468   0.2726732
  0.          0.        ]
2025-04-17 13:03:59,898 - DEBUG - Before Noise(Next State): [-0.30128416  0.1771984  -0.7105921  -1.4512773   1.3397514   0.22808972
  0.          0.        ]
2025-04-17 13:03:59,899 - DEBUG - After Noise(Next State): [-0.28712466  0.1913579  -0.7105921  -1.4512773   1.3397514   0.22808972
  0.          0.        ]
2025-04-17 13:03:59,930 - DEBUG - Before Noise(Next State): [-0.30838257  0.14403349 -0.7128953  -1.4828976   1.3532767   0.2705075
  0.          0.        ]
2025-04-17 13:03:59,931 - DEBUG - After Noise(Next State): [-0.3116933   0.14072274 -0.7128953  -1.4828976   1.3532767   0.2705075
  0.          0.        ]
2025-04-17 13:03:59,949 - DEBUG - Before Noise(Next State): [-0.3155024   0.11016148 -0.7154212  -1.5161608   1.3695381   0.32522672
  0.          0.        ]
2025-04-17 13:03:59,950 - DEBUG - After Noise(Next State): [-0.29713836  0.12852553 -0.7154212  -1.5161608   1.3695381   0.32522672
  0.          0.        ]
2025-04-17 13:03:59,968 - DEBUG - Before Noise(Next State): [-0.32264286  0.0755956  -0.71767795 -1.5486581   1.3882421   0.37408194
  0.          0.        ]
2025-04-17 13:03:59,969 - DEBUG - After Noise(Next State): [-0.31209874  0.08613973 -0.71767795 -1.5486581   1.3882421   0.37408194
  0.          0.        ]
2025-04-17 13:03:59,987 - DEBUG - Before Noise(Next State): [-0.3297647   0.04056503 -0.7150003  -1.567484    1.4041363   0.3178826
  0.          1.        ]
2025-04-17 13:03:59,987 - DEBUG - After Noise(Next State): [-0.33946797  0.03086175 -0.7150003  -1.567484    1.4041363   0.3178826
  0.          1.        ]
2025-04-17 13:04:00,011 - DEBUG - Before Noise(Next State): [-0.33696365  0.00536128 -0.71695435 -1.5854981   1.4264294   0.41583365
  0.          1.        ]
2025-04-17 13:04:00,011 - DEBUG - After Noise(Next State): [-0.36144805 -0.01912311 -0.71695435 -1.5854981   1.4264294   0.41583365
  0.          1.        ]
2025-04-17 13:04:00,030 - DEBUG - Before Noise(Next State): [-0.3459568  -0.01308495 -0.8494064  -1.0778335   1.6718212   4.357158
  0.          1.        ]
2025-04-17 13:04:00,031 - DEBUG - After Noise(Next State): [-3.3599681e-01 -3.1249642e-03 -8.4940642e-01 -1.0778335e+00
  1.6718212e+00  4.3571582e+00  0.0000000e+00  1.0000000e+00]
2025-04-17 13:04:00,050 - DEBUG - Before Noise(Next State): [-0.35481185 -0.01418541 -0.8237343   0.06657223  1.7943368   0.65365374
  0.          1.        ]
2025-04-17 13:04:00,051 - DEBUG - After Noise(Next State): [-3.3893386e-01  1.6925720e-03 -8.2373428e-01  6.6572234e-02
  1.7943368e+00  6.5365374e-01  0.0000000e+00  1.0000000e+00]
2025-04-17 13:04:00,052 - DEBUG - Episode 12 received a Reward = -262.89173260515804 
2025-04-17 13:04:00,089 - DEBUG - Before Noise(Current State): [ 0.00356379  1.4063282   0.36096007 -0.20408781 -0.00412278 -0.08176267
  0.          0.        ]
2025-04-17 13:04:00,090 - DEBUG - After Noise(Current State): [ 0.02880238  1.4315668   0.36096007 -0.20408781 -0.00412278 -0.08176267
  0.          0.        ]
2025-04-17 13:04:00,110 - DEBUG - Before Noise(Next State): [ 0.00712767  1.4011712   0.36047247 -0.22920994 -0.00816307 -0.08081323
  0.          0.        ]
2025-04-17 13:04:00,110 - DEBUG - After Noise(Next State): [ 1.0398532e-03  1.3950834e+00  3.6047247e-01 -2.2920994e-01
 -8.1630750e-03 -8.0813229e-02  0.0000000e+00  0.0000000e+00]
2025-04-17 13:04:00,145 - DEBUG - Before Noise(Next State): [ 0.01076994  1.3954353   0.37030667 -0.2549755  -0.0141693  -0.12013575
  0.          0.        ]
2025-04-17 13:04:00,145 - DEBUG - After Noise(Next State): [ 0.05057992  1.4352453   0.37030667 -0.2549755  -0.0141693  -0.12013575
  0.          0.        ]
2025-04-17 13:04:00,160 - DEBUG - Before Noise(Next State): [ 0.01438599  1.3902555   0.36786097 -0.2302962  -0.02035206 -0.1236667
  0.          0.        ]
2025-04-17 13:04:00,161 - DEBUG - After Noise(Next State): [ 0.04411805  1.4199876   0.36786097 -0.2302962  -0.02035206 -0.1236667
  0.          0.        ]
2025-04-17 13:04:00,180 - DEBUG - Before Noise(Next State): [ 0.01793528  1.3844926   0.35946637 -0.2561926  -0.02484564 -0.08987959
  0.          0.        ]
2025-04-17 13:04:00,181 - DEBUG - After Noise(Next State): [-0.01211238  1.354445    0.35946637 -0.2561926  -0.02484564 -0.08987959
  0.          0.        ]
2025-04-17 13:04:00,198 - DEBUG - Before Noise(Next State): [ 0.0215003   1.3794882   0.36108226 -0.22250119 -0.0293704  -0.09050365
  0.          0.        ]
2025-04-17 13:04:00,199 - DEBUG - After Noise(Next State): [ 0.0600609   1.4180489   0.36108226 -0.22250119 -0.0293704  -0.09050365
  0.          0.        ]
2025-04-17 13:04:00,218 - DEBUG - Before Noise(Next State): [ 0.02523632  1.3751364   0.3774609  -0.19349161 -0.03319522 -0.07650323
  0.          0.        ]
2025-04-17 13:04:00,218 - DEBUG - After Noise(Next State): [ 0.03741984  1.3873199   0.3774609  -0.19349161 -0.03319522 -0.07650323
  0.          0.        ]
2025-04-17 13:04:00,237 - DEBUG - Before Noise(Next State): [ 0.02890167  1.3702117   0.36859897 -0.21892518 -0.03523319 -0.04076336
  0.          0.        ]
2025-04-17 13:04:00,237 - DEBUG - After Noise(Next State): [ 0.05180303  1.393113    0.36859897 -0.21892518 -0.03523319 -0.04076336
  0.          0.        ]
2025-04-17 13:04:00,256 - DEBUG - Before Noise(Next State): [ 0.03249807  1.3647063   0.35994476 -0.24469694 -0.0355315  -0.00596697
  0.          0.        ]
2025-04-17 13:04:00,257 - DEBUG - After Noise(Next State): [ 0.04927228  1.3814805   0.35994476 -0.24469694 -0.0355315  -0.00596697
  0.          0.        ]
2025-04-17 13:04:00,273 - DEBUG - Before Noise(Next State): [ 0.03609457  1.3586127   0.35994512 -0.27083206 -0.03583016 -0.0059734
  0.          0.        ]
2025-04-17 13:04:00,274 - DEBUG - After Noise(Next State): [ 0.02273194  1.34525     0.35994512 -0.27083206 -0.03583016 -0.0059734
  0.          0.        ]
2025-04-17 13:04:00,293 - DEBUG - Before Noise(Next State): [ 0.03959732  1.3519257   0.34819138 -0.29714772 -0.03377605  0.04108592
  0.          0.        ]
2025-04-17 13:04:00,294 - DEBUG - After Noise(Next State): [ 0.00378399  1.3161124   0.34819138 -0.29714772 -0.03377605  0.04108592
  0.          0.        ]
2025-04-17 13:04:00,312 - DEBUG - Before Noise(Next State): [ 0.04316807  1.3446379   0.35674047 -0.32390016 -0.03344517  0.0066184
  0.          0.        ]
2025-04-17 13:04:00,313 - DEBUG - After Noise(Next State): [ 0.01498084  1.3164506   0.35674047 -0.32390016 -0.03344517  0.0066184
  0.          0.        ]
2025-04-17 13:04:00,331 - DEBUG - Before Noise(Next State): [ 0.04676161  1.3378209   0.35901907 -0.30297032 -0.03311681  0.00656774
  0.          0.        ]
2025-04-17 13:04:00,331 - DEBUG - After Noise(Next State): [ 0.0686308   1.3596901   0.35901907 -0.30297032 -0.03311681  0.00656774
  0.          0.        ]
2025-04-17 13:04:00,350 - DEBUG - Before Noise(Next State): [ 0.05041962  1.3304185   0.3671188  -0.32902738 -0.03441058 -0.02587778
  0.          0.        ]
2025-04-17 13:04:00,351 - DEBUG - After Noise(Next State): [ 0.0183037   1.2983025   0.3671188  -0.32902738 -0.03441058 -0.02587778
  0.          0.        ]
2025-04-17 13:04:00,369 - DEBUG - Before Noise(Next State): [ 0.05407782  1.3224279   0.3671233  -0.35515872 -0.03570351 -0.02586062
  0.          0.        ]
2025-04-17 13:04:00,370 - DEBUG - After Noise(Next State): [ 0.04229986  1.3106499   0.3671233  -0.35515872 -0.03570351 -0.02586062
  0.          0.        ]
2025-04-17 13:04:00,389 - DEBUG - Before Noise(Next State): [ 0.05786877  1.3153812   0.3799451  -0.3132121  -0.0365434  -0.01679958
  0.          0.        ]
2025-04-17 13:04:00,389 - DEBUG - After Noise(Next State): [ 0.05713377  1.3146461   0.3799451  -0.3132121  -0.0365434  -0.01679958
  0.          0.        ]
2025-04-17 13:04:00,409 - DEBUG - Before Noise(Next State): [ 0.06165972  1.3077459   0.37994656 -0.33935985 -0.03738351 -0.0168039
  0.          0.        ]
2025-04-17 13:04:00,409 - DEBUG - After Noise(Next State): [ 0.02836781  1.274454    0.37994656 -0.33935985 -0.03738351 -0.0168039
  0.          0.        ]
2025-04-17 13:04:00,426 - DEBUG - Before Noise(Next State): [ 0.06553879  1.2995183   0.3909843  -0.36575013 -0.0404367  -0.06106915
  0.          0.        ]
2025-04-17 13:04:00,427 - DEBUG - After Noise(Next State): [ 0.06751629  1.3014959   0.3909843  -0.36575013 -0.0404367  -0.06106915
  0.          0.        ]
2025-04-17 13:04:00,446 - DEBUG - Before Noise(Next State): [ 0.06932926  1.2907141   0.37988156 -0.39131698 -0.04125512 -0.01636984
  0.          0.        ]
2025-04-17 13:04:00,446 - DEBUG - After Noise(Next State): [ 0.03000966  1.2513945   0.37988156 -0.39131698 -0.04125512 -0.01636984
  0.          0.        ]
2025-04-17 13:04:00,466 - DEBUG - Before Noise(Next State): [ 0.07311983  1.281322    0.37988275 -0.41745248 -0.0420748  -0.01639513
  0.          0.        ]
2025-04-17 13:04:00,467 - DEBUG - After Noise(Next State): [ 0.0424275   1.2506297   0.37988275 -0.41745248 -0.0420748  -0.01639513
  0.          0.        ]
2025-04-17 13:04:00,484 - DEBUG - Before Noise(Next State): [ 0.07698345  1.2713337   0.38905805 -0.44399625 -0.04473659 -0.05324035
  0.          0.        ]
2025-04-17 13:04:00,484 - DEBUG - After Noise(Next State): [ 0.07970103  1.2740513   0.38905805 -0.44399625 -0.04473659 -0.05324035
  0.          0.        ]
2025-04-17 13:04:00,502 - DEBUG - Before Noise(Next State): [ 0.08094349  1.2607596   0.4011293  -0.47012222 -0.04981145 -0.10150646
  0.          0.        ]
2025-04-17 13:04:00,503 - DEBUG - After Noise(Next State): [ 0.09311274  1.2729288   0.4011293  -0.47012222 -0.04981145 -0.10150646
  0.          0.        ]
2025-04-17 13:04:00,521 - DEBUG - Before Noise(Next State): [ 0.08499555  1.249602    0.412668   -0.49615067 -0.05718833 -0.14755107
  0.          0.        ]
2025-04-17 13:04:00,521 - DEBUG - After Noise(Next State): [ 0.06700748  1.2316139   0.412668   -0.49615067 -0.05718833 -0.14755107
  0.          0.        ]
2025-04-17 13:04:00,540 - DEBUG - Before Noise(Next State): [ 0.0891984   1.238866    0.42720407 -0.4774342  -0.06404462 -0.13713795
  0.          0.        ]
2025-04-17 13:04:00,540 - DEBUG - After Noise(Next State): [ 0.09710968  1.2467773   0.42720407 -0.4774342  -0.06404462 -0.13713795
  0.          0.        ]
2025-04-17 13:04:00,559 - DEBUG - Before Noise(Next State): [ 0.0934823   1.2275406   0.43735456 -0.5037556  -0.07293049 -0.17773291
  0.          0.        ]
2025-04-17 13:04:00,559 - DEBUG - After Noise(Next State): [ 0.03439845  1.1684568   0.43735456 -0.5037556  -0.07293049 -0.17773291
  0.          0.        ]
2025-04-17 13:04:00,577 - DEBUG - Before Noise(Next State): [ 0.0976942   1.2156224   0.42835528 -0.530063   -0.08001238 -0.14163813
  0.          0.        ]
2025-04-17 13:04:00,578 - DEBUG - After Noise(Next State): [ 0.10672892  1.2246572   0.42835528 -0.530063   -0.08001238 -0.14163813
  0.          0.        ]
2025-04-17 13:04:00,598 - DEBUG - Before Noise(Next State): [ 0.1019989   1.2031159   0.43996137 -0.5563821  -0.08941663 -0.18808505
  0.          0.        ]
2025-04-17 13:04:00,598 - DEBUG - After Noise(Next State): [ 0.11907916  1.2201962   0.43996137 -0.5563821  -0.08941663 -0.18808505
  0.          0.        ]
2025-04-17 13:04:00,618 - DEBUG - Before Noise(Next State): [ 0.10630369  1.1900226   0.43996042 -0.582523   -0.09882083 -0.18808389
  0.          0.        ]
2025-04-17 13:04:00,618 - DEBUG - After Noise(Next State): [ 0.12016322  1.2038821   0.43996042 -0.582523   -0.09882083 -0.18808389
  0.          0.        ]
2025-04-17 13:04:00,637 - DEBUG - Before Noise(Next State): [ 0.11060848  1.1763424   0.43995938 -0.6086637  -0.10822497 -0.18808283
  0.          0.        ]
2025-04-17 13:04:00,637 - DEBUG - After Noise(Next State): [ 0.15498687  1.2207208   0.43995938 -0.6086637  -0.10822497 -0.18808283
  0.          0.        ]
2025-04-17 13:04:00,656 - DEBUG - Before Noise(Next State): [ 0.11487971  1.1628915   0.43702435 -0.5985642  -0.11805521 -0.1966047
  0.          0.        ]
2025-04-17 13:04:00,656 - DEBUG - After Noise(Next State): [ 0.11361867  1.1616305   0.43702435 -0.5985642  -0.11805521 -0.1966047
  0.          0.        ]
2025-04-17 13:04:00,675 - DEBUG - Before Noise(Next State): [ 0.11907578  1.1488698   0.42754722 -0.62383777 -0.12596227 -0.15814124
  0.          0.        ]
2025-04-17 13:04:00,675 - DEBUG - After Noise(Next State): [ 0.15502319  1.1848172   0.42754722 -0.62383777 -0.12596227 -0.15814124
  0.          0.        ]
2025-04-17 13:04:00,694 - DEBUG - Before Noise(Next State): [ 0.12320757  1.1342816   0.4194603  -0.6489103  -0.13221209 -0.12499593
  0.          0.        ]
2025-04-17 13:04:00,694 - DEBUG - After Noise(Next State): [ 0.11634946  1.1274235   0.4194603  -0.6489103  -0.13221209 -0.12499593
  0.          0.        ]
2025-04-17 13:04:00,715 - DEBUG - Before Noise(Next State): [ 0.12741537  1.1190798   0.42902216 -0.6763828  -0.14042684 -0.16429535
  0.          0.        ]
2025-04-17 13:04:00,715 - DEBUG - After Noise(Next State): [ 0.10095506  1.0926195   0.42902216 -0.6763828  -0.14042684 -0.16429535
  0.          0.        ]
2025-04-17 13:04:00,733 - DEBUG - Before Noise(Next State): [ 0.13171807  1.1032784   0.44091243 -0.7033296  -0.15104221 -0.21230748
  0.          0.        ]
2025-04-17 13:04:00,733 - DEBUG - After Noise(Next State): [ 0.12033661  1.0918969   0.44091243 -0.7033296  -0.15104221 -0.21230748
  0.          0.        ]
2025-04-17 13:04:00,753 - DEBUG - Before Noise(Next State): [ 0.13609162  1.0880286   0.44818288 -0.67891115 -0.16186184 -0.2163928
  0.          0.        ]
2025-04-17 13:04:00,753 - DEBUG - After Noise(Next State): [ 0.13638154  1.0883185   0.44818288 -0.67891115 -0.16186184 -0.2163928
  0.          0.        ]
2025-04-17 13:04:00,772 - DEBUG - Before Noise(Next State): [ 0.14046526  1.0721924   0.4481806  -0.70505416 -0.1726814  -0.21639106
  0.          0.        ]
2025-04-17 13:04:00,773 - DEBUG - After Noise(Next State): [ 0.14252634  1.0742536   0.4481806  -0.70505416 -0.1726814  -0.21639106
  0.          0.        ]
2025-04-17 13:04:00,791 - DEBUG - Before Noise(Next State): [ 0.14476757  1.0557828   0.4392186  -0.730378   -0.18168017 -0.17997527
  0.          0.        ]
2025-04-17 13:04:00,791 - DEBUG - After Noise(Next State): [ 0.16194099  1.0729562   0.4392186  -0.730378   -0.18168017 -0.17997527
  0.          0.        ]
2025-04-17 13:04:00,810 - DEBUG - Before Noise(Next State): [ 0.14932203  1.0394912   0.4636449  -0.7251027  -0.18992569 -0.16491047
  0.          0.        ]
2025-04-17 13:04:00,810 - DEBUG - After Noise(Next State): [ 0.12079993  1.010969    0.4636449  -0.7251027  -0.18992569 -0.16491047
  0.          0.        ]
2025-04-17 13:04:00,828 - DEBUG - Before Noise(Next State): [ 0.15394802  1.0225801   0.47268692 -0.752931   -0.20007041 -0.20289496
  0.          0.        ]
2025-04-17 13:04:00,828 - DEBUG - After Noise(Next State): [ 0.14196093  1.010593    0.47268692 -0.752931   -0.20007041 -0.20289496
  0.          0.        ]
2025-04-17 13:04:00,847 - DEBUG - Before Noise(Next State): [ 0.1585743   1.0050822   0.47268444 -0.7790728  -0.21021509 -0.20289353
  0.          0.        ]
2025-04-17 13:04:00,848 - DEBUG - After Noise(Next State): [ 0.14299084  0.9894988   0.47268444 -0.7790728  -0.21021509 -0.20289353
  0.          0.        ]
2025-04-17 13:04:00,867 - DEBUG - Before Noise(Next State): [ 0.16320077  0.98699784  0.47268176 -0.80521464 -0.2203597  -0.20289207
  0.          0.        ]
2025-04-17 13:04:00,867 - DEBUG - After Noise(Next State): [ 0.16563298  0.98943007  0.47268176 -0.80521464 -0.2203597  -0.20289207
  0.          0.        ]
2025-04-17 13:04:00,885 - DEBUG - Before Noise(Next State): [ 0.1679182   0.9682936   0.48412442 -0.8332002  -0.23289324 -0.2506712
  0.          0.        ]
2025-04-17 13:04:00,885 - DEBUG - After Noise(Next State): [ 0.1727945   0.9731699   0.48412442 -0.8332002  -0.23289324 -0.2506712
  0.          0.        ]
2025-04-17 13:04:00,905 - DEBUG - Before Noise(Next State): [ 0.17267199  0.94975394  0.48808527 -0.82604927 -0.24579848 -0.25810513
  0.          0.        ]
2025-04-17 13:04:00,906 - DEBUG - After Noise(Next State): [ 0.15250714  0.9295891   0.48808527 -0.82604927 -0.24579848 -0.25810513
  0.          0.        ]
2025-04-17 13:04:00,925 - DEBUG - Before Noise(Next State): [ 0.17751484  0.9305975   0.49923134 -0.85396224 -0.261032   -0.30466977
  0.          0.        ]
2025-04-17 13:04:00,926 - DEBUG - After Noise(Next State): [ 0.17433074  0.9274134   0.49923134 -0.85396224 -0.261032   -0.30466977
  0.          0.        ]
2025-04-17 13:04:00,944 - DEBUG - Before Noise(Next State): [ 0.18242827  0.91083056  0.50801957 -0.88159454 -0.27811125 -0.34158617
  0.          0.        ]
2025-04-17 13:04:00,945 - DEBUG - After Noise(Next State): [ 0.1807313   0.90913355  0.50801957 -0.88159454 -0.27811125 -0.34158617
  0.          0.        ]
2025-04-17 13:04:00,965 - DEBUG - Before Noise(Next State): [ 0.18734245  0.8904794   0.5080098  -0.9077515  -0.29519022 -0.3415793
  0.          0.        ]
2025-04-17 13:04:00,966 - DEBUG - After Noise(Next State): [ 0.1851283   0.88826525  0.5080098  -0.9077515  -0.29519022 -0.3415793
  0.          0.        ]
2025-04-17 13:04:00,985 - DEBUG - Before Noise(Next State): [ 0.19217452  0.8695931   0.49751687 -0.9312486  -0.3099677  -0.2955497
  0.          0.        ]
2025-04-17 13:04:00,986 - DEBUG - After Noise(Next State): [ 0.1904253   0.86784387  0.49751687 -0.9312486  -0.3099677  -0.2955497
  0.          0.        ]
2025-04-17 13:04:01,003 - DEBUG - Before Noise(Next State): [ 0.19700737  0.8481215   0.49750862 -0.95739937 -0.32474497 -0.29554525
  0.          0.        ]
2025-04-17 13:04:01,004 - DEBUG - After Noise(Next State): [ 0.1696047   0.8207189   0.49750862 -0.95739937 -0.32474497 -0.29554525
  0.          0.        ]
2025-04-17 13:04:01,023 - DEBUG - Before Noise(Next State): [ 0.20184079  0.82606477  0.4975     -0.9835501  -0.339522   -0.29554075
  0.          0.        ]
2025-04-17 13:04:01,023 - DEBUG - After Noise(Next State): [ 0.23271361  0.8569376   0.4975     -0.9835501  -0.339522   -0.29554075
  0.          0.        ]
2025-04-17 13:04:01,043 - DEBUG - Before Noise(Next State): [ 0.20667486  0.80342275  0.49749097 -1.0097008  -0.35429883 -0.29553634
  0.          0.        ]
2025-04-17 13:04:01,044 - DEBUG - After Noise(Next State): [ 0.17334318  0.77009106  0.49749097 -1.0097008  -0.35429883 -0.29553634
  0.          0.        ]
2025-04-17 13:04:01,062 - DEBUG - Before Noise(Next State): [ 0.21159115  0.7801569   0.5077239  -1.0381031  -0.37129414 -0.33990687
  0.          0.        ]
2025-04-17 13:04:01,062 - DEBUG - After Noise(Next State): [ 0.17177531  0.74034107  0.5077239  -1.0381031  -0.37129414 -0.33990687
  0.          0.        ]
2025-04-17 13:04:01,082 - DEBUG - Before Noise(Next State): [ 0.21672067  0.75765437  0.52949464 -1.0045042  -0.38888165 -0.35175
  0.          0.        ]
2025-04-17 13:04:01,082 - DEBUG - After Noise(Next State): [ 0.21971653  0.7606502   0.52949464 -1.0045042  -0.38888165 -0.35175
  0.          0.        ]
2025-04-17 13:04:01,101 - DEBUG - Before Noise(Next State): [ 0.2217784   0.73460215  0.5203487  -1.0286124  -0.4044834  -0.31203425
  0.          0.        ]
2025-04-17 13:04:01,102 - DEBUG - After Noise(Next State): [ 0.2600293   0.7728531   0.5203487  -1.0286124  -0.4044834  -0.31203425
  0.          0.        ]
2025-04-17 13:04:01,120 - DEBUG - Before Noise(Next State): [ 0.22677183  0.7110023   0.51213264 -1.052593   -0.41825166 -0.27536532
  0.          0.        ]
2025-04-17 13:04:01,121 - DEBUG - After Noise(Next State): [ 0.22908255  0.71331304  0.51213264 -1.052593   -0.41825166 -0.27536532
  0.          0.        ]
2025-04-17 13:04:01,140 - DEBUG - Before Noise(Next State): [ 0.23206195  0.68828547  0.54226184 -1.0136275  -0.43260768 -0.28712046
  0.          0.        ]
2025-04-17 13:04:01,140 - DEBUG - After Noise(Next State): [ 0.24370374  0.6999273   0.54226184 -1.0136275  -0.43260768 -0.28712046
  0.          0.        ]
2025-04-17 13:04:01,159 - DEBUG - Before Noise(Next State): [ 0.23740692  0.6649331   0.5492108  -1.0424994  -0.44866055 -0.32105723
  0.          0.        ]
2025-04-17 13:04:01,160 - DEBUG - After Noise(Next State): [ 0.26104763  0.6885738   0.5492108  -1.0424994  -0.44866055 -0.32105723
  0.          0.        ]
2025-04-17 13:04:01,179 - DEBUG - Before Noise(Next State): [ 0.24281558  0.6409382   0.5572556  -1.0718029  -0.46668392 -0.36046717
  0.          0.        ]
2025-04-17 13:04:01,179 - DEBUG - After Noise(Next State): [ 0.20477405  0.6028967   0.5572556  -1.0718029  -0.46668392 -0.36046717
  0.          0.        ]
2025-04-17 13:04:01,197 - DEBUG - Before Noise(Next State): [ 0.2485321  0.6168772  0.5873992 -1.0747714 -0.4841588 -0.3494981
  0.         0.       ]
2025-04-17 13:04:01,197 - DEBUG - After Noise(Next State): [ 0.258189   0.6265341  0.5873992 -1.0747714 -0.4841588 -0.3494981
  0.         0.       ]
2025-04-17 13:04:01,216 - DEBUG - Before Noise(Next State): [ 0.25417528  0.59228235  0.57797927 -1.0979685  -0.49944678 -0.3057592
  0.          0.        ]
2025-04-17 13:04:01,216 - DEBUG - After Noise(Next State): [ 0.24500065  0.5831077   0.57797927 -1.0979685  -0.49944678 -0.3057592
  0.          0.        ]
2025-04-17 13:04:01,236 - DEBUG - Before Noise(Next State): [ 0.25976476  0.5671458   0.57101715 -1.121631   -0.51306283 -0.2723215
  0.          0.        ]
2025-04-17 13:04:01,236 - DEBUG - After Noise(Next State): [ 0.2667997   0.5741808   0.57101715 -1.121631   -0.51306283 -0.2723215
  0.          0.        ]
2025-04-17 13:04:01,256 - DEBUG - Before Noise(Next State): [ 0.26549396  0.5420179   0.5851818  -1.1214757  -0.52701885 -0.27912065
  0.          0.        ]
2025-04-17 13:04:01,256 - DEBUG - After Noise(Next State): [ 0.24750623  0.52403015  0.5851818  -1.1214757  -0.52701885 -0.27912065
  0.          0.        ]
2025-04-17 13:04:01,275 - DEBUG - Before Noise(Next State): [ 0.2716322   0.51763904  0.6263731  -1.0884489  -0.54141223 -0.28786802
  0.          0.        ]
2025-04-17 13:04:01,275 - DEBUG - After Noise(Next State): [ 0.26434973  0.51035655  0.6263731  -1.0884489  -0.54141223 -0.28786802
  0.          0.        ]
2025-04-17 13:04:01,294 - DEBUG - Before Noise(Next State): [ 0.27777138  0.49267453  0.6263598  -1.1145971  -0.55580544 -0.28786445
  0.          0.        ]
2025-04-17 13:04:01,295 - DEBUG - After Noise(Next State): [ 0.27845103  0.49335417  0.6263598  -1.1145971  -0.55580544 -0.28786445
  0.          0.        ]
2025-04-17 13:04:01,314 - DEBUG - Before Noise(Next State): [ 0.28399402  0.46705043  0.636845   -1.1449958  -0.5728316  -0.34052253
  0.          0.        ]
2025-04-17 13:04:01,314 - DEBUG - After Noise(Next State): [ 0.27544713  0.45850354  0.636845   -1.1449958  -0.5728316  -0.34052253
  0.          0.        ]
2025-04-17 13:04:01,334 - DEBUG - Before Noise(Next State): [ 0.29027063  0.4407783   0.64366347 -1.1746589  -0.5917271  -0.37791017
  0.          0.        ]
2025-04-17 13:04:01,334 - DEBUG - After Noise(Next State): [ 0.3203323   0.47083995  0.64366347 -1.1746589  -0.5917271  -0.37791017
  0.          0.        ]
2025-04-17 13:04:01,352 - DEBUG - Before Noise(Next State): [ 0.29654893  0.41392207  0.64363873 -1.2008172  -0.6106221  -0.3779009
  0.          0.        ]
2025-04-17 13:04:01,353 - DEBUG - After Noise(Next State): [ 0.2896445   0.40701765  0.64363873 -1.2008172  -0.6106221  -0.3779009
  0.          0.        ]
2025-04-17 13:04:01,372 - DEBUG - Before Noise(Next State): [ 0.30276784  0.38655627  0.6356761  -1.2227924  -0.62730813 -0.33372158
  0.          0.        ]
2025-04-17 13:04:01,372 - DEBUG - After Noise(Next State): [ 0.3338695   0.4176579   0.6356761  -1.2227924  -0.62730813 -0.33372158
  0.          0.        ]
2025-04-17 13:04:01,392 - DEBUG - Before Noise(Next State): [ 0.30892125  0.35866314  0.6272106  -1.2455152  -0.6418648  -0.29113287
  0.          0.        ]
2025-04-17 13:04:01,392 - DEBUG - After Noise(Next State): [ 0.2936455   0.3433874   0.6272106  -1.2455152  -0.6418648  -0.29113287
  0.          0.        ]
2025-04-17 13:04:01,412 - DEBUG - Before Noise(Next State): [ 0.3150757   0.3301843   0.62719476 -1.271663   -0.6564212  -0.29112867
  0.          0.        ]
2025-04-17 13:04:01,412 - DEBUG - After Noise(Next State): [ 0.35387218  0.3689808   0.62719476 -1.271663   -0.6564212  -0.29112867
  0.          0.        ]
2025-04-17 13:04:01,429 - DEBUG - Before Noise(Next State): [ 0.32116613  0.30119398  0.6188165  -1.2935421  -0.668667   -0.24491668
  0.          0.        ]
2025-04-17 13:04:01,430 - DEBUG - After Noise(Next State): [ 0.33193433  0.3119622   0.6188165  -1.2935421  -0.668667   -0.24491668
  0.          0.        ]
2025-04-17 13:04:01,449 - DEBUG - Before Noise(Next State): [ 0.3271858   0.27171135  0.6095305  -1.3143533  -0.6782066  -0.19079253
  0.          0.        ]
2025-04-17 13:04:01,450 - DEBUG - After Noise(Next State): [ 0.3460488   0.29057434  0.6095305  -1.3143533  -0.6782066  -0.19079253
  0.          0.        ]
2025-04-17 13:04:01,468 - DEBUG - Before Noise(Next State): [ 0.33372107  0.24263829  0.6610887  -1.2962296  -0.68781847 -0.19223692
  0.          0.        ]
2025-04-17 13:04:01,468 - DEBUG - After Noise(Next State): [ 0.34722444  0.25614166  0.6610887  -1.2962296  -0.68781847 -0.19223692
  0.          0.        ]
2025-04-17 13:04:01,487 - DEBUG - Before Noise(Next State): [ 0.34025678  0.2129782   0.6610813  -1.3223687  -0.69743025 -0.19223565
  0.          0.        ]
2025-04-17 13:04:01,487 - DEBUG - After Noise(Next State): [ 0.33409348  0.2068149   0.6610813  -1.3223687  -0.69743025 -0.19223565
  0.          0.        ]
2025-04-17 13:04:01,507 - DEBUG - Before Noise(Next State): [ 0.3467493   0.18279062  0.6553747  -1.3451155  -0.7053441  -0.15827715
  0.          0.        ]
2025-04-17 13:04:01,507 - DEBUG - After Noise(Next State): [ 0.38557118  0.2216125   0.6553747  -1.3451155  -0.7053441  -0.15827715
  0.          0.        ]
2025-04-17 13:04:01,524 - DEBUG - Before Noise(Next State): [ 0.35343942  0.15256692  0.6754111  -1.3469347  -0.7136647  -0.16641259
  0.          0.        ]
2025-04-17 13:04:01,524 - DEBUG - After Noise(Next State): [ 0.36525014  0.16437763  0.6754111  -1.3469347  -0.7136647  -0.16641259
  0.          0.        ]
2025-04-17 13:04:01,543 - DEBUG - Before Noise(Next State): [ 0.36005622  0.12183689  0.6660544  -1.3683182  -0.71939474 -0.11460114
  0.          0.        ]
2025-04-17 13:04:01,544 - DEBUG - After Noise(Next State): [ 0.35996193  0.1217426   0.6660544  -1.3683182  -0.71939474 -0.11460114
  0.          0.        ]
2025-04-17 13:04:01,563 - DEBUG - Before Noise(Next State): [ 0.36077747  0.11421648  0.15268269 -0.4017094  -0.80322385 -1.6278511
  1.          0.        ]
2025-04-17 13:04:01,563 - DEBUG - After Noise(Next State): [ 0.3771557   0.1305947   0.15268269 -0.4017094  -0.80322385 -1.6278511
  1.          0.        ]
2025-04-17 13:04:01,584 - DEBUG - Before Noise(Next State): [ 0.36199635  0.10568455  0.17040566 -0.41806582 -0.8732772  -1.3949115
  1.          0.        ]
2025-04-17 13:04:01,584 - DEBUG - After Noise(Next State): [ 0.41103342  0.15472162  0.17040566 -0.41806582 -0.8732772  -1.3949115
  1.          0.        ]
2025-04-17 13:04:01,603 - DEBUG - Before Noise(Next State): [ 0.36377412  0.0982858   0.22424094 -0.3770524  -0.9275585  -1.0474086
  1.          0.        ]
2025-04-17 13:04:01,604 - DEBUG - After Noise(Next State): [ 0.36247098  0.09698267  0.22424094 -0.3770524  -0.9275585  -1.0474086
  1.          0.        ]
2025-04-17 13:04:01,622 - DEBUG - Before Noise(Next State): [ 0.36586943  0.08990344  0.23591712 -0.3971063  -0.9723383  -0.89565814
  1.          0.        ]
2025-04-17 13:04:01,622 - DEBUG - After Noise(Next State): [ 0.38399982  0.10803384  0.23591712 -0.3971063  -0.9723383  -0.89565814
  1.          0.        ]
2025-04-17 13:04:01,642 - DEBUG - Before Noise(Next State): [ 0.3681119   0.08165354  0.23961744 -0.3818348  -0.9971841  -0.49406415
  1.          0.        ]
2025-04-17 13:04:01,642 - DEBUG - After Noise(Next State): [ 0.36358967  0.07713129  0.23961744 -0.3818348  -0.9971841  -0.49406415
  1.          0.        ]
2025-04-17 13:04:01,676 - DEBUG - Before Noise(Next State): [ 0.37134513  0.07424556  0.29394075 -0.31272617 -0.9544657   0.7299179
  1.          0.        ]
2025-04-17 13:04:01,677 - DEBUG - After Noise(Next State): [ 0.3559986   0.05889903  0.29394075 -0.31272617 -0.9544657   0.7299179
  1.          0.        ]
2025-04-17 13:04:01,695 - DEBUG - Before Noise(Next State): [ 0.37479848  0.06648968  0.30976725 -0.32042256 -0.9010226   0.988685
  1.          0.        ]
2025-04-17 13:04:01,695 - DEBUG - After Noise(Next State): [ 0.36034656  0.05203775  0.30976725 -0.32042256 -0.9010226   0.988685
  1.          0.        ]
2025-04-17 13:04:01,715 - DEBUG - Before Noise(Next State): [ 0.3783536   0.05833612  0.31583688 -0.33279386 -0.8412653   1.1725272
  1.          0.        ]
2025-04-17 13:04:01,716 - DEBUG - After Noise(Next State): [ 0.38653958  0.06652211  0.31583688 -0.33279386 -0.8412653   1.1725272
  1.          0.        ]
2025-04-17 13:04:01,733 - DEBUG - Before Noise(Next State): [ 0.38024053  0.05779618  0.14762154  0.02396645 -0.8195207   0.24431503
  1.          0.        ]
2025-04-17 13:04:01,733 - DEBUG - After Noise(Next State): [ 0.40647867  0.08403431  0.14762154  0.02396645 -0.8195207   0.24431503
  1.          0.        ]
2025-04-17 13:04:01,743 - DEBUG - Episode 13 received a Reward = -82.49807857367136 
2025-04-17 13:04:01,772 - DEBUG - Before Noise(Current State): [-0.00535946  1.4077619  -0.54286873 -0.14038073  0.00621703  0.1229679
  0.          0.        ]
2025-04-17 13:04:01,773 - DEBUG - After Noise(Current State): [ 0.0191034   1.4322248  -0.54286873 -0.14038073  0.00621703  0.1229679
  0.          0.        ]
2025-04-17 13:04:01,791 - DEBUG - Before Noise(Next State): [-0.01062984  1.4040401  -0.5309141  -0.16543216  0.01004288  0.0765248
  0.          0.        ]
2025-04-17 13:04:01,792 - DEBUG - After Noise(Next State): [-0.01594865  1.3987213  -0.5309141  -0.16543216  0.01004288  0.0765248
  0.          0.        ]
2025-04-17 13:04:01,811 - DEBUG - Before Noise(Next State): [-0.01598148  1.3997253  -0.5410829  -0.19182234  0.01590421  0.11723751
  0.          0.        ]
2025-04-17 13:04:01,811 - DEBUG - After Noise(Next State): [-0.00505746  1.4106493  -0.5410829  -0.19182234  0.01590421  0.11723751
  0.          0.        ]
2025-04-17 13:04:01,830 - DEBUG - Before Noise(Next State): [-0.02140198  1.3955828  -0.5476874  -0.18418005  0.02147176  0.11136127
  0.          0.        ]
2025-04-17 13:04:01,830 - DEBUG - After Noise(Next State): [-0.0202956   1.3966892  -0.5476874  -0.18418005  0.02147176  0.11136127
  0.          0.        ]
2025-04-17 13:04:01,850 - DEBUG - Before Noise(Next State): [-0.02686224  1.3915106  -0.55151    -0.18107481  0.02689478  0.10847048
  0.          0.        ]
2025-04-17 13:04:01,851 - DEBUG - After Noise(Next State): [-0.03537322  1.3829997  -0.55151    -0.18107481  0.02689478  0.10847048
  0.          0.        ]
2025-04-17 13:04:01,870 - DEBUG - Before Noise(Next State): [-0.0324048   1.3868514  -0.5618292  -0.20722798  0.03438218  0.14976195
  0.          0.        ]
2025-04-17 13:04:01,871 - DEBUG - After Noise(Next State): [ 0.00328776  1.422544   -0.5618292  -0.20722798  0.03438218  0.14976195
  0.          0.        ]
2025-04-17 13:04:01,890 - DEBUG - Before Noise(Next State): [-0.03805809  1.3826874  -0.5724812  -0.18524966  0.04145867  0.141543
  0.          0.        ]
2025-04-17 13:04:01,890 - DEBUG - After Noise(Next State): [-0.07236581  1.3483797  -0.5724812  -0.18524966  0.04145867  0.141543
  0.          0.        ]
2025-04-17 13:04:01,909 - DEBUG - Before Noise(Next State): [-0.04377384  1.3779426  -0.5803023  -0.21114902  0.05009366  0.1727159
  0.          0.        ]
2025-04-17 13:04:01,909 - DEBUG - After Noise(Next State): [-0.03447032  1.3872461  -0.5803023  -0.21114902  0.05009366  0.1727159
  0.          0.        ]
2025-04-17 13:04:01,928 - DEBUG - Before Noise(Next State): [-0.04964991  1.3738658  -0.5957588  -0.18148218  0.05816514  0.1614449
  0.          0.        ]
2025-04-17 13:04:01,928 - DEBUG - After Noise(Next State): [-0.01067207  1.4128437  -0.5957588  -0.18148218  0.05816514  0.1614449
  0.          0.        ]
2025-04-17 13:04:01,946 - DEBUG - Before Noise(Next State): [-0.05552616  1.3692018  -0.5957807  -0.20763272  0.06623619  0.1614357
  0.          0.        ]
2025-04-17 13:04:01,946 - DEBUG - After Noise(Next State): [-0.0729462   1.3517817  -0.5957807  -0.20763272  0.06623619  0.1614357
  0.          0.        ]
2025-04-17 13:04:01,966 - DEBUG - Before Noise(Next State): [-0.06148291  1.3639352  -0.60587215 -0.23454721  0.07633919  0.2020782
  0.          0.        ]
2025-04-17 13:04:01,967 - DEBUG - After Noise(Next State): [-0.03741212  1.388006   -0.60587215 -0.23454721  0.07633919  0.2020782
  0.          0.        ]
2025-04-17 13:04:01,985 - DEBUG - Before Noise(Next State): [-0.06761456  1.3591158  -0.62275726 -0.21471316  0.08586509  0.19053537
  0.          0.        ]
2025-04-17 13:04:01,985 - DEBUG - After Noise(Next State): [-0.05125479  1.3754756  -0.62275726 -0.21471316  0.08586509  0.19053537
  0.          0.        ]
2025-04-17 13:04:02,004 - DEBUG - Before Noise(Next State): [-0.07398348  1.3552191  -0.64578354 -0.17371245  0.09468101  0.17633419
  0.          0.        ]
2025-04-17 13:04:02,004 - DEBUG - After Noise(Next State): [-0.08776867  1.3414339  -0.64578354 -0.17371245  0.09468101  0.17633419
  0.          0.        ]
2025-04-17 13:04:02,036 - DEBUG - Before Noise(Next State): [-0.08043871  1.3507333  -0.65656096 -0.20010887  0.10565038  0.21940759
  0.          0.        ]
2025-04-17 13:04:02,037 - DEBUG - After Noise(Next State): [-0.12719506  1.3039769  -0.65656096 -0.20010887  0.10565038  0.21940759
  0.          0.        ]
2025-04-17 13:04:02,056 - DEBUG - Before Noise(Next State): [-0.08689442  1.3456609  -0.6565932  -0.22624904  0.11661681  0.21934839
  0.          0.        ]
2025-04-17 13:04:02,057 - DEBUG - After Noise(Next State): [-0.08438785  1.3481675  -0.6565932  -0.22624904  0.11661681  0.21934839
  0.          0.        ]
2025-04-17 13:04:02,074 - DEBUG - Before Noise(Next State): [-0.09336443  1.3413957  -0.6584538  -0.19049726  0.12802489  0.22818217
  0.          0.        ]
2025-04-17 13:04:02,074 - DEBUG - After Noise(Next State): [-0.13912219  1.295638   -0.6584538  -0.19049726  0.12802489  0.22818217
  0.          0.        ]
2025-04-17 13:04:02,099 - DEBUG - Before Noise(Next State): [-0.09995089  1.3375312  -0.6699278  -0.17275827  0.13928513  0.22522521
  0.          0.        ]
2025-04-17 13:04:02,099 - DEBUG - After Noise(Next State): [-0.1256427   1.3118393  -0.6699278  -0.17275827  0.13928513  0.22522521
  0.          0.        ]
2025-04-17 13:04:02,124 - DEBUG - Before Noise(Next State): [-0.10644235  1.3330894  -0.6580147  -0.19827081  0.14814079  0.17712894
  0.          0.        ]
2025-04-17 13:04:02,125 - DEBUG - After Noise(Next State): [-0.09034615  1.3491856  -0.6580147  -0.19827081  0.14814079  0.17712894
  0.          0.        ]
2025-04-17 13:04:02,142 - DEBUG - Before Noise(Next State): [-0.11285057  1.328084   -0.6475295  -0.22313836  0.15484242  0.13404498
  0.          0.        ]
2025-04-17 13:04:02,142 - DEBUG - After Noise(Next State): [-0.11242069  1.3285139  -0.6475295  -0.22313836  0.15484242  0.13404498
  0.          0.        ]
2025-04-17 13:04:02,161 - DEBUG - Before Noise(Next State): [-0.11925907  1.3224912  -0.6475464  -0.2492792   0.16154344  0.13403258
  0.          0.        ]
2025-04-17 13:04:02,162 - DEBUG - After Noise(Next State): [-0.15372385  1.2880265  -0.6475464  -0.2492792   0.16154344  0.13403258
  0.          0.        ]
2025-04-17 13:04:02,182 - DEBUG - Before Noise(Next State): [-0.1258419   1.317318   -0.66466844 -0.23062013  0.16794509  0.12804444
  0.          0.        ]
2025-04-17 13:04:02,182 - DEBUG - After Noise(Next State): [-0.13904072  1.3041191  -0.66466844 -0.23062013  0.16794509  0.12804444
  0.          0.        ]
2025-04-17 13:04:02,200 - DEBUG - Before Noise(Next State): [-0.13249922  1.312861   -0.6724444  -0.19886085  0.174681    0.13473049
  0.          0.        ]
2025-04-17 13:04:02,200 - DEBUG - After Noise(Next State): [-0.13390985  1.3114504  -0.6724444  -0.19886085  0.174681    0.13473049
  0.          0.        ]
2025-04-17 13:04:02,220 - DEBUG - Before Noise(Next State): [-0.13907929  1.3078359  -0.6627278  -0.22389634  0.1794225   0.09483846
  0.          0.        ]
2025-04-17 13:04:02,220 - DEBUG - After Noise(Next State): [-0.1711059   1.2758093  -0.6627278  -0.22389634  0.1794225   0.09483846
  0.          0.        ]
2025-04-17 13:04:02,240 - DEBUG - Before Noise(Next State): [-0.14578028  1.3028941  -0.67463124 -0.22019808  0.18398295  0.09121685
  0.          0.        ]
2025-04-17 13:04:02,240 - DEBUG - After Noise(Next State): [-0.11179411  1.3368803  -0.67463124 -0.22019808  0.18398295  0.09121685
  0.          0.        ]
2025-04-17 13:04:02,259 - DEBUG - Before Noise(Next State): [-0.15278415  1.2988406  -0.70437443 -0.18065353  0.18799664  0.08028094
  0.          0.        ]
2025-04-17 13:04:02,259 - DEBUG - After Noise(Next State): [-0.1540298   1.297595   -0.70437443 -0.18065353  0.18799664  0.08028094
  0.          0.        ]
2025-04-17 13:04:02,281 - DEBUG - Before Noise(Next State): [-0.15970317  1.2942039  -0.693769   -0.20631808  0.1898753   0.03757321
  0.          0.        ]
2025-04-17 13:04:02,282 - DEBUG - After Noise(Next State): [-0.17014892  1.2837582  -0.693769   -0.20631808  0.1898753   0.03757321
  0.          0.        ]
2025-04-17 13:04:02,300 - DEBUG - Before Noise(Next State): [-0.16676608  1.2899102  -0.70804334 -0.191054    0.19164184  0.03533071
  0.          0.        ]
2025-04-17 13:04:02,300 - DEBUG - After Noise(Next State): [-0.17383626  1.28284    -0.70804334 -0.191054    0.19164184  0.03533071
  0.          0.        ]
2025-04-17 13:04:02,317 - DEBUG - Before Noise(Next State): [-0.17382888  1.2850286  -0.7080432  -0.21718757  0.19340837  0.03533074
  0.          0.        ]
2025-04-17 13:04:02,318 - DEBUG - After Noise(Next State): [-0.2040699   1.2547876  -0.7080432  -0.21718757  0.19340837  0.03533074
  0.          0.        ]
2025-04-17 13:04:02,336 - DEBUG - Before Noise(Next State): [-1.8081932e-01  1.2795690e+00 -6.9898069e-01 -2.4264087e-01
  1.9334464e-01 -1.2746375e-03  0.0000000e+00  0.0000000e+00]
2025-04-17 13:04:02,337 - DEBUG - After Noise(Next State): [-0.1967355   1.2636528  -0.6989807  -0.24264087  0.19334464 -0.00127464
  0.          0.        ]
2025-04-17 13:04:02,357 - DEBUG - Before Noise(Next State): [-0.18772678  1.2735541  -0.68850434 -0.2670399   0.19109589 -0.04497465
  0.          0.        ]
2025-04-17 13:04:02,357 - DEBUG - After Noise(Next State): [-0.19505212  1.2662288  -0.68850434 -0.2670399   0.19109589 -0.04497465
  0.          0.        ]
2025-04-17 13:04:02,375 - DEBUG - Before Noise(Next State): [-0.1946373   1.26765    -0.689211   -0.26216322  0.18924184 -0.03708104
  0.          0.        ]
2025-04-17 13:04:02,376 - DEBUG - After Noise(Next State): [-0.20228043  1.2600069  -0.689211   -0.26216322  0.18924184 -0.03708104
  0.          0.        ]
2025-04-17 13:04:02,395 - DEBUG - Before Noise(Next State): [-0.2016532   1.261772   -0.69962704 -0.26099658  0.18726479 -0.03954123
  0.          0.        ]
2025-04-17 13:04:02,396 - DEBUG - After Noise(Next State): [-0.20367095  1.2597543  -0.69962704 -0.26099658  0.18726479 -0.03954123
  0.          0.        ]
2025-04-17 13:04:02,414 - DEBUG - Before Noise(Next State): [-0.20866914  1.255306   -0.69962686 -0.2871302   0.18528773 -0.03954118
  0.          0.        ]
2025-04-17 13:04:02,415 - DEBUG - After Noise(Next State): [-0.21762483  1.2463503  -0.69962686 -0.2871302   0.18528773 -0.03954118
  0.          0.        ]
2025-04-17 13:04:02,447 - DEBUG - Before Noise(Next State): [-0.215771    1.2482216  -0.71045357 -0.31489226  0.18555523  0.0053501
  0.          0.        ]
2025-04-17 13:04:02,448 - DEBUG - After Noise(Next State): [-0.22835045  1.2356422  -0.71045357 -0.31489226  0.18555523  0.0053501
  0.          0.        ]
2025-04-17 13:04:02,466 - DEBUG - Before Noise(Next State): [-0.22287293  1.2405493  -0.71045357 -0.34102562  0.18582274  0.00535023
  0.          0.        ]
2025-04-17 13:04:02,467 - DEBUG - After Noise(Next State): [-0.24117802  1.2222443  -0.71045357 -0.34102562  0.18582274  0.00535023
  0.          0.        ]
2025-04-17 13:04:02,486 - DEBUG - Before Noise(Next State): [-0.2300591   1.2322686  -0.72104484 -0.36834103  0.18825726  0.0486907
  0.          0.        ]
2025-04-17 13:04:02,486 - DEBUG - After Noise(Next State): [-0.2116734   1.2506542  -0.72104484 -0.36834103  0.18825726  0.0486907
  0.          0.        ]
2025-04-17 13:04:02,505 - DEBUG - Before Noise(Next State): [-0.23724532  1.2233998  -0.72104466 -0.39447486  0.19069178  0.04869045
  0.          0.        ]
2025-04-17 13:04:02,505 - DEBUG - After Noise(Next State): [-0.23357633  1.2270688  -0.72104466 -0.39447486  0.19069178  0.04869045
  0.          0.        ]
2025-04-17 13:04:02,548 - DEBUG - Before Noise(Next State): [-0.24434419  1.2139595  -0.7100934  -0.41959178  0.19090025  0.00416931
  0.          0.        ]
2025-04-17 13:04:02,550 - DEBUG - After Noise(Next State): [-0.25790116  1.2004025  -0.7100934  -0.41959178  0.19090025  0.00416931
  0.          0.        ]
2025-04-17 13:04:02,570 - DEBUG - Before Noise(Next State): [-0.25167117  1.204678   -0.7323103  -0.41246173  0.19050904 -0.00782447
  0.          0.        ]
2025-04-17 13:04:02,571 - DEBUG - After Noise(Next State): [-0.22861162  1.2277375  -0.7323103  -0.41246173  0.19050904 -0.00782447
  0.          0.        ]
2025-04-17 13:04:02,594 - DEBUG - Before Noise(Next State): [-0.25899822  1.1948085  -0.7323103  -0.43859512  0.19011782 -0.00782423
  0.          0.        ]
2025-04-17 13:04:02,596 - DEBUG - After Noise(Next State): [-0.28758028  1.1662264  -0.7323103  -0.43859512  0.19011782 -0.00782423
  0.          0.        ]
2025-04-17 13:04:02,616 - DEBUG - Before Noise(Next State): [-0.26622814  1.1843742  -0.7201246  -0.46337625  0.18723373 -0.05768178
  0.          0.        ]
2025-04-17 13:04:02,619 - DEBUG - After Noise(Next State): [-0.26690263  1.1836997  -0.7201246  -0.46337625  0.18723373 -0.05768178
  0.          0.        ]
2025-04-17 13:04:02,663 - DEBUG - Before Noise(Next State): [-0.2733813   1.1733648  -0.7105006  -0.48871383  0.18240018 -0.09667103
  0.          0.        ]
2025-04-17 13:04:02,666 - DEBUG - After Noise(Next State): [-0.24749503  1.199251   -0.7105006  -0.48871383  0.18240018 -0.09667103
  0.          0.        ]
2025-04-17 13:04:02,685 - DEBUG - Before Noise(Next State): [-0.28062075  1.1617478  -0.7213288  -0.51598907  0.17977735 -0.05245658
  0.          0.        ]
2025-04-17 13:04:02,685 - DEBUG - After Noise(Next State): [-0.26591676  1.1764518  -0.7213288  -0.51598907  0.17977735 -0.05245658
  0.          0.        ]
2025-04-17 13:04:02,705 - DEBUG - Before Noise(Next State): [-0.28816733  1.1506124  -0.75123876 -0.49450144  0.1763455  -0.06863701
  0.          0.        ]
2025-04-17 13:04:02,705 - DEBUG - After Noise(Next State): [-0.26777092  1.1710087  -0.75123876 -0.49450144  0.1763455  -0.06863701
  0.          0.        ]
2025-04-17 13:04:02,723 - DEBUG - Before Noise(Next State): [-0.29566392  1.1400181  -0.7470709  -0.47055092  0.17375177 -0.05187462
  0.          0.        ]
2025-04-17 13:04:02,725 - DEBUG - After Noise(Next State): [-0.27284998  1.162832   -0.7470709  -0.47055092  0.17375177 -0.05187462
  0.          0.        ]
2025-04-17 13:04:02,752 - DEBUG - Before Noise(Next State): [-0.303099    1.1298746  -0.7417553  -0.4506189   0.17199129 -0.03520956
  0.          0.        ]
2025-04-17 13:04:02,752 - DEBUG - After Noise(Next State): [-0.29733878  1.1356348  -0.7417553  -0.4506189   0.17199129 -0.03520956
  0.          0.        ]
2025-04-17 13:04:02,772 - DEBUG - Before Noise(Next State): [-0.31053415  1.119143   -0.74175525 -0.47675255  0.1702308  -0.03520963
  0.          0.        ]
2025-04-17 13:04:02,775 - DEBUG - After Noise(Next State): [-0.28747523  1.1422019  -0.74175525 -0.47675255  0.1702308  -0.03520963
  0.          0.        ]
2025-04-17 13:04:02,794 - DEBUG - Before Noise(Next State): [-0.31805325  1.107811   -0.7522797  -0.50369257  0.17059903  0.00736444
  0.          0.        ]
2025-04-17 13:04:02,795 - DEBUG - After Noise(Next State): [-0.32091796  1.1049463  -0.7522797  -0.50369257  0.17059903  0.00736444
  0.          0.        ]
2025-04-17 13:04:02,814 - DEBUG - Before Noise(Next State): [-0.32557234  1.0958908  -0.7522797  -0.5298259   0.17096727  0.0073647
  0.          0.        ]
2025-04-17 13:04:02,814 - DEBUG - After Noise(Next State): [-0.31983227  1.1016308  -0.7522797  -0.5298259   0.17096727  0.0073647
  0.          0.        ]
2025-04-17 13:04:02,841 - DEBUG - Before Noise(Next State): [-0.33309144  1.0833827  -0.75227976 -0.5559593   0.17133549  0.00736459
  0.          0.        ]
2025-04-17 13:04:02,841 - DEBUG - After Noise(Next State): [-0.34204617  1.074428   -0.75227976 -0.5559593   0.17133549  0.00736459
  0.          0.        ]
2025-04-17 13:04:02,860 - DEBUG - Before Noise(Next State): [-0.34061056  1.0702866  -0.7522797  -0.5820926   0.17170373  0.00736478
  0.          0.        ]
2025-04-17 13:04:02,861 - DEBUG - After Noise(Next State): [-0.3325301   1.0783671  -0.7522797  -0.5820926   0.17170373  0.00736478
  0.          0.        ]
2025-04-17 13:04:02,881 - DEBUG - Before Noise(Next State): [-0.34833503  1.0579193  -0.77257067 -0.5496716   0.17182922  0.00250983
  0.          0.        ]
2025-04-17 13:04:02,882 - DEBUG - After Noise(Next State): [-0.34129885  1.0649555  -0.77257067 -0.5496716   0.17182922  0.00250983
  0.          0.        ]
2025-04-17 13:04:02,899 - DEBUG - Before Noise(Next State): [-0.35606876  1.0465286  -0.77427846 -0.5063632   0.17273651  0.01814567
  0.          0.        ]
2025-04-17 13:04:02,899 - DEBUG - After Noise(Next State): [-0.34411314  1.0584842  -0.77427846 -0.5063632   0.17273651  0.01814567
  0.          0.        ]
2025-04-17 13:04:02,922 - DEBUG - Before Noise(Next State): [-0.36371368  1.0345746  -0.76311195 -0.5311191   0.17135131 -0.02770374
  0.          0.        ]
2025-04-17 13:04:02,923 - DEBUG - After Noise(Next State): [-0.36132857  1.0369598  -0.76311195 -0.5311191   0.17135131 -0.02770374
  0.          0.        ]
2025-04-17 13:04:02,940 - DEBUG - Before Noise(Next State): [-0.37135863  1.022033   -0.76311195 -0.5572526   0.16996612 -0.02770375
  0.          0.        ]
2025-04-17 13:04:02,941 - DEBUG - After Noise(Next State): [-0.32868573  1.0647058  -0.76311195 -0.5572526   0.16996612 -0.02770375
  0.          0.        ]
2025-04-17 13:04:02,960 - DEBUG - Before Noise(Next State): [-0.37900358  1.0089033  -0.76311195 -0.5833861   0.16858093 -0.02770371
  0.          0.        ]
2025-04-17 13:04:02,960 - DEBUG - After Noise(Next State): [-0.35877016  1.0291367  -0.76311195 -0.5833861   0.16858093 -0.02770371
  0.          0.        ]
2025-04-17 13:04:02,980 - DEBUG - Before Noise(Next State): [-0.38673225  0.9951529  -0.7736722  -0.6112149   0.16938826  0.01614662
  0.          0.        ]
2025-04-17 13:04:02,981 - DEBUG - After Noise(Next State): [-0.38526118  0.996624   -0.7736722  -0.6112149   0.16938826  0.01614662
  0.          0.        ]
2025-04-17 13:04:02,999 - DEBUG - Before Noise(Next State): [-0.39446092  0.98081475 -0.7736722  -0.6373483   0.1701956   0.01614672
  0.          0.        ]
2025-04-17 13:04:02,999 - DEBUG - After Noise(Next State): [-0.3633552   1.0119205  -0.7736722  -0.6373483   0.1701956   0.01614672
  0.          0.        ]
2025-04-17 13:04:03,018 - DEBUG - Before Noise(Next State): [-0.4021179   0.9659123  -0.76464605 -0.6622132   0.16914013 -0.02110925
  0.          0.        ]
2025-04-17 13:04:03,018 - DEBUG - After Noise(Next State): [-0.41919932  0.9488309  -0.76464605 -0.6622132   0.16914013 -0.02110925
  0.          0.        ]
2025-04-17 13:04:03,036 - DEBUG - Before Noise(Next State): [-0.40987158  0.9503925  -0.77680945 -0.6899339   0.17058685  0.02893439
  0.          0.        ]
2025-04-17 13:04:03,038 - DEBUG - After Noise(Next State): [-0.3994144   0.9608497  -0.77680945 -0.6899339   0.17058685  0.02893439
  0.          0.        ]
2025-04-17 13:04:03,057 - DEBUG - Before Noise(Next State): [-0.41755286  0.9343127  -0.7676734  -0.714599    0.17013617 -0.00901375
  0.          0.        ]
2025-04-17 13:04:03,058 - DEBUG - After Noise(Next State): [-0.42043313  0.9314324  -0.7676734  -0.714599    0.17013617 -0.00901375
  0.          0.        ]
2025-04-17 13:04:03,093 - DEBUG - Before Noise(Next State): [-0.42516345  0.91765624 -0.75882494 -0.7400294   0.16789417 -0.0448401
  0.          0.        ]
2025-04-17 13:04:03,094 - DEBUG - After Noise(Next State): [-0.4548134   0.8880063  -0.75882494 -0.7400294   0.16789417 -0.0448401
  0.          0.        ]
2025-04-17 13:04:03,116 - DEBUG - Before Noise(Next State): [-0.432837    0.90038455 -0.7667681  -0.7675666   0.16730936 -0.01169614
  0.          0.        ]
2025-04-17 13:04:03,117 - DEBUG - After Noise(Next State): [-0.44703966  0.8861819  -0.7667681  -0.7675666   0.16730936 -0.01169614
  0.          0.        ]
2025-04-17 13:04:03,133 - DEBUG - Before Noise(Next State): [-0.4406516   0.8838534  -0.7809139  -0.73465437  0.1667626  -0.01093507
  0.          0.        ]
2025-04-17 13:04:03,134 - DEBUG - After Noise(Next State): [-0.4298659   0.8946391  -0.7809139  -0.73465437  0.1667626  -0.01093507
  0.          0.        ]
2025-04-17 13:04:03,153 - DEBUG - Before Noise(Next State): [-0.4485497   0.86671776 -0.7913927  -0.7617617   0.1683463   0.03167385
  0.          0.        ]
2025-04-17 13:04:03,153 - DEBUG - After Noise(Next State): [-0.45663074  0.8586367  -0.7913927  -0.7617617   0.1683463   0.03167385
  0.          0.        ]
2025-04-17 13:04:03,178 - DEBUG - Before Noise(Next State): [-0.45673352  0.8502358  -0.8193038  -0.732637    0.16926776  0.01842917
  0.          0.        ]
2025-04-17 13:04:03,179 - DEBUG - After Noise(Next State): [-0.42681438  0.88015497 -0.8193038  -0.732637    0.16926776  0.01842917
  0.          0.        ]
2025-04-17 13:04:03,197 - DEBUG - Before Noise(Next State): [-0.46482116  0.83318055 -0.80724823 -0.7578413   0.1677504  -0.03034687
  0.          0.        ]
2025-04-17 13:04:03,198 - DEBUG - After Noise(Next State): [-0.4534765   0.8445252  -0.80724823 -0.7578413   0.1677504  -0.03034687
  0.          0.        ]
2025-04-17 13:04:03,217 - DEBUG - Before Noise(Next State): [-0.4729758   0.81551445 -0.8156891  -0.7851852   0.1679762   0.00451598
  0.          0.        ]
2025-04-17 13:04:03,217 - DEBUG - After Noise(Next State): [-0.46645883  0.82203144 -0.8156891  -0.7851852   0.1679762   0.00451598
  0.          0.        ]
2025-04-17 13:04:03,235 - DEBUG - Before Noise(Next State): [-0.4812894   0.798457   -0.8314788  -0.75812     0.16809325  0.00234095
  0.          0.        ]
2025-04-17 13:04:03,236 - DEBUG - After Noise(Next State): [-0.47820428  0.8015421  -0.8314788  -0.75812     0.16809325  0.00234095
  0.          0.        ]
2025-04-17 13:04:03,256 - DEBUG - Before Noise(Next State): [-0.48969716  0.7807862  -0.8433158  -0.7856588   0.17063631  0.05086126
  0.          0.        ]
2025-04-17 13:04:03,257 - DEBUG - After Noise(Next State): [-0.49321872  0.77726465 -0.8433158  -0.7856588   0.17063631  0.05086126
  0.          0.        ]
2025-04-17 13:04:03,274 - DEBUG - Before Noise(Next State): [-0.49808145  0.7638276  -0.8417493  -0.75410014  0.17396669  0.06660774
  0.          0.        ]
2025-04-17 13:04:03,274 - DEBUG - After Noise(Next State): [-0.50171715  0.7601919  -0.8417493  -0.75410014  0.17396669  0.06660774
  0.          0.        ]
2025-04-17 13:04:03,292 - DEBUG - Before Noise(Next State): [-0.50646573  0.74628127 -0.8417491  -0.7802344   0.17729707  0.06660769
  0.          0.        ]
2025-04-17 13:04:03,293 - DEBUG - After Noise(Next State): [-0.47477332  0.7779737  -0.8417491  -0.7802344   0.17729707  0.06660769
  0.          0.        ]
2025-04-17 13:04:03,311 - DEBUG - Before Noise(Next State): [-0.51475966  0.728165   -0.8304135  -0.80529135  0.17832126  0.02048362
  0.          0.        ]
2025-04-17 13:04:03,312 - DEBUG - After Noise(Next State): [-0.5156974   0.7272272  -0.8304135  -0.80529135  0.17832126  0.02048362
  0.          0.        ]
2025-04-17 13:04:03,329 - DEBUG - Before Noise(Next State): [-0.5229833   0.70947933 -0.82158625 -0.8303772   0.17753546 -0.01571572
  0.          0.        ]
2025-04-17 13:04:03,330 - DEBUG - After Noise(Next State): [-0.5413125   0.6911501  -0.82158625 -0.8303772   0.17753546 -0.01571572
  0.          0.        ]
2025-04-17 13:04:03,349 - DEBUG - Before Noise(Next State): [-0.53128004  0.6901857  -0.8307654  -0.8576275   0.1786336   0.0219628
  0.          0.        ]
2025-04-17 13:04:03,350 - DEBUG - After Noise(Next State): [-0.5418919  0.6795739 -0.8307654 -0.8576275  0.1786336  0.0219628
  0.         0.       ]
2025-04-17 13:04:03,369 - DEBUG - Before Noise(Next State): [-0.53985703  0.6711913  -0.858008   -0.84423894  0.17894125  0.00615311
  0.          0.        ]
2025-04-17 13:04:03,370 - DEBUG - After Noise(Next State): [-0.5615351   0.6495132  -0.858008   -0.84423894  0.17894125  0.00615311
  0.          0.        ]
2025-04-17 13:04:03,387 - DEBUG - Before Noise(Next State): [-0.548434    0.6516087  -0.858008   -0.87037235  0.17924891  0.00615319
  0.          0.        ]
2025-04-17 13:04:03,388 - DEBUG - After Noise(Next State): [-0.55278325  0.6472595  -0.858008   -0.87037235  0.17924891  0.00615319
  0.          0.        ]
2025-04-17 13:04:03,407 - DEBUG - Before Noise(Next State): [-0.556944    0.63145655 -0.8495784  -0.8954815   0.17782648 -0.02844871
  0.          0.        ]
2025-04-17 13:04:03,407 - DEBUG - After Noise(Next State): [-0.54769987  0.6407007  -0.8495784  -0.8954815   0.17782648 -0.02844871
  0.          0.        ]
2025-04-17 13:04:03,426 - DEBUG - Before Noise(Next State): [-0.5655214   0.6122655  -0.8568592  -0.8528249   0.17694119 -0.01770579
  0.          0.        ]
2025-04-17 13:04:03,426 - DEBUG - After Noise(Next State): [-0.56064105  0.6171459  -0.8568592  -0.8528249   0.17694119 -0.01770579
  0.          0.        ]
2025-04-17 13:04:03,444 - DEBUG - Before Noise(Next State): [-0.57417786  0.5924745  -0.8667599  -0.8797355   0.17805922  0.02236084
  0.          0.        ]
2025-04-17 13:04:03,445 - DEBUG - After Noise(Next State): [-0.6013967   0.5652557  -0.8667599  -0.8797355   0.17805922  0.02236084
  0.          0.        ]
2025-04-17 13:04:03,464 - DEBUG - Before Noise(Next State): [-0.5829093   0.5720711  -0.8762024  -0.90719014  0.18112688  0.06135331
  0.          0.        ]
2025-04-17 13:04:03,464 - DEBUG - After Noise(Next State): [-0.588139    0.56684136 -0.8762024  -0.90719014  0.18112688  0.06135331
  0.          0.        ]
2025-04-17 13:04:03,484 - DEBUG - Before Noise(Next State): [-0.5917196   0.5510559  -0.88612235 -0.9346352   0.18623796  0.1022218
  0.          0.        ]
2025-04-17 13:04:03,485 - DEBUG - After Noise(Next State): [-0.57614994  0.5666256  -0.88612235 -0.9346352   0.18623796  0.1022218
  0.          0.        ]
2025-04-17 13:04:03,503 - DEBUG - Before Noise(Next State): [-0.60045105  0.52947706 -0.87619287 -0.95944697  0.1893024   0.06128844
  0.          0.        ]
2025-04-17 13:04:03,504 - DEBUG - After Noise(Next State): [-0.58605707  0.54387105 -0.87619287 -0.95944697  0.1893024   0.06128844
  0.          0.        ]
2025-04-17 13:04:03,523 - DEBUG - Before Noise(Next State): [-0.60909986  0.50732267 -0.8658535  -0.9847656   0.19027545  0.01946105
  0.          0.        ]
2025-04-17 13:04:03,523 - DEBUG - After Noise(Next State): [-0.62018305  0.4962395  -0.8658535  -0.9847656   0.19027545  0.01946105
  0.          0.        ]
2025-04-17 13:04:03,542 - DEBUG - Before Noise(Next State): [-0.61774874  0.48458028 -0.8658534  -1.0108988   0.19124849  0.01946102
  0.          0.        ]
2025-04-17 13:04:03,544 - DEBUG - After Noise(Next State): [-0.60541594  0.4969131  -0.8658534  -1.0108988   0.19124849  0.01946102
  0.          0.        ]
2025-04-17 13:04:03,571 - DEBUG - Before Noise(Next State): [-0.6265834   0.46235362 -0.88423693 -0.9879494   0.19202411  0.01551251
  0.          0.        ]
2025-04-17 13:04:03,572 - DEBUG - After Noise(Next State): [-0.627892    0.46104497 -0.88423693 -0.9879494   0.19202411  0.01551251
  0.          0.        ]
2025-04-17 13:04:03,590 - DEBUG - Before Noise(Next State): [-0.6354945   0.43951213 -0.89386576 -1.0155387   0.1947977   0.05547155
  0.          0.        ]
2025-04-17 13:04:03,591 - DEBUG - After Noise(Next State): [-0.64326674  0.43173984 -0.89386576 -1.0155387   0.1947977   0.05547155
  0.          0.        ]
2025-04-17 13:04:03,608 - DEBUG - Before Noise(Next State): [-0.6443346   0.4161041  -0.88494366 -1.0404779   0.19573092  0.01866448
  0.          0.        ]
2025-04-17 13:04:03,609 - DEBUG - After Noise(Next State): [-0.61778325  0.44265547 -0.88494366 -1.0404779   0.19573092  0.01866448
  0.          0.        ]
2025-04-17 13:04:03,627 - DEBUG - Before Noise(Next State): [-0.65317476  0.39210814 -0.8849436  -1.0666112   0.19666414  0.01866423
  0.          0.        ]
2025-04-17 13:04:03,628 - DEBUG - After Noise(Next State): [-0.6354664   0.40981647 -0.8849436  -1.0666112   0.19666414  0.01866423
  0.          0.        ]
2025-04-17 13:04:03,646 - DEBUG - Before Noise(Next State): [-0.66201496  0.36752415 -0.8849436  -1.0927445   0.19759735  0.01866422
  0.          0.        ]
2025-04-17 13:04:03,646 - DEBUG - After Noise(Next State): [-0.6626605   0.3668786  -0.8849436  -1.0927445   0.19759735  0.01866422
  0.          0.        ]
2025-04-17 13:04:03,665 - DEBUG - Before Noise(Next State): [-0.6711702   0.34338334 -0.91565084 -1.07294     0.19772512  0.00255539
  0.          0.        ]
2025-04-17 13:04:03,665 - DEBUG - After Noise(Next State): [-0.69344455  0.32110897 -0.91565084 -1.07294     0.19772512  0.00255539
  0.          0.        ]
2025-04-17 13:04:03,685 - DEBUG - Before Noise(Next State): [-0.68032545  0.31865454 -0.91565084 -1.0990733   0.1978529   0.00255545
  0.          0.        ]
2025-04-17 13:04:03,685 - DEBUG - After Noise(Next State): [-0.6778732   0.3211068  -0.91565084 -1.0990733   0.1978529   0.00255545
  0.          0.        ]
2025-04-17 13:04:03,705 - DEBUG - Before Noise(Next State): [-6.8968970e-01  2.9467258e-01 -9.3641412e-01 -1.0658635e+00
  1.9784099e-01 -2.3809625e-04  0.0000000e+00  0.0000000e+00]
2025-04-17 13:04:03,705 - DEBUG - After Noise(Next State): [-6.7820352e-01  3.0615875e-01 -9.3641412e-01 -1.0658635e+00
  1.9784099e-01 -2.3809625e-04  0.0000000e+00  0.0000000e+00]
2025-04-17 13:04:03,723 - DEBUG - Before Noise(Next State): [-0.6991175   0.27007464 -0.94443923 -1.0934644   0.19951405  0.03346122
  0.          0.        ]
2025-04-17 13:04:03,723 - DEBUG - After Noise(Next State): [-0.6890411   0.28015104 -0.94443923 -1.0934644   0.19951405  0.03346122
  0.          0.        ]
2025-04-17 13:04:03,742 - DEBUG - Before Noise(Next State): [-0.70848775  0.2449138  -0.93716943 -1.1182781   0.19966117  0.00294252
  0.          0.        ]
2025-04-17 13:04:03,743 - DEBUG - After Noise(Next State): [-0.7411711   0.21223043 -0.93716943 -1.1182781   0.19966117  0.00294252
  0.          0.        ]
2025-04-17 13:04:03,761 - DEBUG - Before Noise(Next State): [-0.7179451   0.21913685 -0.94813967 -1.145971    0.20207852  0.04834706
  0.          1.        ]
2025-04-17 13:04:03,762 - DEBUG - After Noise(Next State): [-0.7532441   0.18383782 -0.94813967 -1.145971    0.20207852  0.04834706
  0.          1.        ]
2025-04-17 13:04:03,780 - DEBUG - Before Noise(Next State): [-0.7252066   0.19633013 -0.7138316  -1.0122607   0.19641738 -0.10482062
  0.          1.        ]
2025-04-17 13:04:03,780 - DEBUG - After Noise(Next State): [-0.7234266   0.19811018 -0.7138316  -1.0122607   0.19641738 -0.10482062
  0.          1.        ]
2025-04-17 13:04:03,799 - DEBUG - Before Noise(Next State): [-0.73290294  0.17342742 -0.74374706 -1.014765    0.17110145 -0.50549185
  0.          0.        ]
2025-04-17 13:04:03,800 - DEBUG - After Noise(Next State): [-0.7087595   0.19757086 -0.74374706 -1.014765    0.17110145 -0.50549185
  0.          0.        ]
2025-04-17 13:04:03,817 - DEBUG - Before Noise(Next State): [-0.7353093   0.16531485  0.01729702 -0.23120363  0.0385833  -2.948822
  0.          0.        ]
2025-04-17 13:04:03,818 - DEBUG - After Noise(Next State): [-0.7093933   0.19123085  0.01729702 -0.23120363  0.0385833  -2.948822
  0.          0.        ]
2025-04-17 13:04:03,818 - DEBUG - Episode 14 received a Reward = -131.11658597720194 
2025-04-17 13:04:03,857 - DEBUG - Before Noise(Current State): [-0.00729704  1.4083695  -0.7391265  -0.1133877   0.00846224  0.16742328
  0.          0.        ]
2025-04-17 13:04:03,858 - DEBUG - After Noise(Current State): [-0.00523906  1.4104276  -0.7391265  -0.1133877   0.00846224  0.16742328
  0.          0.        ]
2025-04-17 13:04:03,875 - DEBUG - Before Noise(Next State): [-0.01469202  1.4052491  -0.7503412  -0.13877839  0.0191856   0.21448791
  0.          0.        ]
2025-04-17 13:04:03,875 - DEBUG - After Noise(Next State): [ 0.002262    1.4222032  -0.7503412  -0.13877839  0.0191856   0.21448791
  0.          0.        ]
2025-04-17 13:04:03,894 - DEBUG - Before Noise(Next State): [-0.0220067   1.4015495  -0.740255   -0.16456501  0.02787089  0.1737223
  0.          0.        ]
2025-04-17 13:04:03,895 - DEBUG - After Noise(Next State): [-0.0344226   1.3891336  -0.740255   -0.16456501  0.02787089  0.1737223
  0.          0.        ]
2025-04-17 13:04:03,914 - DEBUG - Before Noise(Next State): [-0.02941923  1.3972495  -0.7525114  -0.19135855  0.03901538  0.2229105
  0.          0.        ]
2025-04-17 13:04:03,914 - DEBUG - After Noise(Next State): [-0.033035    1.3936337  -0.7525114  -0.19135855  0.03901538  0.2229105
  0.          0.        ]
2025-04-17 13:04:03,933 - DEBUG - Before Noise(Next State): [-0.03686772  1.3933474  -0.75606585 -0.17375107  0.0501077   0.22186688
  0.          0.        ]
2025-04-17 13:04:03,933 - DEBUG - After Noise(Next State): [-0.03207836  1.3981367  -0.75606585 -0.17375107  0.0501077   0.22186688
  0.          0.        ]
2025-04-17 13:04:03,954 - DEBUG - Before Noise(Next State): [-0.0443737   1.3894513  -0.76161504 -0.17356402  0.06102105  0.21828714
  0.          0.        ]
2025-04-17 13:04:03,955 - DEBUG - After Noise(Next State): [-0.06377651  1.3700484  -0.76161504 -0.17356402  0.06102105  0.21828714
  0.          0.        ]
2025-04-17 13:04:03,973 - DEBUG - Before Noise(Next State): [-0.05190067  1.3857558  -0.76376116 -0.16473158  0.07198687  0.21933655
  0.          0.        ]
2025-04-17 13:04:03,973 - DEBUG - After Noise(Next State): [-0.04285371  1.3948027  -0.76376116 -0.16473158  0.07198687  0.21933655
  0.          0.        ]
2025-04-17 13:04:03,993 - DEBUG - Before Noise(Next State): [-0.05935974  1.3814795  -0.75522363 -0.19052814  0.08122779  0.18483528
  0.          0.        ]
2025-04-17 13:04:03,993 - DEBUG - After Noise(Next State): [-0.07047335  1.3703659  -0.75522363 -0.19052814  0.08122779  0.18483528
  0.          0.        ]
2025-04-17 13:04:04,012 - DEBUG - Before Noise(Next State): [-0.06690283  1.3766115  -0.7657461  -0.21701692  0.09257615  0.22698805
  0.          0.        ]
2025-04-17 13:04:04,012 - DEBUG - After Noise(Next State): [-0.08417786  1.3593365  -0.7657461  -0.21701692  0.09257615  0.22698805
  0.          0.        ]
2025-04-17 13:04:04,030 - DEBUG - Before Noise(Next State): [-0.0744464   1.3711572  -0.7657794  -0.24316281  0.10392139  0.22692522
  0.          0.        ]
2025-04-17 13:04:04,031 - DEBUG - After Noise(Next State): [-0.07333966  1.3722639  -0.7657794  -0.24316281  0.10392139  0.22692522
  0.          0.        ]
2025-04-17 13:04:04,051 - DEBUG - Before Noise(Next State): [-0.08216496  1.366664   -0.7829358  -0.20049903  0.1149492   0.22057632
  0.          0.        ]
2025-04-17 13:04:04,051 - DEBUG - After Noise(Next State): [-0.06011299  1.388716   -0.7829358  -0.20049903  0.1149492   0.22057632
  0.          0.        ]
2025-04-17 13:04:04,069 - DEBUG - Before Noise(Next State): [-0.08995771  1.3615642  -0.7922586  -0.22771119  0.12787217  0.25848272
  0.          0.        ]
2025-04-17 13:04:04,069 - DEBUG - After Noise(Next State): [-0.11405665  1.3374652  -0.7922586  -0.22771119  0.12787217  0.25848272
  0.          0.        ]
2025-04-17 13:04:04,087 - DEBUG - Before Noise(Next State): [-0.09767485  1.3558993  -0.7826867  -0.25274602  0.13882822  0.21914062
  0.          0.        ]
2025-04-17 13:04:04,088 - DEBUG - After Noise(Next State): [-0.0950395   1.3585347  -0.7826867  -0.25274602  0.13882822  0.21914062
  0.          0.        ]
2025-04-17 13:04:04,106 - DEBUG - Before Noise(Next State): [-0.10539236  1.349648   -0.78271496 -0.27889252  0.14978378  0.21913078
  0.          0.        ]
2025-04-17 13:04:04,107 - DEBUG - After Noise(Next State): [-0.13312906  1.3219113  -0.78271496 -0.27889252  0.14978378  0.21913078
  0.          0.        ]
2025-04-17 13:04:04,124 - DEBUG - Before Noise(Next State): [-0.11317492  1.3428019  -0.7908379  -0.30558008  0.16237165  0.2517801
  0.          0.        ]
2025-04-17 13:04:04,125 - DEBUG - After Noise(Next State): [-0.11091498  1.3450619  -0.7908379  -0.30558008  0.16237165  0.2517801
  0.          0.        ]
2025-04-17 13:04:04,142 - DEBUG - Before Noise(Next State): [-0.12095813  1.3353698  -0.790872   -0.33173075  0.17495675  0.2517254
  0.          0.        ]
2025-04-17 13:04:04,143 - DEBUG - After Noise(Next State): [-0.12073574  1.3355923  -0.790872   -0.33173075  0.17495675  0.2517254
  0.          0.        ]
2025-04-17 13:04:04,162 - DEBUG - Before Noise(Next State): [-0.12874202  1.3273518  -0.79090506 -0.3578818   0.18754017  0.25169104
  0.          0.        ]
2025-04-17 13:04:04,163 - DEBUG - After Noise(Next State): [-0.1472052   1.3088887  -0.79090506 -0.3578818   0.18754017  0.25169104
  0.          0.        ]
2025-04-17 13:04:04,181 - DEBUG - Before Noise(Next State): [-0.1365265   1.3187479  -0.7909373  -0.38403285  0.20012158  0.25165084
  0.          0.        ]
2025-04-17 13:04:04,181 - DEBUG - After Noise(Next State): [-0.13792844  1.317346   -0.7909373  -0.38403285  0.20012158  0.25165084
  0.          0.        ]
2025-04-17 13:04:04,201 - DEBUG - Before Noise(Next State): [-0.14444265  1.3110249  -0.8043806  -0.3450263   0.21300867  0.2577654
  0.          0.        ]
2025-04-17 13:04:04,201 - DEBUG - After Noise(Next State): [-0.12540647  1.3300611  -0.8043806  -0.3450263   0.21300867  0.2577654
  0.          0.        ]
2025-04-17 13:04:04,219 - DEBUG - Before Noise(Next State): [-0.15256491  1.3038775  -0.8247738  -0.3195167   0.22572002  0.25424975
  0.          0.        ]
2025-04-17 13:04:04,219 - DEBUG - After Noise(Next State): [-0.13660924  1.3198332  -0.8247738  -0.3195167   0.22572002  0.25424975
  0.          0.        ]
2025-04-17 13:04:04,238 - DEBUG - Before Noise(Next State): [-0.16076651  1.2961195  -0.8347027  -0.34709367  0.24048287  0.2952835
  0.          0.        ]
2025-04-17 13:04:04,238 - DEBUG - After Noise(Next State): [-0.16350463  1.2933813  -0.8347027  -0.34709367  0.24048287  0.2952835
  0.          0.        ]
2025-04-17 13:04:04,257 - DEBUG - Before Noise(Next State): [-0.16890459  1.2877975  -0.8266219  -0.3720173   0.253552    0.2614056
  0.          0.        ]
2025-04-17 13:04:04,258 - DEBUG - After Noise(Next State): [-0.18259826  1.2741038  -0.8266219  -0.3720173   0.253552    0.2614056
  0.          0.        ]
2025-04-17 13:04:04,276 - DEBUG - Before Noise(Next State): [-0.17731304  1.2798378  -0.85314906 -0.35594493  0.26614293  0.25184166
  0.          0.        ]
2025-04-17 13:04:04,277 - DEBUG - After Noise(Next State): [-0.16520287  1.291948   -0.85314906 -0.35594493  0.26614293  0.25184166
  0.          0.        ]
2025-04-17 13:04:04,296 - DEBUG - Before Noise(Next State): [-0.18593645  1.2719992  -0.87423575 -0.35059145  0.27834725  0.24410836
  0.          0.        ]
2025-04-17 13:04:04,297 - DEBUG - After Noise(Next State): [-0.19113904  1.2667966  -0.87423575 -0.35059145  0.27834725  0.24410836
  0.          0.        ]
2025-04-17 13:04:04,317 - DEBUG - Before Noise(Next State): [-0.1949276   1.2647873  -0.91036665 -0.32272238  0.2899433   0.23194179
  0.          0.        ]
2025-04-17 13:04:04,317 - DEBUG - After Noise(Next State): [-0.21557018  1.2441448  -0.91036665 -0.32272238  0.2899433   0.23194179
  0.          0.        ]
2025-04-17 13:04:04,334 - DEBUG - Before Noise(Next State): [-0.20391092  1.2569813  -0.9099566  -0.34928927  0.3019391   0.23992348
  0.          0.        ]
2025-04-17 13:04:04,335 - DEBUG - After Noise(Next State): [-0.1940521   1.2668401  -0.9099566  -0.34928927  0.3019391   0.23992348
  0.          0.        ]
2025-04-17 13:04:04,354 - DEBUG - Before Noise(Next State): [-0.2129643   1.2485417  -0.91826296 -0.3778358   0.31533068  0.2678313
  0.          0.        ]
2025-04-17 13:04:04,355 - DEBUG - After Noise(Next State): [-0.22887425  1.2326318  -0.91826296 -0.3778358   0.31533068  0.2678313
  0.          0.        ]
2025-04-17 13:04:04,374 - DEBUG - Before Noise(Next State): [-0.2220181   1.2395165  -0.9182561  -0.40398356  0.3287221   0.2678281
  0.          0.        ]
2025-04-17 13:04:04,375 - DEBUG - After Noise(Next State): [-0.21085875  1.2506758  -0.9182561  -0.40398356  0.3287221   0.2678281
  0.          0.        ]
2025-04-17 13:04:04,394 - DEBUG - Before Noise(Next State): [-0.23114128  1.2298627  -0.92698276 -0.43246663  0.34405375  0.30663317
  0.          0.        ]
2025-04-17 13:04:04,394 - DEBUG - After Noise(Next State): [-0.19928947  1.2617145  -0.92698276 -0.43246663  0.34405375  0.30663317
  0.          0.        ]
2025-04-17 13:04:04,413 - DEBUG - Before Noise(Next State): [-0.24032745  1.2196019  -0.9347595  -0.45998687  0.36102712  0.3394678
  0.          0.        ]
2025-04-17 13:04:04,413 - DEBUG - After Noise(Next State): [-0.22261581  1.2373135  -0.9347595  -0.45998687  0.36102712  0.3394678
  0.          0.        ]
2025-04-17 13:04:04,431 - DEBUG - Before Noise(Next State): [-0.24959692  1.208719   -0.9450904  -0.48837224  0.38023522  0.3841621
  0.          0.        ]
2025-04-17 13:04:04,432 - DEBUG - After Noise(Next State): [-0.23293853  1.2253774  -0.9450904  -0.48837224  0.38023522  0.3841621
  0.          0.        ]
2025-04-17 13:04:04,451 - DEBUG - Before Noise(Next State): [-0.2587996   1.197303   -0.93640244 -0.5117677   0.39744216  0.3441385
  0.          0.        ]
2025-04-17 13:04:04,451 - DEBUG - After Noise(Next State): [-0.25146225  1.2046404  -0.93640244 -0.5117677   0.39744216  0.3441385
  0.          0.        ]
2025-04-17 13:04:04,470 - DEBUG - Before Noise(Next State): [-0.26793423  1.1853466  -0.92764837 -0.53544515  0.4126724   0.30460462
  0.          0.        ]
2025-04-17 13:04:04,470 - DEBUG - After Noise(Next State): [-0.26065832  1.1926225  -0.92764837 -0.53544515  0.4126724   0.30460462
  0.          0.        ]
2025-04-17 13:04:04,490 - DEBUG - Before Noise(Next State): [-0.2769855   1.172854   -0.9170186  -0.5587575   0.42552456  0.25704354
  0.          0.        ]
2025-04-17 13:04:04,490 - DEBUG - After Noise(Next State): [-0.26849914  1.1813403  -0.9170186  -0.5587575   0.42552456  0.25704354
  0.          0.        ]
2025-04-17 13:04:04,510 - DEBUG - Before Noise(Next State): [-0.2859764   1.1598134  -0.9093191  -0.5827075   0.43663138  0.22213638
  0.          0.        ]
2025-04-17 13:04:04,510 - DEBUG - After Noise(Next State): [-0.27074674  1.1750431  -0.9093191  -0.5827075   0.43663138  0.22213638
  0.          0.        ]
2025-04-17 13:04:04,529 - DEBUG - Before Noise(Next State): [-0.2948811   1.1462339  -0.89842236 -0.60603565  0.4453126   0.17362407
  0.          0.        ]
2025-04-17 13:04:04,530 - DEBUG - After Noise(Next State): [-0.28456387  1.1565511  -0.89842236 -0.60603565  0.4453126   0.17362407
  0.          0.        ]
2025-04-17 13:04:04,548 - DEBUG - Before Noise(Next State): [-0.30429968  1.1331038  -0.9490795  -0.5858789   0.45322752  0.15829845
  0.          0.        ]
2025-04-17 13:04:04,548 - DEBUG - After Noise(Next State): [-0.28155515  1.1558484  -0.9490795  -0.5858789   0.45322752  0.15829845
  0.          0.        ]
2025-04-17 13:04:04,567 - DEBUG - Before Noise(Next State): [-0.3137185   1.1193866  -0.94907606 -0.612017    0.4611424   0.1582977
  0.          0.        ]
2025-04-17 13:04:04,567 - DEBUG - After Noise(Next State): [-0.2786551   1.1544499  -0.94907606 -0.612017    0.4611424   0.1582977
  0.          0.        ]
2025-04-17 13:04:04,585 - DEBUG - Before Noise(Next State): [-0.32335314  1.1058363  -0.9707608  -0.6046741   0.46919924  0.16113718
  0.          0.        ]
2025-04-17 13:04:04,586 - DEBUG - After Noise(Next State): [-0.3140348   1.1151546  -0.9707608  -0.6046741   0.46919924  0.16113718
  0.          0.        ]
2025-04-17 13:04:04,605 - DEBUG - Before Noise(Next State): [-0.33305973  1.0916417  -0.979881   -0.63402134  0.47943395  0.20469448
  0.          0.        ]
2025-04-17 13:04:04,605 - DEBUG - After Noise(Next State): [-0.30735904  1.1173424  -0.979881   -0.63402134  0.47943395  0.20469448
  0.          0.        ]
2025-04-17 13:04:04,626 - DEBUG - Before Noise(Next State): [-0.34270507  1.0769129  -0.9719998  -0.6572225   0.4877569   0.1664594
  0.          0.        ]
2025-04-17 13:04:04,626 - DEBUG - After Noise(Next State): [-0.35983646  1.0597816  -0.9719998  -0.6572225   0.4877569   0.1664594
  0.          0.        ]
2025-04-17 13:04:04,643 - DEBUG - Before Noise(Next State): [-0.3523507   1.0615971  -0.9719957  -0.68336105  0.4960798   0.16645862
  0.          0.        ]
2025-04-17 13:04:04,643 - DEBUG - After Noise(Next State): [-0.3563208   1.0576271  -0.9719957  -0.68336105  0.4960798   0.16645862
  0.          0.        ]
2025-04-17 13:04:04,662 - DEBUG - Before Noise(Next State): [-0.3619092   1.0457535  -0.96097326 -0.7060225   0.5018374   0.11515118
  0.          0.        ]
2025-04-17 13:04:04,663 - DEBUG - After Noise(Next State): [-0.37381324  1.0338495  -0.96097326 -0.7060225   0.5018374   0.11515118
  0.          0.        ]
2025-04-17 13:04:04,683 - DEBUG - Before Noise(Next State): [-0.3714679   1.0293221  -0.96097124 -0.7321583   0.50759494  0.11515091
  0.          0.        ]
2025-04-17 13:04:04,683 - DEBUG - After Noise(Next State): [-0.383951    1.016839   -0.96097124 -0.7321583   0.50759494  0.11515091
  0.          0.        ]
2025-04-17 13:04:04,701 - DEBUG - Before Noise(Next State): [-0.38102666  1.0123034  -0.96096915 -0.7582941   0.51335245  0.11515065
  0.          0.        ]
2025-04-17 13:04:04,701 - DEBUG - After Noise(Next State): [-0.36641395  1.026916   -0.96096915 -0.7582941   0.51335245  0.11515065
  0.          0.        ]
2025-04-17 13:04:04,719 - DEBUG - Before Noise(Next State): [-0.39096603  0.9951874  -0.998315   -0.76236546  0.51832074  0.09936537
  0.          0.        ]
2025-04-17 13:04:04,720 - DEBUG - After Noise(Next State): [-0.38285074  1.0033027  -0.998315   -0.76236546  0.51832074  0.09936537
  0.          0.        ]
2025-04-17 13:04:04,739 - DEBUG - Before Noise(Next State): [-0.40083432  0.97755605 -0.9891325  -0.7844956   0.520942    0.05242557
  0.          0.        ]
2025-04-17 13:04:04,739 - DEBUG - After Noise(Next State): [-0.42971122  0.94867915 -0.9891325  -0.7844956   0.520942    0.05242557
  0.          0.        ]
2025-04-17 13:04:04,757 - DEBUG - Before Noise(Next State): [-0.41119847  0.9605204  -1.0385661  -0.75796646  0.5233908   0.04897741
  0.          0.        ]
2025-04-17 13:04:04,758 - DEBUG - After Noise(Next State): [-0.42769113  0.9440277  -1.0385661  -0.75796646  0.5233908   0.04897741
  0.          0.        ]
2025-04-17 13:04:04,777 - DEBUG - Before Noise(Next State): [-0.42148748  0.94296443 -1.028954   -0.7802854   0.5234522   0.00122822
  0.          0.        ]
2025-04-17 13:04:04,777 - DEBUG - After Noise(Next State): [-0.40955284  0.9548991  -1.028954   -0.7802854   0.5234522   0.00122822
  0.          0.        ]
2025-04-17 13:04:04,795 - DEBUG - Before Noise(Next State): [-0.43177643  0.92482036 -1.028954   -0.80641866  0.5235136   0.00122814
  0.          0.        ]
2025-04-17 13:04:04,795 - DEBUG - After Noise(Next State): [-0.43659252  0.92000425 -1.028954   -0.80641866  0.5235136   0.00122814
  0.          0.        ]
2025-04-17 13:04:04,834 - DEBUG - Before Noise(Next State): [-0.4425736   0.90707505 -1.0793155  -0.78852934  0.5230611  -0.00904998
  0.          0.        ]
2025-04-17 13:04:04,836 - DEBUG - After Noise(Next State): [-0.4562177   0.89343095 -1.0793155  -0.78852934  0.5230611  -0.00904998
  0.          0.        ]
2025-04-17 13:04:04,850 - DEBUG - Before Noise(Next State): [-0.4538737   0.88962793 -1.1290425  -0.7750598   0.5219589  -0.02204406
  0.          0.        ]
2025-04-17 13:04:04,851 - DEBUG - After Noise(Next State): [-0.4430675   0.90043414 -1.1290425  -0.7750598   0.5219589  -0.02204406
  0.          0.        ]
2025-04-17 13:04:04,868 - DEBUG - Before Noise(Next State): [-0.46510848  0.87163925 -1.120805   -0.79847586  0.5189153  -0.0608716
  0.          0.        ]
2025-04-17 13:04:04,869 - DEBUG - After Noise(Next State): [-0.4939039   0.84284383 -1.120805   -0.79847586  0.5189153  -0.0608716
  0.          0.        ]
2025-04-17 13:04:04,892 - DEBUG - Before Noise(Next State): [-0.4767447   0.854154   -1.1609945  -0.7761236   0.51592875 -0.0597311
  0.          0.        ]
2025-04-17 13:04:04,892 - DEBUG - After Noise(Next State): [-0.43303353  0.8978652  -1.1609945  -0.7761236   0.51592875 -0.0597311
  0.          0.        ]
2025-04-17 13:04:04,910 - DEBUG - Before Noise(Next State): [-0.48846382  0.83602166 -1.1714556  -0.8057095   0.51540744 -0.01042631
  0.          0.        ]
2025-04-17 13:04:04,911 - DEBUG - After Noise(Next State): [-0.49886966  0.8256158  -1.1714556  -0.8057095   0.51540744 -0.01042631
  0.          0.        ]
2025-04-17 13:04:04,929 - DEBUG - Before Noise(Next State): [-0.5002561   0.8172471  -1.1807026  -0.8349772   0.51708066  0.033464
  0.          0.        ]
2025-04-17 13:04:04,930 - DEBUG - After Noise(Next State): [-0.49266738  0.82483584 -1.1807026  -0.8349772   0.51708066  0.033464
  0.          0.        ]
2025-04-17 13:04:04,948 - DEBUG - Before Noise(Next State): [-0.51198816  0.79793245 -1.1730585  -0.85837436  0.5169124  -0.00336582
  0.          0.        ]
2025-04-17 13:04:04,949 - DEBUG - After Noise(Next State): [-0.5207752   0.7891454  -1.1730585  -0.85837436  0.5169124  -0.00336582
  0.          0.        ]
2025-04-17 13:04:04,968 - DEBUG - Before Noise(Next State): [-0.5237202   0.77802974 -1.1730585  -0.8845077   0.51674414 -0.00336579
  0.          0.        ]
2025-04-17 13:04:04,968 - DEBUG - After Noise(Next State): [-0.5348374   0.7669125  -1.1730585  -0.8845077   0.51674414 -0.00336579
  0.          0.        ]
2025-04-17 13:04:04,987 - DEBUG - Before Noise(Next State): [-0.53553265  0.7574707  -1.1832992  -0.9145167   0.51908207  0.04675917
  0.          0.        ]
2025-04-17 13:04:04,988 - DEBUG - After Noise(Next State): [-0.5604454   0.73255795 -1.1832992  -0.9145167   0.51908207  0.04675917
  0.          0.        ]
2025-04-17 13:04:05,005 - DEBUG - Before Noise(Next State): [-5.4727364e-01  7.3639643e-01 -1.1740816e+00 -9.3662733e-01
  5.1906312e-01 -3.7935749e-04  0.0000000e+00  0.0000000e+00]
2025-04-17 13:04:05,005 - DEBUG - After Noise(Next State): [-5.5090219e-01  7.3276788e-01 -1.1740816e+00 -9.3662733e-01
  5.1906312e-01 -3.7935749e-04  0.0000000e+00  0.0000000e+00]
2025-04-17 13:04:05,025 - DEBUG - Before Noise(Next State): [-0.5589441   0.7147868  -1.1651541  -0.95971036  0.51692057 -0.04285141
  0.          0.        ]
2025-04-17 13:04:05,026 - DEBUG - After Noise(Next State): [-0.5551339   0.71859705 -1.1651541  -0.95971036  0.51692057 -0.04285141
  0.          0.        ]
2025-04-17 13:04:05,043 - DEBUG - Before Noise(Next State): [-0.570671    0.692548   -1.1722989  -0.9882409   0.5164691  -0.00902892
  0.          0.        ]
2025-04-17 13:04:05,043 - DEBUG - After Noise(Next State): [-0.5770491   0.6861699  -1.1722989  -0.9882409   0.5164691  -0.00902892
  0.          0.        ]
2025-04-17 13:04:05,062 - DEBUG - Before Noise(Next State): [-0.5823413   0.6697769  -1.1649926  -1.0112818   0.5141683  -0.04601585
  0.          0.        ]
2025-04-17 13:04:05,063 - DEBUG - After Noise(Next State): [-0.6170335   0.63508475 -1.1649926  -1.0112818   0.5141683  -0.04601585
  0.          0.        ]
2025-04-17 13:04:05,083 - DEBUG - Before Noise(Next State): [-0.59406483  0.64637965 -1.1717241  -1.0396432   0.513455   -0.01426743
  0.          0.        ]
2025-04-17 13:04:05,083 - DEBUG - After Noise(Next State): [-0.601976    0.6384685  -1.1717241  -1.0396432   0.513455   -0.01426743
  0.          0.        ]
2025-04-17 13:04:05,100 - DEBUG - Before Noise(Next State): [-0.60587156  0.6223211  -1.182355   -1.0698941   0.51536006  0.03810143
  0.          0.        ]
2025-04-17 13:04:05,101 - DEBUG - After Noise(Next State): [-0.6243684   0.60382426 -1.182355   -1.0698941   0.51536006  0.03810143
  0.          0.        ]
2025-04-17 13:04:05,125 - DEBUG - Before Noise(Next State): [-0.6175988   0.59775275 -1.1721199  -1.0917009   0.51467586 -0.01368361
  0.          0.        ]
2025-04-17 13:04:05,126 - DEBUG - After Noise(Next State): [-0.6299683   0.58538324 -1.1721199  -1.0917009   0.51467586 -0.01368361
  0.          0.        ]
2025-04-17 13:04:05,145 - DEBUG - Before Noise(Next State): [-0.6292593   0.5726529  -1.1636169  -1.114636    0.51191473 -0.05522134
  0.          0.        ]
2025-04-17 13:04:05,146 - DEBUG - After Noise(Next State): [-0.62104136  0.5808708  -1.1636169  -1.114636    0.51191473 -0.05522134
  0.          0.        ]
2025-04-17 13:04:05,162 - DEBUG - Before Noise(Next State): [-0.6409811   0.5469012  -1.1715289  -1.1442744   0.511184   -0.01461541
  0.          0.        ]
2025-04-17 13:04:05,163 - DEBUG - After Noise(Next State): [-0.65169555  0.53618675 -1.1715289  -1.1442744   0.511184   -0.01461541
  0.          0.        ]
2025-04-17 13:04:05,182 - DEBUG - Before Noise(Next State): [-0.6526192   0.5206303  -1.1608866  -1.1665024   0.5078728  -0.06622257
  0.          0.        ]
2025-04-17 13:04:05,182 - DEBUG - After Noise(Next State): [-0.62876445  0.54448503 -1.1608866  -1.1665024   0.5078728  -0.06622257
  0.          0.        ]
2025-04-17 13:04:05,200 - DEBUG - Before Noise(Next State): [-0.6641784   0.49384877 -1.1507027  -1.1883721   0.5019961  -0.11753418
  0.          0.        ]
2025-04-17 13:04:05,200 - DEBUG - After Noise(Next State): [-0.6712216   0.4868055  -1.1507027  -1.1883721   0.5019961  -0.11753418
  0.          0.        ]
2025-04-17 13:04:05,219 - DEBUG - Before Noise(Next State): [-0.6757376   0.46647957 -1.1507006  -1.2145079   0.4961194  -0.1175337
  0.          0.        ]
2025-04-17 13:04:05,219 - DEBUG - After Noise(Next State): [-0.6709267  0.4712905 -1.1507006 -1.2145079  0.4961194 -0.1175337
  0.         0.       ]
2025-04-17 13:04:05,239 - DEBUG - Before Noise(Next State): [-0.6876823   0.43998814 -1.1897424  -1.1757023   0.49082658 -0.10585686
  0.          0.        ]
2025-04-17 13:04:05,239 - DEBUG - After Noise(Next State): [-0.67509544  0.45257497 -1.1897424  -1.1757023   0.49082658 -0.10585686
  0.          0.        ]
2025-04-17 13:04:05,257 - DEBUG - Before Noise(Next State): [-0.6997132   0.4135425  -1.1988653  -1.1738654   0.48610264 -0.09447847
  0.          0.        ]
2025-04-17 13:04:05,257 - DEBUG - After Noise(Next State): [-0.6929449   0.42031083 -1.1988653  -1.1738654   0.48610264 -0.09447847
  0.          0.        ]
2025-04-17 13:04:05,279 - DEBUG - Before Noise(Next State): [-0.7116699   0.3865571  -1.1895066  -1.1971923   0.47922668 -0.13751914
  0.          0.        ]
2025-04-17 13:04:05,279 - DEBUG - After Noise(Next State): [-0.69985     0.39837697 -1.1895066  -1.1971923   0.47922668 -0.13751914
  0.          0.        ]
2025-04-17 13:04:05,298 - DEBUG - Before Noise(Next State): [-0.7235475   0.35905597 -1.1793128  -1.2193776   0.46985123 -0.18750882
  0.          0.        ]
2025-04-17 13:04:05,298 - DEBUG - After Noise(Next State): [-0.70390016  0.37870333 -1.1793128  -1.2193776   0.46985123 -0.18750882
  0.          0.        ]
2025-04-17 13:04:05,317 - DEBUG - Before Noise(Next State): [-0.73536843  0.331007   -1.1720904  -1.2432765   0.45880398 -0.22094484
  0.          0.        ]
2025-04-17 13:04:05,317 - DEBUG - After Noise(Next State): [-0.7427845   0.32359093 -1.1720904  -1.2432765   0.45880398 -0.22094484
  0.          0.        ]
2025-04-17 13:04:05,336 - DEBUG - Before Noise(Next State): [-0.74740744  0.30305508 -1.1938689  -1.2390454   0.4477883  -0.22031374
  0.          0.        ]
2025-04-17 13:04:05,337 - DEBUG - After Noise(Next State): [-0.75860345  0.29185903 -1.1938689  -1.2390454   0.4477883  -0.22031374
  0.          0.        ]
2025-04-17 13:04:05,360 - DEBUG - Before Noise(Next State): [-0.7595764   0.27502415 -1.2069376  -1.2426738   0.43691033 -0.21755931
  0.          0.        ]
2025-04-17 13:04:05,360 - DEBUG - After Noise(Next State): [-0.7520117   0.28258884 -1.2069376  -1.2426738   0.43691033 -0.21755931
  0.          0.        ]
2025-04-17 13:04:05,378 - DEBUG - Before Noise(Next State): [-0.7718141   0.24634518 -1.2157242  -1.2721406   0.42815974 -0.17501178
  0.          0.        ]
2025-04-17 13:04:05,379 - DEBUG - After Noise(Next State): [-0.83660537  0.18155394 -1.2157242  -1.2721406   0.42815974 -0.17501178
  0.          0.        ]
2025-04-17 13:04:05,398 - DEBUG - Before Noise(Next State): [-0.7845335   0.21812104 -1.2632228  -1.2517813   0.41871825 -0.18883002
  0.          0.        ]
2025-04-17 13:04:05,398 - DEBUG - After Noise(Next State): [-0.77471614  0.22793841 -1.2632228  -1.2517813   0.41871825 -0.18883002
  0.          0.        ]
2025-04-17 13:04:05,417 - DEBUG - Before Noise(Next State): [-0.79719025  0.18933935 -1.2553269  -1.2761595   0.40756273 -0.2231098
  0.          0.        ]
2025-04-17 13:04:05,418 - DEBUG - After Noise(Next State): [-0.75677854  0.22975108 -1.2553269  -1.2761595   0.40756273 -0.2231098
  0.          0.        ]
2025-04-17 13:04:05,440 - DEBUG - Before Noise(Next State): [-0.8097933   0.16000809 -1.2484372  -1.3002479   0.39483413 -0.25457206
  0.          0.        ]
2025-04-17 13:04:05,440 - DEBUG - After Noise(Next State): [-0.821403    0.14839834 -1.2484372  -1.3002479   0.39483413 -0.25457206
  0.          0.        ]
2025-04-17 13:04:05,459 - DEBUG - Before Noise(Next State): [-0.8223969   0.13009079 -1.2484293  -1.326394    0.38210568 -0.2545692
  0.          0.        ]
2025-04-17 13:04:05,460 - DEBUG - After Noise(Next State): [-0.86237407  0.0901136  -1.2484293  -1.326394    0.38210568 -0.2545692
  0.          0.        ]
2025-04-17 13:04:05,479 - DEBUG - Before Noise(Next State): [-0.83500105  0.09958757 -1.2484214  -1.3525401   0.36937737 -0.25456637
  0.          0.        ]
2025-04-17 13:04:05,479 - DEBUG - After Noise(Next State): [-0.81000024  0.12458836 -1.2484214  -1.3525401   0.36937737 -0.25456637
  0.          0.        ]
2025-04-17 13:04:05,497 - DEBUG - Before Noise(Next State): [-0.8475447   0.06852701 -1.240742   -1.3770201   0.35498938 -0.28776038
  0.          0.        ]
2025-04-17 13:04:05,498 - DEBUG - After Noise(Next State): [-0.81886053  0.09721123 -1.240742   -1.3770201   0.35498938 -0.28776038
  0.          0.        ]
2025-04-17 13:04:05,517 - DEBUG - Before Noise(Next State): [-0.86008906  0.03688103 -1.2407328  -1.4031698   0.3406016  -0.28775626
  0.          0.        ]
2025-04-17 13:04:05,517 - DEBUG - After Noise(Next State): [-0.8867481   0.01022201 -1.2407328  -1.4031698   0.3406016  -0.28775626
  0.          0.        ]
2025-04-17 13:04:05,537 - DEBUG - Before Noise(Next State): [-0.872634    0.00464967 -1.2407238  -1.4293194   0.326214   -0.28775212
  0.          0.        ]
2025-04-17 13:04:05,538 - DEBUG - After Noise(Next State): [-8.7798035e-01 -6.9667853e-04 -1.2407238e+00 -1.4293194e+00
  3.2621399e-01 -2.8775212e-01  0.0000000e+00  0.0000000e+00]
2025-04-17 13:04:05,556 - DEBUG - Before Noise(Next State): [-0.8850992  -0.02812267 -1.2305372  -1.4530307   0.30960047 -0.3322702
  1.          0.        ]
2025-04-17 13:04:05,556 - DEBUG - After Noise(Next State): [-0.89777964 -0.04080312 -1.2305372  -1.4530307   0.30960047 -0.3322702
  1.          0.        ]
2025-04-17 13:04:05,575 - DEBUG - Before Noise(Next State): [-0.89782715 -0.05988224 -1.4953701  -1.2173779   0.32443577  2.107191
  1.          0.        ]
2025-04-17 13:04:05,576 - DEBUG - After Noise(Next State): [-0.9080443  -0.07009939 -1.4953701  -1.2173779   0.32443577  2.107191
  1.          0.        ]
2025-04-17 13:04:05,584 - DEBUG - Episode 15 received a Reward = -191.20021952458993 
2025-04-17 13:04:05,616 - DEBUG - Before Noise(Current State): [ 0.00255747  1.4064655   0.25901514 -0.19798556 -0.00295656 -0.05867072
  0.          0.        ]
2025-04-17 13:04:05,616 - DEBUG - After Noise(Current State): [-0.01037239  1.3935356   0.25901514 -0.19798556 -0.00295656 -0.05867072
  0.          0.        ]
2025-04-17 13:04:05,633 - DEBUG - Before Noise(Next State): [ 0.0050272   1.4014432   0.247678   -0.2232151  -0.00365234 -0.01391625
  0.          0.        ]
2025-04-17 13:04:05,633 - DEBUG - After Noise(Next State): [-0.00626795  1.390148    0.247678   -0.2232151  -0.00365234 -0.01391625
  0.          0.        ]
2025-04-17 13:04:05,652 - DEBUG - Before Noise(Next State): [ 0.00757084  1.3958256   0.25695857 -0.24968651 -0.00620884 -0.05113461
  0.          0.        ]
2025-04-17 13:04:05,653 - DEBUG - After Noise(Next State): [ 0.00605038  1.3943051   0.25695857 -0.24968651 -0.00620884 -0.05113461
  0.          0.        ]
2025-04-17 13:04:05,671 - DEBUG - Before Noise(Next State): [ 0.01017494  1.389616    0.2645175  -0.2760012  -0.01027817 -0.08139436
  0.          0.        ]
2025-04-17 13:04:05,672 - DEBUG - After Noise(Next State): [ 0.03067809  1.4101192   0.2645175  -0.2760012  -0.01027817 -0.08139436
  0.          0.        ]
2025-04-17 13:04:05,691 - DEBUG - Before Noise(Next State): [ 0.01296616  1.3838322   0.2823567  -0.25708735 -0.0134844  -0.06413071
  0.          0.        ]
2025-04-17 13:04:05,692 - DEBUG - After Noise(Next State): [ 0.01439453  1.3852606   0.2823567  -0.25708735 -0.0134844  -0.06413071
  0.          0.        ]
2025-04-17 13:04:05,717 - DEBUG - Before Noise(Next State): [ 0.01575737  1.3774604   0.28236574 -0.2832314  -0.01669113 -0.06414033
  0.          0.        ]
2025-04-17 13:04:05,717 - DEBUG - After Noise(Next State): [ 0.0022666   1.3639696   0.28236574 -0.2832314  -0.01669113 -0.06414033
  0.          0.        ]
2025-04-17 13:04:05,735 - DEBUG - Before Noise(Next State): [ 0.01872683  1.372046    0.2994141  -0.24065985 -0.01912865 -0.04875486
  0.          0.        ]
2025-04-17 13:04:05,735 - DEBUG - After Noise(Next State): [ 0.01233319  1.3656523   0.2994141  -0.24065985 -0.01912865 -0.04875486
  0.          0.        ]
2025-04-17 13:04:05,755 - DEBUG - Before Noise(Next State): [ 0.02169638  1.3660436   0.29942062 -0.26680785 -0.02156636 -0.04875856
  0.          0.        ]
2025-04-17 13:04:05,755 - DEBUG - After Noise(Next State): [-0.01439813  1.329949    0.29942062 -0.26680785 -0.02156636 -0.04875856
  0.          0.        ]
2025-04-17 13:04:05,773 - DEBUG - Before Noise(Next State): [ 0.02473335  1.3594507   0.3078789  -0.2930865  -0.0256985  -0.08265059
  0.          0.        ]
2025-04-17 13:04:05,774 - DEBUG - After Noise(Next State): [ 0.02573653  1.3604538   0.3078789  -0.2930865  -0.0256985  -0.08265059
  0.          0.        ]
2025-04-17 13:04:05,793 - DEBUG - Before Noise(Next State): [ 0.02795439  1.3538098   0.32552105 -0.25076255 -0.02908133 -0.06766256
  0.          0.        ]
2025-04-17 13:04:05,793 - DEBUG - After Noise(Next State): [ 0.05538927  1.3812448   0.32552105 -0.25076255 -0.02908133 -0.06766256
  0.          0.        ]
2025-04-17 13:04:05,813 - DEBUG - Before Noise(Next State): [ 0.03111467  1.3475919   0.31790203 -0.27639166 -0.03093041 -0.03698485
  0.          0.        ]
2025-04-17 13:04:05,814 - DEBUG - After Noise(Next State): [ 0.05594927  1.3724265   0.31790203 -0.27639166 -0.03093041 -0.03698485
  0.          0.        ]
2025-04-17 13:04:05,831 - DEBUG - Before Noise(Next State): [ 0.03446207  1.3421668   0.33585587 -0.24113552 -0.0320288  -0.02197019
  0.          0.        ]
2025-04-17 13:04:05,831 - DEBUG - After Noise(Next State): [ 0.03179681  1.3395015   0.33585587 -0.24113552 -0.0320288  -0.02197019
  0.          0.        ]
2025-04-17 13:04:05,851 - DEBUG - Before Noise(Next State): [ 0.03764105  1.3366987   0.31987497 -0.24307032 -0.03397779 -0.03898333
  0.          0.        ]
2025-04-17 13:04:05,851 - DEBUG - After Noise(Next State): [-1.0431822e-03  1.2980144e+00  3.1987497e-01 -2.4307032e-01
 -3.3977792e-02 -3.8983326e-02  0.0000000e+00  0.0000000e+00]
2025-04-17 13:04:05,869 - DEBUG - Before Noise(Next State): [ 0.0409853   1.3316833   0.33572146 -0.22293703 -0.03525758 -0.02559808
  0.          0.        ]
2025-04-17 13:04:05,869 - DEBUG - After Noise(Next State): [ 0.05254625  1.3432442   0.33572146 -0.22293703 -0.03525758 -0.02559808
  0.          0.        ]
2025-04-17 13:04:05,888 - DEBUG - Before Noise(Next State): [ 0.04441223  1.3260744   0.34608257 -0.24936952 -0.03861658 -0.0671866
  0.          0.        ]
2025-04-17 13:04:05,888 - DEBUG - After Noise(Next State): [ 0.03488423  1.3165463   0.34608257 -0.24936952 -0.03861658 -0.0671866
  0.          0.        ]
2025-04-17 13:04:05,907 - DEBUG - Before Noise(Next State): [ 0.0478529   1.3212605   0.3475567  -0.21405032 -0.04207705 -0.0692156
  0.          0.        ]
2025-04-17 13:04:05,907 - DEBUG - After Noise(Next State): [ 0.03706707  1.3104746   0.3475567  -0.21405032 -0.04207705 -0.0692156
  0.          0.        ]
2025-04-17 13:04:05,926 - DEBUG - Before Noise(Next State): [ 0.05120716  1.3158703   0.3367244  -0.23960096 -0.04335725 -0.025606
  0.          0.        ]
2025-04-17 13:04:05,926 - DEBUG - After Noise(Next State): [ 0.01683856  1.2815017   0.3367244  -0.23960096 -0.04335725 -0.025606
  0.          0.        ]
2025-04-17 13:04:05,944 - DEBUG - Before Noise(Next State): [ 0.05465202  1.3110712   0.34551612 -0.21332054 -0.04437345 -0.02032581
  0.          0.        ]
2025-04-17 13:04:05,945 - DEBUG - After Noise(Next State): [ 0.06153605  1.3179551   0.34551612 -0.21332054 -0.04437345 -0.02032581
  0.          0.        ]
2025-04-17 13:04:05,965 - DEBUG - Before Noise(Next State): [ 0.05801811  1.3056993   0.33561414 -0.23872471 -0.04339423  0.01958607
  0.          0.        ]
2025-04-17 13:04:05,965 - DEBUG - After Noise(Next State): [ 0.05629566  1.3039769   0.33561414 -0.23872471 -0.04339423  0.01958607
  0.          0.        ]
2025-04-17 13:04:05,983 - DEBUG - Before Noise(Next State): [ 0.06144638  1.2997413   0.34342068 -0.2648156  -0.04397842 -0.01168484
  0.          0.        ]
2025-04-17 13:04:05,984 - DEBUG - After Noise(Next State): [ 0.09068744  1.3289824   0.34342068 -0.2648156  -0.04397842 -0.01168484
  0.          0.        ]
2025-04-17 13:04:06,003 - DEBUG - Before Noise(Next State): [ 0.06496754  1.2937719   0.35235482 -0.26531345 -0.04420713 -0.00457469
  0.          0.        ]
2025-04-17 13:04:06,004 - DEBUG - After Noise(Next State): [ 0.06973341  1.2985377   0.35235482 -0.26531345 -0.04420713 -0.00457469
  0.          0.        ]
2025-04-17 13:04:06,021 - DEBUG - Before Noise(Next State): [ 0.06846285  1.2887053   0.3500813  -0.22519861 -0.04476168 -0.0110919
  0.          0.        ]
2025-04-17 13:04:06,021 - DEBUG - After Noise(Next State): [ 0.06734402  1.2875866   0.3500813  -0.22519861 -0.04476168 -0.0110919
  0.          0.        ]
2025-04-17 13:04:06,040 - DEBUG - Before Noise(Next State): [ 0.07195807  1.2830505   0.3500825  -0.25134343 -0.04531565 -0.01108051
  0.          0.        ]
2025-04-17 13:04:06,040 - DEBUG - After Noise(Next State): [ 0.03456167  1.2456541   0.3500825  -0.25134343 -0.04531565 -0.01108051
  0.          0.        ]
2025-04-17 13:04:06,060 - DEBUG - Before Noise(Next State): [ 0.07545328  1.2768075   0.35008425 -0.277474   -0.04586972 -0.01108229
  0.          0.        ]
2025-04-17 13:04:06,060 - DEBUG - After Noise(Next State): [ 0.10384092  1.3051952   0.35008425 -0.277474   -0.04586972 -0.01108229
  0.          0.        ]
2025-04-17 13:04:06,079 - DEBUG - Before Noise(Next State): [ 0.0789485   1.2699767   0.35008568 -0.30360886 -0.0464237  -0.01108068
  0.          0.        ]
2025-04-17 13:04:06,079 - DEBUG - After Noise(Next State): [ 0.06140184  1.2524301   0.35008568 -0.30360886 -0.0464237  -0.01108068
  0.          0.        ]
2025-04-17 13:04:06,098 - DEBUG - Before Noise(Next State): [ 0.08244304  1.2625365   0.35001925 -0.33069715 -0.04697773 -0.01108058
  0.          0.        ]
2025-04-17 13:04:06,098 - DEBUG - After Noise(Next State): [ 0.06961926  1.2497127   0.35001925 -0.33069715 -0.04697773 -0.01108058
  0.          0.        ]
2025-04-17 13:04:06,118 - DEBUG - Before Noise(Next State): [ 0.08587303  1.255524    0.34400874 -0.31169835 -0.04797712 -0.01998767
  0.          0.        ]
2025-04-17 13:04:06,118 - DEBUG - After Noise(Next State): [ 0.08523514  1.2548862   0.34400874 -0.31169835 -0.04797712 -0.01998767
  0.          0.        ]
2025-04-17 13:04:06,137 - DEBUG - Before Noise(Next State): [ 0.08951082  1.2492411   0.36400706 -0.27924827 -0.0482111  -0.00467984
  0.          0.        ]
2025-04-17 13:04:06,137 - DEBUG - After Noise(Next State): [ 0.09782256  1.2575529   0.36400706 -0.27924827 -0.0482111  -0.00467984
  0.          0.        ]
2025-04-17 13:04:06,156 - DEBUG - Before Noise(Next State): [ 0.09315433  1.2437341   0.36476797 -0.24476565 -0.04862038 -0.0081856
  0.          0.        ]
2025-04-17 13:04:06,156 - DEBUG - After Noise(Next State): [ 0.13092388  1.2815037   0.36476797 -0.24476565 -0.04862038 -0.0081856
  0.          0.        ]
2025-04-17 13:04:06,175 - DEBUG - Before Noise(Next State): [ 0.09687424  1.2376235   0.3743562  -0.27167284 -0.05096185 -0.04682941
  0.          0.        ]
2025-04-17 13:04:06,175 - DEBUG - After Noise(Next State): [ 0.11477942  1.2555287   0.3743562  -0.27167284 -0.05096185 -0.04682941
  0.          0.        ]
2025-04-17 13:04:06,195 - DEBUG - Before Noise(Next State): [ 0.10051117  1.2309277   0.36395288 -0.2975956  -0.05121855 -0.005134
  0.          0.        ]
2025-04-17 13:04:06,195 - DEBUG - After Noise(Next State): [ 0.10370725  1.2341238   0.36395288 -0.2975956  -0.05121855 -0.005134
  0.          0.        ]
2025-04-17 13:04:06,215 - DEBUG - Before Noise(Next State): [ 0.10414801  1.2236439   0.36395285 -0.32372898 -0.05147526 -0.00513404
  0.          0.        ]
2025-04-17 13:04:06,216 - DEBUG - After Noise(Next State): [ 0.08988348  1.2093794   0.36395285 -0.32372898 -0.05147526 -0.00513404
  0.          0.        ]
2025-04-17 13:04:06,235 - DEBUG - Before Noise(Next State): [ 0.10778494  1.2157723   0.36395285 -0.3498623  -0.05173196 -0.00513406
  0.          0.        ]
2025-04-17 13:04:06,235 - DEBUG - After Noise(Next State): [ 0.09325276  1.2012401   0.36395285 -0.3498623  -0.05173196 -0.00513406
  0.          0.        ]
2025-04-17 13:04:06,254 - DEBUG - Before Noise(Next State): [ 0.11142187  1.2073125   0.36395285 -0.37599567 -0.05198866 -0.00513403
  0.          0.        ]
2025-04-17 13:04:06,255 - DEBUG - After Noise(Next State): [ 0.08467501  1.1805656   0.36395285 -0.37599567 -0.05198866 -0.00513403
  0.          0.        ]
2025-04-17 13:04:06,274 - DEBUG - Before Noise(Next State): [ 0.1150588   1.198265    0.36395285 -0.40212902 -0.05224535 -0.00513405
  0.          0.        ]
2025-04-17 13:04:06,275 - DEBUG - After Noise(Next State): [ 0.1227033   1.2059095   0.36395285 -0.40212902 -0.05224535 -0.00513405
  0.          0.        ]
2025-04-17 13:04:06,293 - DEBUG - Before Noise(Next State): [ 0.1189024   1.1894158   0.38379076 -0.393274   -0.05167327  0.01144143
  0.          0.        ]
2025-04-17 13:04:06,294 - DEBUG - After Noise(Next State): [ 0.11872736  1.1892408   0.38379076 -0.393274   -0.05167327  0.01144143
  0.          0.        ]
2025-04-17 13:04:06,313 - DEBUG - Before Noise(Next State): [ 0.12284346  1.1799623   0.39601314 -0.42021957 -0.05356154 -0.03776546
  0.          0.        ]
2025-04-17 13:04:06,313 - DEBUG - After Noise(Next State): [ 0.13304113  1.1901599   0.39601314 -0.42021957 -0.05356154 -0.03776546
  0.          0.        ]
2025-04-17 13:04:06,332 - DEBUG - Before Noise(Next State): [ 0.12668896  1.1699178   0.38403612 -0.4464037  -0.05305574  0.01011579
  0.          0.        ]
2025-04-17 13:04:06,332 - DEBUG - After Noise(Next State): [ 0.11993184  1.1631607   0.38403612 -0.4464037  -0.05305574  0.01011579
  0.          0.        ]
2025-04-17 13:04:06,350 - DEBUG - Before Noise(Next State): [ 0.13062945  1.1592858   0.3959524  -0.47259971 -0.05493423 -0.0375697
  0.          0.        ]
2025-04-17 13:04:06,350 - DEBUG - After Noise(Next State): [ 0.0930751   1.1217314   0.3959524  -0.47259971 -0.05493423 -0.0375697
  0.          0.        ]
2025-04-17 13:04:06,370 - DEBUG - Before Noise(Next State): [ 0.134659    1.148065    0.40711603 -0.4988634  -0.0590477  -0.08226936
  0.          0.        ]
2025-04-17 13:04:06,370 - DEBUG - After Noise(Next State): [ 0.11142088  1.1248268   0.40711603 -0.4988634  -0.0590477  -0.08226936
  0.          0.        ]
2025-04-17 13:04:06,389 - DEBUG - Before Noise(Next State): [ 0.13876848  1.13625     0.4171483  -0.52536947 -0.06517509 -0.12254761
  0.          0.        ]
2025-04-17 13:04:06,389 - DEBUG - After Noise(Next State): [ 0.14018254  1.1376641   0.4171483  -0.52536947 -0.06517509 -0.12254761
  0.          0.        ]
2025-04-17 13:04:06,406 - DEBUG - Before Noise(Next State): [ 0.14294234  1.1238433   0.4252028  -0.5517723  -0.07291868 -0.15487188
  0.          0.        ]
2025-04-17 13:04:06,407 - DEBUG - After Noise(Next State): [ 0.11918947  1.1000904   0.4252028  -0.5517723  -0.07291868 -0.15487188
  0.          0.        ]
2025-04-17 13:04:06,427 - DEBUG - Before Noise(Next State): [ 0.14705391  1.1108593   0.41738206 -0.5773838  -0.07908575 -0.12334146
  0.          0.        ]
2025-04-17 13:04:06,427 - DEBUG - After Noise(Next State): [ 0.15113953  1.1149449   0.41738206 -0.5773838  -0.07908575 -0.12334146
  0.          0.        ]
2025-04-17 13:04:06,445 - DEBUG - Before Noise(Next State): [ 0.15122576  1.09729     0.4249367  -0.60350496 -0.08676058 -0.15349653
  0.          0.        ]
2025-04-17 13:04:06,446 - DEBUG - After Noise(Next State): [ 0.14219846  1.0882627   0.4249367  -0.60350496 -0.08676058 -0.15349653
  0.          0.        ]
2025-04-17 13:04:06,465 - DEBUG - Before Noise(Next State): [ 0.1553977   1.0831337   0.42493615 -0.6296432  -0.09443538 -0.15349601
  0.          0.        ]
2025-04-17 13:04:06,465 - DEBUG - After Noise(Next State): [ 0.16751574  1.0952518   0.42493615 -0.6296432  -0.09443538 -0.15349601
  0.          0.        ]
2025-04-17 13:04:06,484 - DEBUG - Before Noise(Next State): [ 0.15966979  1.0698217   0.43489203 -0.5921476  -0.10206537 -0.15259984
  0.          0.        ]
2025-04-17 13:04:06,484 - DEBUG - After Noise(Next State): [ 0.16246921  1.0726211   0.43489203 -0.5921476  -0.10206537 -0.15259984
  0.          0.        ]
2025-04-17 13:04:06,502 - DEBUG - Before Noise(Next State): [ 0.16394186  1.0559225   0.4348913  -0.61828583 -0.10969533 -0.15259919
  0.          0.        ]
2025-04-17 13:04:06,503 - DEBUG - After Noise(Next State): [ 0.19797748  1.0899581   0.4348913  -0.61828583 -0.10969533 -0.15259919
  0.          0.        ]
2025-04-17 13:04:06,522 - DEBUG - Before Noise(Next State): [ 0.16834822  1.0425622   0.44808716 -0.5943544  -0.11708723 -0.14783806
  0.          0.        ]
2025-04-17 13:04:06,522 - DEBUG - After Noise(Next State): [ 0.14994949  1.0241635   0.44808716 -0.5943544  -0.11708723 -0.14783806
  0.          0.        ]
2025-04-17 13:04:06,541 - DEBUG - Before Noise(Next State): [ 0.17267752  1.0286245   0.43838996 -0.61989146 -0.12252408 -0.10873699
  0.          0.        ]
2025-04-17 13:04:06,541 - DEBUG - After Noise(Next State): [ 0.14490731  1.0008544   0.43838996 -0.61989146 -0.12252408 -0.10873699
  0.          0.        ]
2025-04-17 13:04:06,560 - DEBUG - Before Noise(Next State): [ 0.1769433   1.0141196   0.43039528 -0.64498544 -0.12632376 -0.07599348
  0.          0.        ]
2025-04-17 13:04:06,560 - DEBUG - After Noise(Next State): [ 0.15472266  0.991899    0.43039528 -0.64498544 -0.12632376 -0.07599348
  0.          0.        ]
2025-04-17 13:04:06,580 - DEBUG - Before Noise(Next State): [ 0.18129425  0.9990163   0.44108477 -0.6717811  -0.13227853 -0.11909571
  0.          0.        ]
2025-04-17 13:04:06,580 - DEBUG - After Noise(Next State): [ 0.16489229  0.98261434  0.44108477 -0.6717811  -0.13227853 -0.11909571
  0.          0.        ]
2025-04-17 13:04:06,600 - DEBUG - Before Noise(Next State): [ 0.1856453   0.9833253   0.44108424 -0.6979175  -0.1382333  -0.11909541
  0.          0.        ]
2025-04-17 13:04:06,600 - DEBUG - After Noise(Next State): [ 0.17884707  0.9765271   0.44108424 -0.6979175  -0.1382333  -0.11909541
  0.          0.        ]
2025-04-17 13:04:06,619 - DEBUG - Before Noise(Next State): [ 0.19020596  0.9681755   0.46155223 -0.673846   -0.14370738 -0.10948144
  0.          0.        ]
2025-04-17 13:04:06,620 - DEBUG - After Noise(Next State): [ 0.22296056  1.0009301   0.46155223 -0.673846   -0.14370738 -0.10948144
  0.          0.        ]
2025-04-17 13:04:06,641 - DEBUG - Before Noise(Next State): [ 0.19476652  0.952438    0.46155173 -0.6999818  -0.14918144 -0.10948122
  0.          0.        ]
2025-04-17 13:04:06,642 - DEBUG - After Noise(Next State): [ 0.18581091  0.9434824   0.46155173 -0.6999818  -0.14918144 -0.10948122
  0.          0.        ]
2025-04-17 13:04:06,661 - DEBUG - Before Noise(Next State): [ 0.19924259  0.93612784  0.45092717 -0.7252328  -0.15250185 -0.06640832
  0.          0.        ]
2025-04-17 13:04:06,662 - DEBUG - After Noise(Next State): [ 0.21992333  0.95680857  0.45092717 -0.7252328  -0.15250185 -0.06640832
  0.          0.        ]
2025-04-17 13:04:06,680 - DEBUG - Before Noise(Next State): [ 0.20378065  0.9192068   0.4587428  -0.7525646  -0.15743819 -0.09872715
  0.          0.        ]
2025-04-17 13:04:06,680 - DEBUG - After Noise(Next State): [ 0.24896021  0.96438634  0.4587428  -0.7525646  -0.15743819 -0.09872715
  0.          0.        ]
2025-04-17 13:04:06,700 - DEBUG - Before Noise(Next State): [ 0.2083849   0.9016777   0.4670685  -0.77978617 -0.16408578 -0.13295147
  0.          0.        ]
2025-04-17 13:04:06,700 - DEBUG - After Noise(Next State): [ 0.20671614  0.900009    0.4670685  -0.77978617 -0.16408578 -0.13295147
  0.          0.        ]
2025-04-17 13:04:06,717 - DEBUG - Before Noise(Next State): [ 0.21290235  0.88357747  0.45618123 -0.8049489  -0.1685224  -0.08873251
  0.          0.        ]
2025-04-17 13:04:06,718 - DEBUG - After Noise(Next State): [ 0.22165418  0.8923293   0.45618123 -0.8049489  -0.1685224  -0.08873251
  0.          0.        ]
2025-04-17 13:04:06,737 - DEBUG - Before Noise(Next State): [ 0.2175847   0.8659597   0.47246474 -0.78349596 -0.17276059 -0.08476382
  0.          0.        ]
2025-04-17 13:04:06,738 - DEBUG - After Noise(Next State): [ 0.18116955  0.82954454  0.47246474 -0.78349596 -0.17276059 -0.08476382
  0.          0.        ]
2025-04-17 13:04:06,757 - DEBUG - Before Noise(Next State): [ 0.22233018  0.84773785  0.48039192 -0.8105527  -0.17862265 -0.1172411
  0.          0.        ]
2025-04-17 13:04:06,757 - DEBUG - After Noise(Next State): [ 0.22427362  0.84968126  0.48039192 -0.8105527  -0.17862265 -0.1172411
  0.          0.        ]
2025-04-17 13:04:06,776 - DEBUG - Before Noise(Next State): [ 0.22701177  0.8289484   0.47234136 -0.8355983  -0.182825   -0.08404671
  0.          0.        ]
2025-04-17 13:04:06,776 - DEBUG - After Noise(Next State): [ 0.2369817   0.8389183   0.47234136 -0.8355983  -0.182825   -0.08404671
  0.          0.        ]
2025-04-17 13:04:06,795 - DEBUG - Before Noise(Next State): [ 0.23175564  0.8095524   0.48018828 -0.86277306 -0.18864416 -0.11638315
  0.          0.        ]
2025-04-17 13:04:06,796 - DEBUG - After Noise(Next State): [ 0.24911281  0.82690954  0.48018828 -0.86277306 -0.18864416 -0.11638315
  0.          0.        ]
2025-04-17 13:04:06,814 - DEBUG - Before Noise(Next State): [ 0.23643962  0.7895943   0.47260365 -0.88757133 -0.1928765  -0.08464701
  0.          0.        ]
2025-04-17 13:04:06,815 - DEBUG - After Noise(Next State): [ 0.25114504  0.8042997   0.47260365 -0.88757133 -0.1928765  -0.08464701
  0.          0.        ]
2025-04-17 13:04:06,833 - DEBUG - Before Noise(Next State): [ 0.24139814  0.7699596   0.49935517 -0.8731088  -0.19640073 -0.07048459
  0.          0.        ]
2025-04-17 13:04:06,833 - DEBUG - After Noise(Next State): [ 0.23359504  0.76215655  0.49935517 -0.8731088  -0.19640073 -0.07048459
  0.          0.        ]
2025-04-17 13:04:06,852 - DEBUG - Before Noise(Next State): [ 0.24635668  0.7497372   0.49935493 -0.89924324 -0.19992498 -0.07048455
  0.          0.        ]
2025-04-17 13:04:06,853 - DEBUG - After Noise(Next State): [ 0.23213993  0.7355205   0.49935493 -0.89924324 -0.19992498 -0.07048455
  0.          0.        ]
2025-04-17 13:04:06,870 - DEBUG - Before Noise(Next State): [ 0.25137386  0.7289087   0.5067356  -0.9263939  -0.20497417 -0.10098405
  0.          0.        ]
2025-04-17 13:04:06,870 - DEBUG - After Noise(Next State): [ 0.2575658   0.7351007   0.5067356  -0.9263939  -0.20497417 -0.10098405
  0.          0.        ]
2025-04-17 13:04:06,890 - DEBUG - Before Noise(Next State): [ 0.25645104  0.70746905  0.5142926  -0.95379966 -0.21160297 -0.13257624
  0.          0.        ]
2025-04-17 13:04:06,891 - DEBUG - After Noise(Next State): [ 0.24811459  0.6991326   0.5142926  -0.95379966 -0.21160297 -0.13257624
  0.          0.        ]
2025-04-17 13:04:06,910 - DEBUG - Before Noise(Next State): [ 0.2615283   0.6854419   0.5142914  -0.97993666 -0.21823177 -0.1325759
  0.          0.        ]
2025-04-17 13:04:06,910 - DEBUG - After Noise(Next State): [ 0.2717852   0.6956988   0.5142914  -0.97993666 -0.21823177 -0.1325759
  0.          0.        ]
2025-04-17 13:04:06,929 - DEBUG - Before Noise(Next State): [ 0.26660568  0.6628274   0.5142902  -1.0060736  -0.22486053 -0.13257536
  0.          0.        ]
2025-04-17 13:04:06,930 - DEBUG - After Noise(Next State): [ 0.2576071   0.6538288   0.5142902  -1.0060736  -0.22486053 -0.13257536
  0.          0.        ]
2025-04-17 13:04:06,948 - DEBUG - Before Noise(Next State): [ 0.27177936  0.6395969   0.5263802  -1.03387    -0.2339895  -0.18257943
  0.          0.        ]
2025-04-17 13:04:06,949 - DEBUG - After Noise(Next State): [ 0.25931546  0.627133    0.5263802  -1.03387    -0.2339895  -0.18257943
  0.          0.        ]
2025-04-17 13:04:06,967 - DEBUG - Before Noise(Next State): [ 0.27714673  0.6172946   0.5459336  -0.992701   -0.24333073 -0.18682502
  0.          0.        ]
2025-04-17 13:04:06,967 - DEBUG - After Noise(Next State): [ 0.26278397  0.60293186  0.5459336  -0.992701   -0.24333073 -0.18682502
  0.          0.        ]
2025-04-17 13:04:06,987 - DEBUG - Before Noise(Next State): [ 0.28251418  0.5944054   0.54593104 -1.0188415  -0.25267193 -0.1868239
  0.          0.        ]
2025-04-17 13:04:06,987 - DEBUG - After Noise(Next State): [ 0.32263142  0.6345226   0.54593104 -1.0188415  -0.25267193 -0.1868239
  0.          0.        ]
2025-04-17 13:04:07,006 - DEBUG - Before Noise(Next State): [ 0.28803977  0.5724441   0.56216466 -0.9777456  -0.26247314 -0.19602492
  0.          0.        ]
2025-04-17 13:04:07,006 - DEBUG - After Noise(Next State): [ 0.30590025  0.59030455  0.56216466 -0.9777456  -0.26247314 -0.19602492
  0.          0.        ]
2025-04-17 13:04:07,024 - DEBUG - Before Noise(Next State): [ 0.29356566  0.54989594  0.56216156 -1.0038867  -0.27227432 -0.19602363
  0.          0.        ]
2025-04-17 13:04:07,024 - DEBUG - After Noise(Next State): [ 0.29054764  0.5468779   0.56216156 -1.0038867  -0.27227432 -0.19602363
  0.          0.        ]
2025-04-17 13:04:07,043 - DEBUG - Before Noise(Next State): [ 0.29909173  0.526761    0.5621584  -1.0300279  -0.2820754  -0.19602208
  0.          0.        ]
2025-04-17 13:04:07,044 - DEBUG - After Noise(Next State): [ 0.2948857   0.52255493  0.5621584  -1.0300279  -0.2820754  -0.19602208
  0.          0.        ]
2025-04-17 13:04:07,063 - DEBUG - Before Noise(Next State): [ 0.30461806  0.50303924  0.56215507 -1.0561689  -0.29187644 -0.1960207
  0.          0.        ]
2025-04-17 13:04:07,063 - DEBUG - After Noise(Next State): [ 0.34097844  0.5393996   0.56215507 -1.0561689  -0.29187644 -0.1960207
  0.          0.        ]
2025-04-17 13:04:07,083 - DEBUG - Before Noise(Next State): [ 0.3102274   0.4786822   0.57265604 -1.084932   -0.30397737 -0.24201915
  0.          0.        ]
2025-04-17 13:04:07,083 - DEBUG - After Noise(Next State): [ 0.32896683  0.49742162  0.57265604 -1.084932   -0.30397737 -0.24201915
  0.          0.        ]
2025-04-17 13:04:07,103 - DEBUG - Before Noise(Next State): [ 0.3158372   0.45373893  0.5726506  -1.1110768  -0.31607825 -0.24201675
  0.          0.        ]
2025-04-17 13:04:07,103 - DEBUG - After Noise(Next State): [ 0.32129815  0.45919988  0.5726506  -1.1110768  -0.31607825 -0.24201675
  0.          0.        ]
2025-04-17 13:04:07,122 - DEBUG - Before Noise(Next State): [ 0.32158822  0.42950943  0.5873336  -1.079584   -0.32880527 -0.25454038
  0.          0.        ]
2025-04-17 13:04:07,122 - DEBUG - After Noise(Next State): [ 0.27982888  0.3877501   0.5873336  -1.079584   -0.32880527 -0.25454038
  0.          0.        ]
2025-04-17 13:04:07,141 - DEBUG - Before Noise(Next State): [ 0.32741404  0.40464443  0.59678733 -1.1084157  -0.34365317 -0.2969579
  0.          0.        ]
2025-04-17 13:04:07,141 - DEBUG - After Noise(Next State): [ 0.35530186  0.43253225  0.59678733 -1.1084157  -0.34365317 -0.2969579
  0.          0.        ]
2025-04-17 13:04:07,159 - DEBUG - Before Noise(Next State): [ 0.33364877  0.38015535  0.6368615  -1.0916629  -0.35772115 -0.28135937
  0.          0.        ]
2025-04-17 13:04:07,160 - DEBUG - After Noise(Next State): [ 0.33768305  0.38418964  0.6368615  -1.0916629  -0.35772115 -0.28135937
  0.          0.        ]
2025-04-17 13:04:07,196 - DEBUG - Before Noise(Next State): [ 0.3398159   0.35511926  0.62821877 -1.1156335  -0.36988112 -0.24319956
  0.          0.        ]
2025-04-17 13:04:07,196 - DEBUG - After Noise(Next State): [ 0.37204728  0.38735062  0.62821877 -1.1156335  -0.36988112 -0.24319956
  0.          0.        ]
2025-04-17 13:04:07,214 - DEBUG - Before Noise(Next State): [ 0.34592074  0.3295445   0.62021697 -1.1392068  -0.38019654 -0.2063086
  0.          0.        ]
2025-04-17 13:04:07,214 - DEBUG - After Noise(Next State): [ 0.34203535  0.32565913  0.62021697 -1.1392068  -0.38019654 -0.2063086
  0.          0.        ]
2025-04-17 13:04:07,233 - DEBUG - Before Noise(Next State): [ 0.3523716   0.3047845   0.6548783  -1.1030908  -0.39063105 -0.20869005
  0.          0.        ]
2025-04-17 13:04:07,233 - DEBUG - After Noise(Next State): [ 0.35248     0.3048929   0.6548783  -1.1030908  -0.39063105 -0.20869005
  0.          0.        ]
2025-04-17 13:04:07,253 - DEBUG - Before Noise(Next State): [ 0.35882282  0.27943784  0.65487313 -1.1292328  -0.40106547 -0.2086885
  0.          0.        ]
2025-04-17 13:04:07,253 - DEBUG - After Noise(Next State): [ 0.37542155  0.29603657  0.65487313 -1.1292328  -0.40106547 -0.2086885
  0.          0.        ]
2025-04-17 13:04:07,270 - DEBUG - Before Noise(Next State): [ 0.36579657  0.25486186  0.70655274 -1.0948876  -0.41090897 -0.19686982
  0.          0.        ]
2025-04-17 13:04:07,271 - DEBUG - After Noise(Next State): [ 0.3657417   0.254807    0.70655274 -1.0948876  -0.41090897 -0.19686982
  0.          0.        ]
2025-04-17 13:04:07,290 - DEBUG - Before Noise(Next State): [ 0.37298137  0.23046571  0.7276663  -1.0869685  -0.42080292 -0.19787894
  0.          0.        ]
2025-04-17 13:04:07,291 - DEBUG - After Noise(Next State): [ 0.3684279   0.22591223  0.7276663  -1.0869685  -0.42080292 -0.19787894
  0.          0.        ]
2025-04-17 13:04:07,310 - DEBUG - Before Noise(Next State): [ 0.38016662  0.20548275  0.7276614  -1.1131094  -0.4306968  -0.19787738
  0.          0.        ]
2025-04-17 13:04:07,310 - DEBUG - After Noise(Next State): [ 0.37712714  0.20244327  0.7276614  -1.1131094  -0.4306968  -0.19787738
  0.          0.        ]
2025-04-17 13:04:07,328 - DEBUG - Before Noise(Next State): [ 0.3877364   0.18123938  0.7661501  -1.080325   -0.44068345 -0.19973351
  0.          0.        ]
2025-04-17 13:04:07,329 - DEBUG - After Noise(Next State): [ 0.3659093   0.15941226  0.7661501  -1.080325   -0.44068345 -0.19973351
  0.          0.        ]
2025-04-17 13:04:07,348 - DEBUG - Before Noise(Next State): [ 0.39522973  0.15645434  0.7564749  -1.1038246  -0.44849312 -0.15619363
  0.          0.        ]
2025-04-17 13:04:07,348 - DEBUG - After Noise(Next State): [ 0.4116608   0.1728854   0.7564749  -1.1038246  -0.44849312 -0.15619363
  0.          0.        ]
2025-04-17 13:04:07,366 - DEBUG - Before Noise(Next State): [ 0.40272322  0.131082    0.75647163 -1.1299626  -0.45630276 -0.15619296
  0.          0.        ]
2025-04-17 13:04:07,367 - DEBUG - After Noise(Next State): [ 0.4179586   0.14631736  0.75647163 -1.1299626  -0.45630276 -0.15619296
  0.          0.        ]
2025-04-17 13:04:07,386 - DEBUG - Before Noise(Next State): [ 0.41030216  0.10506686  0.7672101  -1.1593162  -0.46657854 -0.20551538
  0.          0.        ]
2025-04-17 13:04:07,386 - DEBUG - After Noise(Next State): [ 0.42564481  0.1204095   0.7672101  -1.1593162  -0.46657854 -0.20551538
  0.          0.        ]
2025-04-17 13:04:07,406 - DEBUG - Before Noise(Next State): [ 0.41794023  0.07842523  0.77462023 -1.1877538  -0.47857076 -0.23984428
  0.          0.        ]
2025-04-17 13:04:07,406 - DEBUG - After Noise(Next State): [ 0.43529254  0.09577755  0.77462023 -1.1877538  -0.47857076 -0.23984428
  0.          0.        ]
2025-04-17 13:04:07,424 - DEBUG - Before Noise(Next State): [ 0.42581242  0.05184504  0.7979387  -1.1850967  -0.49052322 -0.23904905
  1.          0.        ]
2025-04-17 13:04:07,425 - DEBUG - After Noise(Next State): [ 0.4129491   0.0389817   0.7979387  -1.1850967  -0.49052322 -0.23904905
  1.          0.        ]
2025-04-17 13:04:07,443 - DEBUG - Before Noise(Next State): [ 0.4338339   0.02572032  0.813976   -1.1697464  -0.4978297  -0.12832221
  1.          0.        ]
2025-04-17 13:04:07,444 - DEBUG - After Noise(Next State): [ 0.4401546   0.03204103  0.813976   -1.1697464  -0.4978297  -0.12832221
  1.          0.        ]
2025-04-17 13:04:07,464 - DEBUG - Before Noise(Next State): [ 0.4439644   0.00489822  0.97824526 -0.77483666 -0.40755126  2.8920937
  1.          0.        ]
2025-04-17 13:04:07,464 - DEBUG - After Noise(Next State): [ 0.4192661  -0.01980007  0.97824526 -0.77483666 -0.40755126  2.8920937
  1.          0.        ]
2025-04-17 13:04:07,465 - DEBUG - Episode 16 received a Reward = -162.1067514673747 
2025-04-17 13:04:07,503 - DEBUG - Before Noise(Current State): [-0.00180941  1.417504   -0.18329056  0.29260957  0.00210345  0.04151811
  0.          0.        ]
2025-04-17 13:04:07,503 - DEBUG - After Noise(Current State): [ 0.0044401   1.4237535  -0.18329056  0.29260957  0.00210345  0.04151811
  0.          0.        ]
2025-04-17 13:04:07,523 - DEBUG - Before Noise(Next State): [-0.003619    1.4235215  -0.1830424   0.2674423   0.0041551   0.04103756
  0.          0.        ]
2025-04-17 13:04:07,523 - DEBUG - After Noise(Next State): [-0.00502428  1.4221163  -0.1830424   0.2674423   0.0041551   0.04103756
  0.          0.        ]
2025-04-17 13:04:07,541 - DEBUG - Before Noise(Next State): [-0.00535212  1.4289509  -0.17344406  0.24130575  0.00427936  0.00248588
  0.          0.        ]
2025-04-17 13:04:07,541 - DEBUG - After Noise(Next State): [-0.02868417  1.4056189  -0.17344406  0.24130575  0.00427936  0.00248588
  0.          0.        ]
2025-04-17 13:04:07,560 - DEBUG - Before Noise(Next State): [-0.00708532  1.4337922  -0.17344393  0.21516797  0.00440456  0.00250402
  0.          0.        ]
2025-04-17 13:04:07,561 - DEBUG - After Noise(Next State): [-0.01515938  1.4257182  -0.17344393  0.21516797  0.00440456  0.00250402
  0.          0.        ]
2025-04-17 13:04:07,580 - DEBUG - Before Noise(Next State): [-0.00874147  1.438046   -0.16377862  0.18906058  0.00259105 -0.03627312
  0.          0.        ]
2025-04-17 13:04:07,580 - DEBUG - After Noise(Next State): [-0.03359275  1.4131947  -0.16377862  0.18906058  0.00259105 -0.03627312
  0.          0.        ]
2025-04-17 13:04:07,598 - DEBUG - Before Noise(Next State): [-0.01030273  1.4417009  -0.15188831  0.16244213 -0.00160378 -0.08390515
  0.          0.        ]
2025-04-17 13:04:07,598 - DEBUG - After Noise(Next State): [-0.04312357  1.4088801  -0.15188831  0.16244213 -0.00160378 -0.08390515
  0.          0.        ]
2025-04-17 13:04:07,618 - DEBUG - Before Noise(Next State): [-0.0118639   1.4447681  -0.15187566  0.13630615 -0.00579739 -0.08387959
  0.          0.        ]
2025-04-17 13:04:07,618 - DEBUG - After Noise(Next State): [-0.03569224  1.4209397  -0.15187566  0.13630615 -0.00579739 -0.08387959
  0.          0.        ]
2025-04-17 13:04:07,635 - DEBUG - Before Noise(Next State): [-0.01340847  1.4483879  -0.15028247  0.16085824 -0.00993392 -0.08273833
  0.          0.        ]
2025-04-17 13:04:07,636 - DEBUG - After Noise(Next State): [-0.01798948  1.4438069  -0.15028247  0.16085824 -0.00993392 -0.08273833
  0.          0.        ]
2025-04-17 13:04:07,655 - DEBUG - Before Noise(Next State): [-0.01503687  1.4514185  -0.16077943  0.1346818  -0.01196322 -0.04058958
  0.          0.        ]
2025-04-17 13:04:07,655 - DEBUG - After Noise(Next State): [-0.00795334  1.458502   -0.16077943  0.1346818  -0.01196322 -0.04058958
  0.          0.        ]
2025-04-17 13:04:07,673 - DEBUG - Before Noise(Next State): [-0.0165884   1.4538481  -0.15114653  0.10794077 -0.01592568 -0.07925658
  0.          0.        ]
2025-04-17 13:04:07,674 - DEBUG - After Noise(Next State): [ 0.01959952  1.490036   -0.15114653  0.10794077 -0.01592568 -0.07925658
  0.          0.        ]
2025-04-17 13:04:07,692 - DEBUG - Before Noise(Next State): [-0.01805191  1.4556776  -0.14010426  0.08122943 -0.02210055 -0.12350865
  0.          0.        ]
2025-04-17 13:04:07,692 - DEBUG - After Noise(Next State): [-0.0211647   1.4525648  -0.14010426  0.08122943 -0.02210055 -0.12350865
  0.          0.        ]
2025-04-17 13:04:07,712 - DEBUG - Before Noise(Next State): [-0.01945191  1.4569247  -0.13216291  0.0552968  -0.02985987 -0.15520078
  0.          0.        ]
2025-04-17 13:04:07,713 - DEBUG - After Noise(Next State): [-0.00443396  1.4719427  -0.13216291  0.0552968  -0.02985987 -0.15520078
  0.          0.        ]
2025-04-17 13:04:07,731 - DEBUG - Before Noise(Next State): [-0.020755    1.4575825  -0.11999867  0.02899563 -0.04005213 -0.20386417
  0.          0.        ]
2025-04-17 13:04:07,732 - DEBUG - After Noise(Next State): [ 0.01099376  1.4893312  -0.11999867  0.02899563 -0.04005213 -0.20386417
  0.          0.        ]
2025-04-17 13:04:07,750 - DEBUG - Before Noise(Next State): [-0.02205792  1.4590888  -0.11981788  0.06663515 -0.05042465 -0.20746966
  0.          0.        ]
2025-04-17 13:04:07,750 - DEBUG - After Noise(Next State): [-0.02481683  1.45633    -0.11981788  0.06663515 -0.05042465 -0.20746966
  0.          0.        ]
2025-04-17 13:04:07,770 - DEBUG - Before Noise(Next State): [-0.02345495  1.4600078  -0.13162121  0.04055742 -0.05842614 -0.16004395
  0.          0.        ]
2025-04-17 13:04:07,770 - DEBUG - After Noise(Next State): [-0.02912943  1.4543333  -0.13162121  0.04055742 -0.05842614 -0.16004395
  0.          0.        ]
2025-04-17 13:04:07,788 - DEBUG - Before Noise(Next State): [-0.02494707  1.4603492  -0.14356431  0.01494517 -0.0640221  -0.11192944
  0.          0.        ]
2025-04-17 13:04:07,788 - DEBUG - After Noise(Next State): [-0.01280935  1.472487   -0.14356431  0.01494517 -0.0640221  -0.11192944
  0.          0.        ]
2025-04-17 13:04:07,808 - DEBUG - Before Noise(Next State): [-0.026439    1.460103   -0.14354876 -0.01119309 -0.06961773 -0.11192267
  0.          0.        ]
2025-04-17 13:04:07,809 - DEBUG - After Noise(Next State): [-0.01596699  1.4705751  -0.14354876 -0.01119309 -0.06961773 -0.11192267
  0.          0.        ]
2025-04-17 13:04:07,827 - DEBUG - Before Noise(Next State): [-0.02772226  1.4605758  -0.12337351  0.02076792 -0.07452079 -0.09807043
  0.          0.        ]
2025-04-17 13:04:07,827 - DEBUG - After Noise(Next State): [-0.01929093  1.4690071  -0.12337351  0.02076792 -0.07452079 -0.09807043
  0.          0.        ]
2025-04-17 13:04:07,845 - DEBUG - Before Noise(Next State): [-0.029074    1.460473   -0.13198927 -0.00473192 -0.07768139 -0.06321766
  0.          0.        ]
2025-04-17 13:04:07,846 - DEBUG - After Noise(Next State): [-0.006915    1.4826319  -0.13198927 -0.00473192 -0.07768139 -0.06321766
  0.          0.        ]
2025-04-17 13:04:07,865 - DEBUG - Before Noise(Next State): [-0.03042555  1.4597825  -0.13198039 -0.03086348 -0.08084197 -0.0632172
  0.          0.        ]
2025-04-17 13:04:07,866 - DEBUG - After Noise(Next State): [-0.03577549  1.4544325  -0.13198039 -0.03086348 -0.08084197 -0.0632172
  0.          0.        ]
2025-04-17 13:04:07,884 - DEBUG - Before Noise(Next State): [-0.03169642  1.4585018  -0.12186339 -0.05720474 -0.08602644 -0.10369854
  0.          0.        ]
2025-04-17 13:04:07,885 - DEBUG - After Noise(Next State): [-0.02373055  1.4664677  -0.12186339 -0.05720474 -0.08602644 -0.10369854
  0.          0.        ]
2025-04-17 13:04:07,910 - DEBUG - Before Noise(Next State): [-0.03304987  1.4566393  -0.13222681 -0.08295895 -0.08912539 -0.06198467
  0.          0.        ]
2025-04-17 13:04:07,910 - DEBUG - After Noise(Next State): [-0.023517    1.4661722  -0.13222681 -0.08295895 -0.08912539 -0.06198467
  0.          0.        ]
2025-04-17 13:04:07,930 - DEBUG - Before Noise(Next State): [-0.03446836  1.4542058  -0.1403996  -0.1082505  -0.09056444 -0.02878321
  0.          0.        ]
2025-04-17 13:04:07,931 - DEBUG - After Noise(Next State): [-0.04189001  1.4467841  -0.1403996  -0.1082505  -0.09056444 -0.02878321
  0.          0.        ]
2025-04-17 13:04:07,949 - DEBUG - Before Noise(Next State): [-0.0359088   1.451951   -0.14226463 -0.10032067 -0.09231945 -0.03510352
  0.          0.        ]
2025-04-17 13:04:07,949 - DEBUG - After Noise(Next State): [ 0.0154625   1.5033224  -0.14226463 -0.10032067 -0.09231945 -0.03510352
  0.          0.        ]
2025-04-17 13:04:07,967 - DEBUG - Before Noise(Next State): [-0.037432    1.4491248  -0.1526716  -0.12558392 -0.09196637  0.0070621
  0.          0.        ]
2025-04-17 13:04:07,968 - DEBUG - After Noise(Next State): [ 0.01796512  1.504522   -0.1526716  -0.12558392 -0.09196637  0.0070621
  0.          0.        ]
2025-04-17 13:04:07,986 - DEBUG - Before Noise(Next State): [-0.03895645  1.4456893  -0.15280357 -0.15266636 -0.09161387  0.00705009
  0.          0.        ]
2025-04-17 13:04:07,986 - DEBUG - After Noise(Next State): [-0.01124817  1.4733976  -0.15280357 -0.15266636 -0.09161387  0.00705009
  0.          0.        ]
2025-04-17 13:04:08,004 - DEBUG - Before Noise(Next State): [-0.04048099  1.4416659  -0.15280357 -0.17879969 -0.09126136  0.00705007
  0.          0.        ]
2025-04-17 13:04:08,005 - DEBUG - After Noise(Next State): [-0.04272007  1.4394268  -0.15280357 -0.17879969 -0.09126136  0.00705007
  0.          0.        ]
2025-04-17 13:04:08,024 - DEBUG - Before Noise(Next State): [-0.04208727  1.4370642  -0.16307208 -0.20437124 -0.08884164  0.0483943
  0.          0.        ]
2025-04-17 13:04:08,024 - DEBUG - After Noise(Next State): [-0.03899027  1.4401611  -0.16307208 -0.20437124 -0.08884164  0.0483943
  0.          0.        ]
2025-04-17 13:04:08,044 - DEBUG - Before Noise(Next State): [-0.04360371  1.4318585  -0.15178427 -0.2313493  -0.08870192  0.00279434
  0.          0.        ]
2025-04-17 13:04:08,044 - DEBUG - After Noise(Next State): [-0.0253115   1.4501507  -0.15178427 -0.2313493  -0.08870192  0.00279434
  0.          0.        ]
2025-04-17 13:04:08,061 - DEBUG - Before Noise(Next State): [-0.04503155  1.4260635  -0.1406881  -0.2576838  -0.09078231 -0.04160766
  0.          0.        ]
2025-04-17 13:04:08,062 - DEBUG - After Noise(Next State): [-0.03825761  1.4328375  -0.1406881  -0.2576838  -0.09078231 -0.04160766
  0.          0.        ]
2025-04-17 13:04:08,082 - DEBUG - Before Noise(Next State): [-0.04645939  1.4196805  -0.14068815 -0.28381747 -0.09286268 -0.04160759
  0.          0.        ]
2025-04-17 13:04:08,082 - DEBUG - After Noise(Next State): [-0.06406292  1.402077   -0.14068815 -0.28381747 -0.09286268 -0.04160759
  0.          0.        ]
2025-04-17 13:04:08,101 - DEBUG - Before Noise(Next State): [-0.04795742  1.4127293  -0.14950971 -0.30896676 -0.09314946 -0.00573542
  0.          0.        ]
2025-04-17 13:04:08,102 - DEBUG - After Noise(Next State): [-0.04647095  1.4142157  -0.14950971 -0.30896676 -0.09314946 -0.00573542
  0.          0.        ]
2025-04-17 13:04:08,121 - DEBUG - Before Noise(Next State): [-0.04939222  1.4051691  -0.14155702 -0.3361285  -0.09505823 -0.03817508
  0.          0.        ]
2025-04-17 13:04:08,122 - DEBUG - After Noise(Next State): [-0.02772463  1.4268367  -0.14155702 -0.3361285  -0.09505823 -0.03817508
  0.          0.        ]
2025-04-17 13:04:08,141 - DEBUG - Before Noise(Next State): [-0.05063257  1.3985659  -0.12255664 -0.29357073 -0.09652389 -0.02931297
  0.          0.        ]
2025-04-17 13:04:08,142 - DEBUG - After Noise(Next State): [-0.02879968  1.4203988  -0.12255664 -0.29357073 -0.09652389 -0.02931297
  0.          0.        ]
2025-04-17 13:04:08,160 - DEBUG - Before Noise(Next State): [-0.05187292  1.3913747  -0.12255667 -0.31970435 -0.09798952 -0.02931296
  0.          0.        ]
2025-04-17 13:04:08,160 - DEBUG - After Noise(Next State): [-0.05066352  1.3925841  -0.12255667 -0.31970435 -0.09798952 -0.02931296
  0.          0.        ]
2025-04-17 13:04:08,179 - DEBUG - Before Noise(Next State): [-0.05320587  1.3836098  -0.13419427 -0.34505275 -0.09710672  0.01765616
  0.          0.        ]
2025-04-17 13:04:08,180 - DEBUG - After Noise(Next State): [-0.05969658  1.3771191  -0.13419427 -0.34505275 -0.09710672  0.01765616
  0.          0.        ]
2025-04-17 13:04:08,198 - DEBUG - Before Noise(Next State): [-0.05453892  1.3752567  -0.13419427 -0.37118617 -0.09622391  0.01765621
  0.          0.        ]
2025-04-17 13:04:08,199 - DEBUG - After Noise(Next State): [-0.01686953  1.4129261  -0.13419427 -0.37118617 -0.09622391  0.01765621
  0.          0.        ]
2025-04-17 13:04:08,216 - DEBUG - Before Noise(Next State): [-0.05594206  1.3676872  -0.14046474 -0.33641046 -0.09607031  0.00307224
  0.          0.        ]
2025-04-17 13:04:08,216 - DEBUG - After Noise(Next State): [-0.01635526  1.407274   -0.14046474 -0.33641046 -0.09607031  0.00307224
  0.          0.        ]
2025-04-17 13:04:08,236 - DEBUG - Before Noise(Next State): [-0.0573451   1.3595297  -0.14046474 -0.36254376 -0.09591671  0.00307222
  0.          0.        ]
2025-04-17 13:04:08,236 - DEBUG - After Noise(Next State): [-0.01910772  1.3977671  -0.14046474 -0.36254376 -0.09591671  0.00307222
  0.          0.        ]
2025-04-17 13:04:08,255 - DEBUG - Before Noise(Next State): [-0.0586523   1.3507824  -0.12843883 -0.38891873 -0.09816904 -0.04504684
  0.          0.        ]
2025-04-17 13:04:08,255 - DEBUG - After Noise(Next State): [-0.08553594  1.3238988  -0.12843883 -0.38891873 -0.09816904 -0.04504684
  0.          0.        ]
2025-04-17 13:04:08,274 - DEBUG - Before Noise(Next State): [-0.05995941  1.3414471  -0.12843889 -0.41505247 -0.10042138 -0.04504685
  0.          0.        ]
2025-04-17 13:04:08,275 - DEBUG - After Noise(Next State): [-0.06608655  1.33532    -0.12843889 -0.41505247 -0.10042138 -0.04504685
  0.          0.        ]
2025-04-17 13:04:08,294 - DEBUG - Before Noise(Next State): [-0.0612051   1.3315213  -0.12075664 -0.44141343 -0.10421304 -0.07583292
  0.          0.        ]
2025-04-17 13:04:08,295 - DEBUG - After Noise(Next State): [-0.08954572  1.3031807  -0.12075664 -0.44141343 -0.10421304 -0.07583292
  0.          0.        ]
2025-04-17 13:04:08,314 - DEBUG - Before Noise(Next State): [-0.06237374  1.3210022  -0.11107989 -0.46792608 -0.10994693 -0.11467777
  0.          0.        ]
2025-04-17 13:04:08,314 - DEBUG - After Noise(Next State): [-0.07631177  1.3070642  -0.11107989 -0.46792608 -0.10994693 -0.11467777
  0.          0.        ]
2025-04-17 13:04:08,333 - DEBUG - Before Noise(Next State): [-0.06354227  1.3098958  -0.11108033 -0.49406222 -0.11568081 -0.11467753
  0.          0.        ]
2025-04-17 13:04:08,333 - DEBUG - After Noise(Next State): [-0.09721939  1.2762187  -0.11108033 -0.49406222 -0.11568081 -0.11467753
  0.          0.        ]
2025-04-17 13:04:08,352 - DEBUG - Before Noise(Next State): [-0.06447296  1.2993736  -0.0879784  -0.46805382 -0.12073921 -0.10116816
  0.          0.        ]
2025-04-17 13:04:08,353 - DEBUG - After Noise(Next State): [-0.1031799   1.2606667  -0.0879784  -0.46805382 -0.12073921 -0.10116816
  0.          0.        ]
2025-04-17 13:04:08,371 - DEBUG - Before Noise(Next State): [-0.06515732  1.2890453  -0.06420154 -0.45938718 -0.12495726 -0.08436108
  0.          0.        ]
2025-04-17 13:04:08,371 - DEBUG - After Noise(Next State): [-0.05610495  1.2980977  -0.06420154 -0.45938718 -0.12495726 -0.08436108
  0.          0.        ]
2025-04-17 13:04:08,391 - DEBUG - Before Noise(Next State): [-0.0657649   1.2781185  -0.05455513 -0.48616907 -0.13112259 -0.12330639
  0.          0.        ]
2025-04-17 13:04:08,392 - DEBUG - After Noise(Next State): [-0.02741348  1.3164699  -0.05455513 -0.48616907 -0.13112259 -0.12330639
  0.          0.        ]
2025-04-17 13:04:08,411 - DEBUG - Before Noise(Next State): [-0.06644754  1.2666147  -0.06398325 -0.5116678  -0.13538463 -0.08524077
  0.          0.        ]
2025-04-17 13:04:08,412 - DEBUG - After Noise(Next State): [-0.07747708  1.2555852  -0.06398325 -0.5116678  -0.13538463 -0.08524077
  0.          0.        ]
2025-04-17 13:04:08,430 - DEBUG - Before Noise(Next State): [-0.06719065  1.2545254  -0.07155039 -0.5375563  -0.13813269 -0.05496136
  0.          0.        ]
2025-04-17 13:04:08,430 - DEBUG - After Noise(Next State): [-0.07484124  1.2468748  -0.07155039 -0.5375563  -0.13813269 -0.05496136
  0.          0.        ]
2025-04-17 13:04:08,449 - DEBUG - Before Noise(Next State): [-0.06801061  1.2418554  -0.08118582 -0.5631824  -0.13894321 -0.01621032
  0.          0.        ]
2025-04-17 13:04:08,449 - DEBUG - After Noise(Next State): [-0.05739531  1.2524707  -0.08118582 -0.5631824  -0.13894321 -0.01621032
  0.          0.        ]
2025-04-17 13:04:08,469 - DEBUG - Before Noise(Next State): [-0.06876965  1.2298306  -0.07483892 -0.53453237 -0.14000121 -0.02115983
  0.          0.        ]
2025-04-17 13:04:08,470 - DEBUG - After Noise(Next State): [-0.06658381  1.2320164  -0.07483892 -0.53453237 -0.14000121 -0.02115983
  0.          0.        ]
2025-04-17 13:04:08,488 - DEBUG - Before Noise(Next State): [-0.06962242  1.2172407  -0.08662778 -0.5594257  -0.13865598  0.02690457
  0.          0.        ]
2025-04-17 13:04:08,488 - DEBUG - After Noise(Next State): [-0.06301349  1.2238497  -0.08662778 -0.5594257  -0.13865598  0.02690457
  0.          0.        ]
2025-04-17 13:04:08,508 - DEBUG - Before Noise(Next State): [-0.07039986  1.2040359  -0.07713608 -0.58693296 -0.13926525 -0.01218552
  0.          0.        ]
2025-04-17 13:04:08,509 - DEBUG - After Noise(Next State): [-0.06914222  1.2052935  -0.07713608 -0.58693296 -0.13926525 -0.01218552
  0.          0.        ]
2025-04-17 13:04:08,532 - DEBUG - Before Noise(Next State): [-0.0709815   1.191726   -0.05781299 -0.54714215 -0.13961224 -0.0069398
  0.          0.        ]
2025-04-17 13:04:08,532 - DEBUG - After Noise(Next State): [-0.05061649  1.212091   -0.05781299 -0.54714215 -0.13961224 -0.0069398
  0.          0.        ]
2025-04-17 13:04:08,549 - DEBUG - Before Noise(Next State): [-0.07150154  1.178811   -0.05006614 -0.5741794  -0.14154315 -0.03861802
  0.          0.        ]
2025-04-17 13:04:08,550 - DEBUG - After Noise(Next State): [-0.07075647  1.179556   -0.05006614 -0.5741794  -0.14154315 -0.03861802
  0.          0.        ]
2025-04-17 13:04:08,569 - DEBUG - Before Noise(Next State): [-0.07201739  1.1660991  -0.04932198 -0.565193   -0.14379916 -0.04511997
  0.          0.        ]
2025-04-17 13:04:08,569 - DEBUG - After Noise(Next State): [-0.09500278  1.1431137  -0.04932198 -0.565193   -0.14379916 -0.04511997
  0.          0.        ]
2025-04-17 13:04:08,588 - DEBUG - Before Noise(Next State): [-7.2623156e-02  1.1528203e+00 -6.0623348e-02 -5.9016168e-01
 -1.4375216e-01  9.4005978e-04  0.0000000e+00  0.0000000e+00]
2025-04-17 13:04:08,588 - DEBUG - After Noise(Next State): [-8.7699801e-02  1.1377437e+00 -6.0623348e-02 -5.9016168e-01
 -1.4375216e-01  9.4005978e-04  0.0000000e+00  0.0000000e+00]
2025-04-17 13:04:08,607 - DEBUG - Before Noise(Next State): [-0.07304706  1.1397752  -0.04290946 -0.57973653 -0.14323568  0.01032952
  0.          0.        ]
2025-04-17 13:04:08,607 - DEBUG - After Noise(Next State): [-0.10067981  1.1121424  -0.04290946 -0.57973653 -0.14323568  0.01032952
  0.          0.        ]
2025-04-17 13:04:08,627 - DEBUG - Before Noise(Next State): [-0.07355766  1.1261659  -0.0538162  -0.6045892  -0.14048818  0.05495001
  0.          0.        ]
2025-04-17 13:04:08,627 - DEBUG - After Noise(Next State): [-0.05763302  1.1420906  -0.0538162  -0.6045892  -0.14048818  0.05495001
  0.          0.        ]
2025-04-17 13:04:08,645 - DEBUG - Before Noise(Next State): [-0.07398234  1.1132671  -0.04505917 -0.57303745 -0.13790815  0.05160078
  0.          0.        ]
2025-04-17 13:04:08,645 - DEBUG - After Noise(Next State): [-0.07047705  1.1167723  -0.04505917 -0.57303745 -0.13790815  0.05160078
  0.          0.        ]
2025-04-17 13:04:08,664 - DEBUG - Before Noise(Next State): [-0.07420406  1.1003704  -0.02544872 -0.5728856  -0.13464849  0.06519315
  0.          0.        ]
2025-04-17 13:04:08,664 - DEBUG - After Noise(Next State): [-0.06861455  1.1059599  -0.02544872 -0.5728856  -0.13464849  0.06519315
  0.          0.        ]
2025-04-17 13:04:08,682 - DEBUG - Before Noise(Next State): [-0.07421026  1.087967   -0.00443038 -0.55092615 -0.13084812  0.07600736
  0.          0.        ]
2025-04-17 13:04:08,683 - DEBUG - After Noise(Next State): [-0.08760303  1.0745742  -0.00443038 -0.55092615 -0.13084812  0.07600736
  0.          0.        ]
2025-04-17 13:04:08,701 - DEBUG - Before Noise(Next State): [-0.07428942  1.0749985  -0.01363237 -0.57588977 -0.12516291  0.11370464
  0.          0.        ]
2025-04-17 13:04:08,701 - DEBUG - After Noise(Next State): [-0.08859514  1.0606928  -0.01363237 -0.57588977 -0.12516291  0.11370464
  0.          0.        ]
2025-04-17 13:04:08,721 - DEBUG - Before Noise(Next State): [-0.07429838  1.0614272  -0.00480591 -0.6028439  -0.12127021  0.07785402
  0.          0.        ]
2025-04-17 13:04:08,722 - DEBUG - After Noise(Next State): [-0.07910043  1.0566251  -0.00480591 -0.6028439  -0.12127021  0.07785402
  0.          0.        ]
2025-04-17 13:04:08,740 - DEBUG - Before Noise(Next State): [-0.07437325  1.047282   -0.01309759 -0.62823045 -0.115695    0.11150418
  0.          0.        ]
2025-04-17 13:04:08,741 - DEBUG - After Noise(Next State): [-0.10885665  1.0127985  -0.01309759 -0.62823045 -0.115695    0.11150418
  0.          0.        ]
2025-04-17 13:04:08,759 - DEBUG - Before Noise(Next State): [-0.07444801  1.0325491  -0.01309805 -0.65436643 -0.1101198   0.111504
  0.          0.        ]
2025-04-17 13:04:08,759 - DEBUG - After Noise(Next State): [-0.06009843  1.0468987  -0.01309805 -0.65436643 -0.1101198   0.111504
  0.          0.        ]
2025-04-17 13:04:08,779 - DEBUG - Before Noise(Next State): [-0.07461319  1.0172365  -0.02442528 -0.68001026 -0.10226962  0.15700349
  0.          0.        ]
2025-04-17 13:04:08,779 - DEBUG - After Noise(Next State): [-0.05008328  1.0417664  -0.02442528 -0.68001026 -0.10226962  0.15700349
  0.          0.        ]
2025-04-17 13:04:08,798 - DEBUG - Before Noise(Next State): [-0.07485504  1.0013489  -0.03406269 -0.7054698  -0.09247348  0.1959227
  0.          0.        ]
2025-04-17 13:04:08,798 - DEBUG - After Noise(Next State): [-0.06812121  1.0080826  -0.03406269 -0.7054698  -0.09247348  0.1959227
  0.          0.        ]
2025-04-17 13:04:08,818 - DEBUG - Before Noise(Next State): [-0.07515688  0.98488516 -0.04161305 -0.7310581  -0.08115271  0.22641535
  0.          0.        ]
2025-04-17 13:04:08,819 - DEBUG - After Noise(Next State): [-0.08677307  0.973269   -0.04161305 -0.7310581  -0.08115271  0.22641535
  0.          0.        ]
2025-04-17 13:04:08,836 - DEBUG - Before Noise(Next State): [-0.07539902  0.9678283  -0.03412265 -0.75758255 -0.07133909  0.19627224
  0.          0.        ]
2025-04-17 13:04:08,837 - DEBUG - After Noise(Next State): [-0.0660429   0.9771844  -0.03412265 -0.75758255 -0.07133909  0.19627224
  0.          0.        ]
2025-04-17 13:04:08,856 - DEBUG - Before Noise(Next State): [-0.07547235  0.95158756 -0.01772939 -0.7213533  -0.0610558   0.20566621
  0.          0.        ]
2025-04-17 13:04:08,856 - DEBUG - After Noise(Next State): [-0.06435905  0.96270084 -0.01772939 -0.7213533  -0.0610558   0.20566621
  0.          0.        ]
2025-04-17 13:04:08,876 - DEBUG - Before Noise(Next State): [-0.07554559  0.93476015 -0.01773026 -0.7474955  -0.05077256  0.20566468
  0.          0.        ]
2025-04-17 13:04:08,876 - DEBUG - After Noise(Next State): [-0.07692163  0.9333841  -0.01773026 -0.7474955  -0.05077256  0.20566468
  0.          0.        ]
2025-04-17 13:04:08,895 - DEBUG - Before Noise(Next State): [-0.07553063  0.9173307  -0.0066438  -0.7743897  -0.04272137  0.16102353
  0.          0.        ]
2025-04-17 13:04:08,895 - DEBUG - After Noise(Next State): [-0.0926011   0.9002602  -0.0066438  -0.7743897  -0.04272137  0.16102353
  0.          0.        ]
2025-04-17 13:04:08,913 - DEBUG - Before Noise(Next State): [-0.07542906  0.89929676  0.0042281  -0.80134505 -0.03685881  0.11725114
  0.          0.        ]
2025-04-17 13:04:08,913 - DEBUG - After Noise(Next State): [-0.06599328  0.90873253  0.0042281  -0.80134505 -0.03685881  0.11725114
  0.          0.        ]
2025-04-17 13:04:08,933 - DEBUG - Before Noise(Next State): [-0.07548084  0.88159233 -0.01028781 -0.7867422  -0.03180979  0.1009801
  0.          0.        ]
2025-04-17 13:04:08,933 - DEBUG - After Noise(Next State): [-0.0742584   0.88281476 -0.01028781 -0.7867422  -0.03180979  0.1009801
  0.          0.        ]
2025-04-17 13:04:08,952 - DEBUG - Before Noise(Next State): [-0.07545643  0.8638503  -0.00297781 -0.78843683 -0.02646285  0.10693882
  0.          0.        ]
2025-04-17 13:04:08,952 - DEBUG - After Noise(Next State): [-0.07649105  0.8628157  -0.00297781 -0.78843683 -0.02646285  0.10693882
  0.          0.        ]
2025-04-17 13:04:08,971 - DEBUG - Before Noise(Next State): [-0.07543202  0.84552044 -0.00297792 -0.8145726  -0.02111593  0.10693862
  0.          0.        ]
2025-04-17 13:04:08,971 - DEBUG - After Noise(Next State): [-0.06277315  0.85817933 -0.00297792 -0.8145726  -0.02111593  0.10693862
  0.          0.        ]
2025-04-17 13:04:08,990 - DEBUG - Before Noise(Next State): [-0.07546129  0.827187   -0.0080596  -0.8147538  -0.01605558  0.10120685
  0.          0.        ]
2025-04-17 13:04:08,990 - DEBUG - After Noise(Next State): [-0.0668681   0.8357802  -0.0080596  -0.8147538  -0.01605558  0.10120685
  0.          0.        ]
2025-04-17 13:04:09,009 - DEBUG - Before Noise(Next State): [-0.07556725  0.8082593  -0.01766152 -0.8411748  -0.00907433  0.13962525
  0.          0.        ]
2025-04-17 13:04:09,009 - DEBUG - After Noise(Next State): [-0.05883536  0.82499117 -0.01766152 -0.8411748  -0.00907433  0.13962525
  0.          0.        ]
2025-04-17 13:04:09,029 - DEBUG - Before Noise(Next State): [-0.07563257  0.79015416 -0.01375156 -0.80464685 -0.00194496  0.14258751
  0.          0.        ]
2025-04-17 13:04:09,030 - DEBUG - After Noise(Next State): [-0.07783483  0.7879519  -0.01375156 -0.80464685 -0.00194496  0.14258751
  0.          0.        ]
2025-04-17 13:04:09,049 - DEBUG - Before Noise(Next State): [-0.07561846  0.7714587  -0.00379088 -0.8309078   0.00318953  0.10268949
  0.          0.        ]
2025-04-17 13:04:09,049 - DEBUG - After Noise(Next State): [-0.13026115  0.716816   -0.00379088 -0.8309078   0.00318953  0.10268949
  0.          0.        ]
2025-04-17 13:04:09,067 - DEBUG - Before Noise(Next State): [-0.07550039  0.7530104   0.00611168 -0.8199516   0.00881312  0.11247168
  0.          0.        ]
2025-04-17 13:04:09,067 - DEBUG - After Noise(Next State): [-0.10997825  0.7185325   0.00611168 -0.8199516   0.00881312  0.11247168
  0.          0.        ]
2025-04-17 13:04:09,087 - DEBUG - Before Noise(Next State): [-0.07538223  0.7339744   0.00611171 -0.8460876   0.01443668  0.11247133
  0.          0.        ]
2025-04-17 13:04:09,087 - DEBUG - After Noise(Next State): [-0.06979936  0.73955727  0.00611171 -0.8460876   0.01443668  0.11247133
  0.          0.        ]
2025-04-17 13:04:09,106 - DEBUG - Before Noise(Next State): [-0.07535239  0.71434635 -0.00495041 -0.8724519   0.02227662  0.1567989
  0.          0.        ]
2025-04-17 13:04:09,106 - DEBUG - After Noise(Next State): [-0.06795336  0.7217454  -0.00495041 -0.8724519   0.02227662  0.1567989
  0.          0.        ]
2025-04-17 13:04:09,124 - DEBUG - Before Noise(Next State): [-0.07541494  0.69413966 -0.0165443  -0.8982639   0.03243509  0.20316891
  0.          0.        ]
2025-04-17 13:04:09,125 - DEBUG - After Noise(Next State): [-0.06965891  0.6998957  -0.0165443  -0.8982639   0.03243509  0.20316891
  0.          0.        ]
2025-04-17 13:04:09,145 - DEBUG - Before Noise(Next State): [-0.07557297  0.6733409  -0.028516   -0.9247173   0.04499361  0.25117043
  0.          0.        ]
2025-04-17 13:04:09,146 - DEBUG - After Noise(Next State): [-0.07401504  0.67489886 -0.028516   -0.9247173   0.04499361  0.25117043
  0.          0.        ]
2025-04-17 13:04:09,163 - DEBUG - Before Noise(Next State): [-0.07559957  0.65352976 -0.01620748 -0.88096046  0.05837737  0.26767555
  0.          0.        ]
2025-04-17 13:04:09,163 - DEBUG - After Noise(Next State): [-0.0844174   0.6447119  -0.01620748 -0.88096046  0.05837737  0.26767555
  0.          0.        ]
2025-04-17 13:04:09,181 - DEBUG - Before Noise(Next State): [-0.07560758  0.6345241  -0.01466956 -0.84529465  0.07209778  0.2744083
  0.          0.        ]
2025-04-17 13:04:09,181 - DEBUG - After Noise(Next State): [-0.07325169  0.63688    -0.01466956 -0.84529465  0.07209778  0.2744083
  0.          0.        ]
2025-04-17 13:04:09,201 - DEBUG - Before Noise(Next State): [-0.07553997  0.61494327 -0.00517035 -0.8708793   0.08390553  0.23615491
  0.          0.        ]
2025-04-17 13:04:09,201 - DEBUG - After Noise(Next State): [-0.0559649   0.6345183  -0.00517035 -0.8708793   0.08390553  0.23615491
  0.          0.        ]
2025-04-17 13:04:09,226 - DEBUG - Before Noise(Next State): [-0.07547255  0.5947763  -0.00516899 -0.8970242   0.09571315  0.23615265
  0.          0.        ]
2025-04-17 13:04:09,226 - DEBUG - After Noise(Next State): [-0.06307498  0.60717386 -0.00516899 -0.8970242   0.09571315  0.23615265
  0.          0.        ]
2025-04-17 13:04:09,244 - DEBUG - Before Noise(Next State): [-0.07533274  0.5740313   0.00391961 -0.92267364  0.10569129  0.19956294
  0.          0.        ]
2025-04-17 13:04:09,244 - DEBUG - After Noise(Next State): [-0.0674507   0.58191335  0.00391961 -0.92267364  0.10569129  0.19956294
  0.          0.        ]
2025-04-17 13:04:09,264 - DEBUG - Before Noise(Next State): [-0.07526894  0.5526781  -0.00561792 -0.9499198   0.11761312  0.23843646
  0.          0.        ]
2025-04-17 13:04:09,264 - DEBUG - After Noise(Next State): [-0.09670429  0.5312427  -0.00561792 -0.9499198   0.11761312  0.23843646
  0.          0.        ]
2025-04-17 13:04:09,283 - DEBUG - Before Noise(Next State): [-0.07533626  0.53220874 -0.01863996 -0.91072965  0.12946495  0.23703678
  0.          0.        ]
2025-04-17 13:04:09,283 - DEBUG - After Noise(Next State): [-0.06779995  0.53974503 -0.01863996 -0.91072965  0.12946495  0.23703678
  0.          0.        ]
2025-04-17 13:04:09,302 - DEBUG - Before Noise(Next State): [-0.07538538  0.51194245 -0.01721385 -0.9018353   0.14171441  0.24498907
  0.          0.        ]
2025-04-17 13:04:09,302 - DEBUG - After Noise(Next State): [-0.06326371  0.5240641  -0.01721385 -0.9018353   0.14171441  0.24498907
  0.          0.        ]
2025-04-17 13:04:09,321 - DEBUG - Before Noise(Next State): [-0.07551098  0.49108303 -0.02675179 -0.928498    0.15588269  0.2833656
  0.          0.        ]
2025-04-17 13:04:09,321 - DEBUG - After Noise(Next State): [-0.11844993  0.44814408 -0.02675179 -0.928498    0.15588269  0.2833656
  0.          0.        ]
2025-04-17 13:04:09,340 - DEBUG - Before Noise(Next State): [-0.07563686  0.46963823 -0.02674804 -0.9546481   0.17005078  0.2833617
  0.          0.        ]
2025-04-17 13:04:09,341 - DEBUG - After Noise(Next State): [-0.0615616   0.4837135  -0.02674804 -0.9546481   0.17005078  0.2833617
  0.          0.        ]
2025-04-17 13:04:09,360 - DEBUG - Before Noise(Next State): [-0.07576294  0.447608   -0.02674395 -0.98079807  0.18421867  0.28335777
  0.          0.        ]
2025-04-17 13:04:09,361 - DEBUG - After Noise(Next State): [-0.06932557  0.4540454  -0.02674395 -0.98079807  0.18421867  0.28335777
  0.          0.        ]
2025-04-17 13:04:09,378 - DEBUG - Before Noise(Next State): [-0.07597599  0.4249773  -0.03758693 -1.0079134   0.20058866  0.3273998
  0.          0.        ]
2025-04-17 13:04:09,379 - DEBUG - After Noise(Next State): [-0.08772661  0.4132267  -0.03758693 -1.0079134   0.20058866  0.3273998
  0.          0.        ]
2025-04-17 13:04:09,398 - DEBUG - Before Noise(Next State): [-0.07612924  0.40178183 -0.03000551 -1.032967    0.21538876  0.29600233
  0.          0.        ]
2025-04-17 13:04:09,399 - DEBUG - After Noise(Next State): [-0.07654145  0.40136963 -0.03000551 -1.032967    0.21538876  0.29600233
  0.          0.        ]
2025-04-17 13:04:09,418 - DEBUG - Before Noise(Next State): [-0.07620144  0.37803304 -0.01970937 -1.0573741   0.22803451  0.2529147
  0.          0.        ]
2025-04-17 13:04:09,418 - DEBUG - After Noise(Next State): [-0.03718481  0.41704968 -0.01970937 -1.0573741   0.22803451  0.2529147
  0.          0.        ]
2025-04-17 13:04:09,436 - DEBUG - Before Noise(Next State): [-0.07629023  0.35449162 -0.02181243 -1.0483465   0.24115925  0.26249453
  0.          0.        ]
2025-04-17 13:04:09,436 - DEBUG - After Noise(Next State): [-0.03231969  0.39846215 -0.02181243 -1.0483465   0.24115925  0.26249453
  0.          0.        ]
2025-04-17 13:04:09,453 - DEBUG - Before Noise(Next State): [-0.0763794   0.33036426 -0.0218074  -1.0744939   0.25428382  0.26249146
  0.          0.        ]
2025-04-17 13:04:09,453 - DEBUG - After Noise(Next State): [-0.08415818  0.32258546 -0.0218074  -1.0744939   0.25428382  0.26249146
  0.          0.        ]
2025-04-17 13:04:09,472 - DEBUG - Before Noise(Next State): [-0.07646894  0.3056511  -0.02180209 -1.1006413   0.26740822  0.26248828
  0.          0.        ]
2025-04-17 13:04:09,473 - DEBUG - After Noise(Next State): [-0.06817431  0.31394574 -0.02180209 -1.1006413   0.26740822  0.26248828
  0.          0.        ]
2025-04-17 13:04:09,492 - DEBUG - Before Noise(Next State): [-0.07693481  0.2814452  -0.05861875 -1.0780691   0.27974588  0.24675286
  0.          0.        ]
2025-04-17 13:04:09,492 - DEBUG - After Noise(Next State): [-0.08967482  0.2687052  -0.05861875 -1.0780691   0.27974588  0.24675286
  0.          0.        ]
2025-04-17 13:04:09,511 - DEBUG - Before Noise(Next State): [-0.07740106  0.25665316 -0.05861359 -1.1042149   0.29208338  0.24675035
  0.          0.        ]
2025-04-17 13:04:09,512 - DEBUG - After Noise(Next State): [-0.06372522  0.270329   -0.05861359 -1.1042149   0.29208338  0.24675035
  0.          0.        ]
2025-04-17 13:04:09,529 - DEBUG - Before Noise(Next State): [-0.07819872  0.23246248 -0.09131468 -1.077503    0.3040085   0.23850243
  0.          0.        ]
2025-04-17 13:04:09,530 - DEBUG - After Noise(Next State): [-0.07055024  0.24011095 -0.09131468 -1.077503    0.3040085   0.23850243
  0.          0.        ]
2025-04-17 13:04:09,548 - DEBUG - Before Noise(Next State): [-0.07899666  0.2076856  -0.09130944 -1.1036477   0.31593353  0.23850012
  0.          0.        ]
2025-04-17 13:04:09,549 - DEBUG - After Noise(Next State): [-0.06916087  0.21752138 -0.09130944 -1.1036477   0.31593353  0.23850012
  0.          0.        ]
2025-04-17 13:04:09,568 - DEBUG - Before Noise(Next State): [-0.07986851  0.18229853 -0.1004767  -1.1312743   0.32977816  0.276893
  0.          0.        ]
2025-04-17 13:04:09,568 - DEBUG - After Noise(Next State): [-0.05227647  0.20989057 -0.1004767  -1.1312743   0.32977816  0.276893
  0.          0.        ]
2025-04-17 13:04:09,587 - DEBUG - Before Noise(Next State): [-0.08068009  0.15635434 -0.09282222 -1.1557866   0.3419736   0.24390885
  0.          0.        ]
2025-04-17 13:04:09,587 - DEBUG - After Noise(Next State): [-0.07770657  0.15932785 -0.09282222 -1.1557866   0.3419736   0.24390885
  0.          0.        ]
2025-04-17 13:04:09,606 - DEBUG - Before Noise(Next State): [-0.08155289  0.12978624 -0.10053129 -1.1840082   0.35588777  0.278284
  0.          0.        ]
2025-04-17 13:04:09,607 - DEBUG - After Noise(Next State): [-0.11957208  0.09176704 -0.10053129 -1.1840082   0.35588777  0.278284
  0.          0.        ]
2025-04-17 13:04:09,626 - DEBUG - Before Noise(Next State): [-0.08250971  0.10258993 -0.1110479  -1.2126167   0.37210122  0.32426876
  0.          0.        ]
2025-04-17 13:04:09,626 - DEBUG - After Noise(Next State): [-0.07364564  0.111454   -0.1110479  -1.2126167   0.37210122  0.32426876
  0.          0.        ]
2025-04-17 13:04:09,644 - DEBUG - Before Noise(Next State): [-0.08340101  0.07485238 -0.10260008 -1.2363504   0.3864079   0.28613412
  0.          0.        ]
2025-04-17 13:04:09,645 - DEBUG - After Noise(Next State): [-0.08808257  0.07017082 -0.10260008 -1.2363504   0.3864079   0.28613412
  0.          0.        ]
2025-04-17 13:04:09,665 - DEBUG - Before Noise(Next State): [-0.08429308  0.0465294  -0.10259055 -1.2624997   0.40071443  0.2861301
  0.          0.        ]
2025-04-17 13:04:09,666 - DEBUG - After Noise(Next State): [-0.0617317   0.06909078 -0.10259055 -1.2624997   0.40071443  0.2861301
  0.          0.        ]
2025-04-17 13:04:09,697 - DEBUG - Before Noise(Next State): [-0.08524714  0.01757463 -0.11040424 -1.291197    0.41683912  0.32249397
  0.          1.        ]
2025-04-17 13:04:09,697 - DEBUG - After Noise(Next State): [-0.07952597  0.0232958  -0.11040424 -1.291197    0.41683912  0.32249397
  0.          1.        ]
2025-04-17 13:04:09,715 - DEBUG - Before Noise(Next State): [-0.08605623 -0.0090125  -0.08700593 -1.1841381   0.41875696  0.03196241
  0.          1.        ]
2025-04-17 13:04:09,715 - DEBUG - After Noise(Next State): [-0.08089329 -0.00384956 -0.08700593 -1.1841381   0.41875696  0.03196241
  0.          1.        ]
2025-04-17 13:04:09,735 - DEBUG - Before Noise(Next State): [-8.7956622e-02 -2.2943141e-02  3.6230658e-03 -4.7888359e-01
  2.3849934e-01 -4.1014819e+00  0.0000000e+00  1.0000000e+00]
2025-04-17 13:04:09,735 - DEBUG - After Noise(Next State): [-8.7222233e-02 -2.2208754e-02  3.6230658e-03 -4.7888359e-01
  2.3849934e-01 -4.1014819e+00  0.0000000e+00  1.0000000e+00]
2025-04-17 13:04:09,736 - DEBUG - Episode 17 received a Reward = -93.2729096119725 
2025-04-17 13:04:09,774 - DEBUG - Before Noise(Current State): [ 0.00563459  1.4196677   0.5707213   0.38877252 -0.00652243 -0.12927672
  0.          0.        ]
2025-04-17 13:04:09,774 - DEBUG - After Noise(Current State): [ 0.00213132  1.4161644   0.5707213   0.38877252 -0.00652243 -0.12927672
  0.          0.        ]
2025-04-17 13:04:09,794 - DEBUG - Before Noise(Next State): [ 0.011339    1.4278463   0.57867295  0.3634356  -0.01466024 -0.16277039
  0.          0.        ]
2025-04-17 13:04:09,794 - DEBUG - After Noise(Next State): [ 0.02295772  1.439465    0.57867295  0.3634356  -0.01466024 -0.16277039
  0.          0.        ]
2025-04-17 13:04:09,813 - DEBUG - Before Noise(Next State): [ 0.01704369  1.4354388   0.57869804  0.33734208 -0.02279336 -0.1626775
  0.          0.        ]
2025-04-17 13:04:09,813 - DEBUG - After Noise(Next State): [-0.02228483  1.3961102   0.57869804  0.33734208 -0.02279336 -0.1626775
  0.          0.        ]
2025-04-17 13:04:09,833 - DEBUG - Before Noise(Next State): [ 0.0226696   1.4424541   0.56879735  0.3116867  -0.02893171 -0.12277844
  0.          0.        ]
2025-04-17 13:04:09,833 - DEBUG - After Noise(Next State): [ 0.0338382   1.4536227   0.56879735  0.3116867  -0.02893171 -0.12277844
  0.          0.        ]
2025-04-17 13:04:09,852 - DEBUG - Before Noise(Next State): [ 0.0283824   1.4488755   0.5796987   0.28521302 -0.03725526 -0.16648647
  0.          0.        ]
2025-04-17 13:04:09,852 - DEBUG - After Noise(Next State): [ 0.02534967  1.4458429   0.5796987   0.28521302 -0.03725526 -0.16648647
  0.          0.        ]
2025-04-17 13:04:09,870 - DEBUG - Before Noise(Next State): [ 0.03427496  1.4557805   0.5969207   0.30666912 -0.04484587 -0.15182623
  0.          0.        ]
2025-04-17 13:04:09,870 - DEBUG - After Noise(Next State): [ 0.05223393  1.4737395   0.5969207   0.30666912 -0.04484587 -0.15182623
  0.          0.        ]
2025-04-17 13:04:09,890 - DEBUG - Before Noise(Next State): [ 0.04009933  1.4621066   0.5883583   0.28097865 -0.05070927 -0.11727867
  0.          0.        ]
2025-04-17 13:04:09,890 - DEBUG - After Noise(Next State): [ 0.04457835  1.4665856   0.5883583   0.28097865 -0.05070927 -0.11727867
  0.          0.        ]
2025-04-17 13:04:09,910 - DEBUG - Before Noise(Next State): [ 0.04600983  1.4678288   0.59918386  0.25401965 -0.05875236 -0.16087662
  0.          0.        ]
2025-04-17 13:04:09,910 - DEBUG - After Noise(Next State): [ 0.04939681  1.4712157   0.59918386  0.25401965 -0.05875236 -0.16087662
  0.          0.        ]
2025-04-17 13:04:09,928 - DEBUG - Before Noise(Next State): [ 0.0519805   1.4729693   0.6066786   0.22806783 -0.0682836  -0.19064246
  0.          0.        ]
2025-04-17 13:04:09,929 - DEBUG - After Noise(Next State): [ 0.03077744  1.4517663   0.6066786   0.22806783 -0.0682836  -0.19064246
  0.          0.        ]
2025-04-17 13:04:09,950 - DEBUG - Before Noise(Next State): [ 0.05786114  1.477529    0.5953911   0.20229706 -0.07554049 -0.14515105
  0.          0.        ]
2025-04-17 13:04:09,950 - DEBUG - After Noise(Next State): [ 0.03221152  1.4518794   0.5953911   0.20229706 -0.07554049 -0.14515105
  0.          0.        ]
2025-04-17 13:04:09,969 - DEBUG - Before Noise(Next State): [ 0.06390677  1.4823862   0.6113012   0.21551506 -0.08222981 -0.13379848
  0.          0.        ]
2025-04-17 13:04:09,969 - DEBUG - After Noise(Next State): [ 0.0766644   1.4951439   0.6113012   0.21551506 -0.08222981 -0.13379848
  0.          0.        ]
2025-04-17 13:04:09,988 - DEBUG - Before Noise(Next State): [ 0.06987181  1.4875839   0.6038786   0.23058829 -0.08953867 -0.14619102
  0.          0.        ]
2025-04-17 13:04:09,989 - DEBUG - After Noise(Next State): [ 0.0506967   1.4684088   0.6038786   0.23058829 -0.08953867 -0.14619102
  0.          0.        ]
2025-04-17 13:04:10,007 - DEBUG - Before Noise(Next State): [ 0.075739    1.492964    0.5947597   0.23862362 -0.09752463 -0.15973379
  0.          0.        ]
2025-04-17 13:04:10,008 - DEBUG - After Noise(Next State): [ 0.07444137  1.4916664   0.5947597   0.23862362 -0.09752463 -0.15973379
  0.          0.        ]
2025-04-17 13:04:10,026 - DEBUG - Before Noise(Next State): [ 0.08160639  1.497757    0.5947817   0.21248004 -0.10550901 -0.15970239
  0.          0.        ]
2025-04-17 13:04:10,026 - DEBUG - After Noise(Next State): [ 0.0686636   1.4848142   0.5947817   0.21248004 -0.10550901 -0.15970239
  0.          0.        ]
2025-04-17 13:04:10,046 - DEBUG - Before Noise(Next State): [ 0.08741255  1.5019765   0.5870738   0.18706793 -0.11192264 -0.12828441
  0.          0.        ]
2025-04-17 13:04:10,046 - DEBUG - After Noise(Next State): [ 0.10710069  1.5216646   0.5870738   0.18706793 -0.11192264 -0.12828441
  0.          0.        ]
2025-04-17 13:04:10,066 - DEBUG - Before Noise(Next State): [ 0.09321909  1.5056088   0.58709043  0.1609283  -0.11833596 -0.12827805
  0.          0.        ]
2025-04-17 13:04:10,066 - DEBUG - After Noise(Next State): [ 0.11650413  1.5288938   0.58709043  0.1609283  -0.11833596 -0.12827805
  0.          0.        ]
2025-04-17 13:04:10,086 - DEBUG - Before Noise(Next State): [ 0.09908943  1.5086534   0.59507304  0.13467175 -0.12633811 -0.16005751
  0.          0.        ]
2025-04-17 13:04:10,087 - DEBUG - After Noise(Next State): [ 0.05455257  1.4641166   0.59507304  0.13467175 -0.12633811 -0.16005751
  0.          0.        ]
2025-04-17 13:04:10,104 - DEBUG - Before Noise(Next State): [ 0.10496006  1.511111    0.59509593  0.10852961 -0.13433836 -0.16001958
  0.          0.        ]
2025-04-17 13:04:10,104 - DEBUG - After Noise(Next State): [ 0.09948892  1.5056399   0.59509593  0.10852961 -0.13433836 -0.16001958
  0.          0.        ]
2025-04-17 13:04:10,125 - DEBUG - Before Noise(Next State): [ 0.11083116  1.5129813   0.5951179   0.08238741 -0.1423377  -0.16000132
  0.          0.        ]
2025-04-17 13:04:10,126 - DEBUG - After Noise(Next State): [ 0.09564544  1.4977956   0.5951179   0.08238741 -0.1423377  -0.16000132
  0.          0.        ]
2025-04-17 13:04:10,145 - DEBUG - Before Noise(Next State): [ 0.11665478  1.5151541   0.59097785  0.09572433 -0.15094936 -0.17224884
  0.          0.        ]
2025-04-17 13:04:10,145 - DEBUG - After Noise(Next State): [ 0.13576312  1.5342624   0.59097785  0.09572433 -0.15094936 -0.17224884
  0.          0.        ]
2025-04-17 13:04:10,164 - DEBUG - Before Noise(Next State): [ 0.12238789  1.5167698   0.5795638   0.07116161 -0.15720361 -0.1250963
  0.          0.        ]
2025-04-17 13:04:10,164 - DEBUG - After Noise(Next State): [ 0.1268394   1.5212213   0.5795638   0.07116161 -0.15720361 -0.1250963
  0.          0.        ]
2025-04-17 13:04:10,187 - DEBUG - Before Noise(Next State): [ 0.12830181  1.5189728   0.5973765   0.09727347 -0.16319798 -0.11989814
  0.          0.        ]
2025-04-17 13:04:10,187 - DEBUG - After Noise(Next State): [ 0.15201086  1.5426818   0.5973765   0.09727347 -0.16319798 -0.11989814
  0.          0.        ]
2025-04-17 13:04:10,205 - DEBUG - Before Noise(Next State): [ 0.13421592  1.520588    0.5973898   0.07112415 -0.16919118 -0.11987434
  0.          0.        ]
2025-04-17 13:04:10,206 - DEBUG - After Noise(Next State): [ 0.11468468  1.5010568   0.5973898   0.07112415 -0.16919118 -0.11987434
  0.          0.        ]
2025-04-17 13:04:10,225 - DEBUG - Before Noise(Next State): [ 0.14020196  1.5215892   0.6064545   0.04358687 -0.17705935 -0.15737787
  0.          0.        ]
2025-04-17 13:04:10,226 - DEBUG - After Noise(Next State): [ 0.12356495  1.5049522   0.6064545   0.04358687 -0.17705935 -0.15737787
  0.          0.        ]
2025-04-17 13:04:10,244 - DEBUG - Before Noise(Next State): [ 0.14618245  1.5231422   0.6065222   0.06798954 -0.1855721  -0.17027074
  0.          0.        ]
2025-04-17 13:04:10,244 - DEBUG - After Noise(Next State): [ 0.14713474  1.5240945   0.6065222   0.06798954 -0.1855721  -0.17027074
  0.          0.        ]
2025-04-17 13:04:10,263 - DEBUG - Before Noise(Next State): [ 0.15219231  1.5250498   0.61021346  0.08359968 -0.19485952 -0.18575332
  0.          0.        ]
2025-04-17 13:04:10,263 - DEBUG - After Noise(Next State): [ 0.15648474  1.5293422   0.61021346  0.08359968 -0.19485952 -0.18575332
  0.          0.        ]
2025-04-17 13:04:10,283 - DEBUG - Before Noise(Next State): [ 0.15829305  1.5263286   0.6211143   0.05534037 -0.20598447 -0.2224985
  0.          0.        ]
2025-04-17 13:04:10,283 - DEBUG - After Noise(Next State): [ 0.17395814  1.5419936   0.6211143   0.05534037 -0.20598447 -0.2224985
  0.          0.        ]
2025-04-17 13:04:10,302 - DEBUG - Before Noise(Next State): [ 0.16433439  1.5270487   0.6135725   0.03065453 -0.21551868 -0.1906843
  0.          0.        ]
2025-04-17 13:04:10,302 - DEBUG - After Noise(Next State): [ 0.16882828  1.5315427   0.6135725   0.03065453 -0.21551868 -0.1906843
  0.          0.        ]
2025-04-17 13:04:10,322 - DEBUG - Before Noise(Next State): [ 0.17030592  1.5271974   0.60481185  0.00546741 -0.22326258 -0.154878
  0.          0.        ]
2025-04-17 13:04:10,322 - DEBUG - After Noise(Next State): [ 0.20393647  1.560828    0.60481185  0.00546741 -0.22326258 -0.154878
  0.          0.        ]
2025-04-17 13:04:10,341 - DEBUG - Before Noise(Next State): [ 0.17636624  1.5267311   0.6159532  -0.02226048 -0.23331548 -0.20105839
  0.          0.        ]
2025-04-17 13:04:10,341 - DEBUG - After Noise(Next State): [ 0.1943751   1.54474     0.6159532  -0.02226048 -0.23331548 -0.20105839
  0.          0.        ]
2025-04-17 13:04:10,360 - DEBUG - Before Noise(Next State): [ 0.18242674  1.5256782   0.61595035 -0.04840211 -0.24336833 -0.20105691
  0.          0.        ]
2025-04-17 13:04:10,361 - DEBUG - After Noise(Next State): [ 0.20739307  1.5506445   0.61595035 -0.04840211 -0.24336833 -0.20105691
  0.          0.        ]
2025-04-17 13:04:10,380 - DEBUG - Before Noise(Next State): [ 0.18848753  1.5240384   0.61594737 -0.07454371 -0.2534211  -0.20105548
  0.          0.        ]
2025-04-17 13:04:10,380 - DEBUG - After Noise(Next State): [ 0.1669849   1.5025358   0.61594737 -0.07454371 -0.2534211  -0.20105548
  0.          0.        ]
2025-04-17 13:04:10,399 - DEBUG - Before Noise(Next State): [ 0.19462052  1.5217804   0.62502766 -0.10242165 -0.26539934 -0.23956457
  0.          0.        ]
2025-04-17 13:04:10,400 - DEBUG - After Noise(Next State): [ 0.20662333  1.5337832   0.62502766 -0.10242165 -0.26539934 -0.23956457
  0.          0.        ]
2025-04-17 13:04:10,418 - DEBUG - Before Noise(Next State): [ 0.20067815  1.5189784   0.61543167 -0.12632343 -0.27530137 -0.19804043
  0.          0.        ]
2025-04-17 13:04:10,418 - DEBUG - After Noise(Next State): [ 0.24384809  1.5621483   0.61543167 -0.12632343 -0.27530137 -0.19804043
  0.          0.        ]
2025-04-17 13:04:10,437 - DEBUG - Before Noise(Next State): [ 0.206676    1.5156188   0.60783535 -0.1508514  -0.28357422 -0.16545686
  0.          0.        ]
2025-04-17 13:04:10,438 - DEBUG - After Noise(Next State): [ 0.20314196  1.5120847   0.60783535 -0.1508514  -0.28357422 -0.16545686
  0.          0.        ]
2025-04-17 13:04:10,457 - DEBUG - Before Noise(Next State): [ 0.21311188  1.5130465   0.65089357 -0.11576651 -0.2910887  -0.15028939
  0.          0.        ]
2025-04-17 13:04:10,458 - DEBUG - After Noise(Next State): [ 0.16596112  1.4658958   0.65089357 -0.11576651 -0.2910887  -0.15028939
  0.          0.        ]
2025-04-17 13:04:10,476 - DEBUG - Before Noise(Next State): [ 0.21954794  1.5098867   0.6508916  -0.14190441 -0.29860318 -0.15028879
  0.          0.        ]
2025-04-17 13:04:10,477 - DEBUG - After Noise(Next State): [ 0.20932797  1.4996668   0.6508916  -0.14190441 -0.29860318 -0.15028879
  0.          0.        ]
2025-04-17 13:04:10,495 - DEBUG - Before Noise(Next State): [ 0.22598419  1.5061398   0.6508895  -0.16804229 -0.30611762 -0.15028821
  0.          0.        ]
2025-04-17 13:04:10,495 - DEBUG - After Noise(Next State): [ 0.22937456  1.5095301   0.6508895  -0.16804229 -0.30611762 -0.15028821
  0.          0.        ]
2025-04-17 13:04:10,514 - DEBUG - Before Noise(Next State): [ 0.23242053  1.5018055   0.65088737 -0.19418016 -0.31363198 -0.15028763
  0.          0.        ]
2025-04-17 13:04:10,514 - DEBUG - After Noise(Next State): [ 0.22928664  1.4986717   0.65088737 -0.19418016 -0.31363198 -0.15028763
  0.          0.        ]
2025-04-17 13:04:10,532 - DEBUG - Before Noise(Next State): [ 0.23885708  1.4968841   0.6508852  -0.22031802 -0.3211463  -0.15028706
  0.          0.        ]
2025-04-17 13:04:10,533 - DEBUG - After Noise(Next State): [ 0.23087265  1.4888997   0.6508852  -0.22031802 -0.3211463  -0.15028706
  0.          0.        ]
2025-04-17 13:04:10,553 - DEBUG - Before Noise(Next State): [ 0.2452937   1.4913753   0.6508831  -0.24645588 -0.32866067 -0.15028647
  0.          0.        ]
2025-04-17 13:04:10,553 - DEBUG - After Noise(Next State): [ 0.21907806  1.4651597   0.6508831  -0.24645588 -0.32866067 -0.15028647
  0.          0.        ]
2025-04-17 13:04:10,571 - DEBUG - Before Noise(Next State): [ 0.25173062  1.4852792   0.6508808  -0.27259368 -0.33617494 -0.15028587
  0.          0.        ]
2025-04-17 13:04:10,571 - DEBUG - After Noise(Next State): [ 0.2240076   1.4575562   0.6508808  -0.27259368 -0.33617494 -0.15028587
  0.          0.        ]
2025-04-17 13:04:10,590 - DEBUG - Before Noise(Next State): [ 0.25816765  1.4785959   0.6508785  -0.2987315  -0.34368923 -0.15028529
  0.          0.        ]
2025-04-17 13:04:10,591 - DEBUG - After Noise(Next State): [ 0.23814143  1.4585696   0.6508785  -0.2987315  -0.34368923 -0.15028529
  0.          0.        ]
2025-04-17 13:04:10,611 - DEBUG - Before Noise(Next State): [ 0.2649641   1.4724747   0.68645275 -0.27369127 -0.35083395 -0.14289424
  0.          0.        ]
2025-04-17 13:04:10,611 - DEBUG - After Noise(Next State): [ 0.27781972  1.4853303   0.68645275 -0.27369127 -0.35083395 -0.14289424
  0.          0.        ]
2025-04-17 13:04:10,630 - DEBUG - Before Noise(Next State): [ 0.2716899   1.4658027   0.67751205 -0.29775065 -0.3560279  -0.10387899
  0.          0.        ]
2025-04-17 13:04:10,631 - DEBUG - After Noise(Next State): [ 0.3104449   1.5045577   0.67751205 -0.29775065 -0.3560279  -0.10387899
  0.          0.        ]
2025-04-17 13:04:10,649 - DEBUG - Before Noise(Next State): [ 0.27879173  1.4595599   0.71460533 -0.27856496 -0.36068523 -0.09314671
  0.          0.        ]
2025-04-17 13:04:10,649 - DEBUG - After Noise(Next State): [ 0.28379732  1.4645655   0.71460533 -0.27856496 -0.36068523 -0.09314671
  0.          0.        ]
2025-04-17 13:04:10,668 - DEBUG - Before Noise(Next State): [ 0.285954    1.4526838   0.722313   -0.30714548 -0.36711335 -0.12856162
  0.          0.        ]
2025-04-17 13:04:10,670 - DEBUG - After Noise(Next State): [ 0.2971753   1.4639051   0.722313   -0.30714548 -0.36711335 -0.12856162
  0.          0.        ]
2025-04-17 13:04:10,687 - DEBUG - Before Noise(Next State): [ 0.29342985  1.4463229   0.75352323 -0.2842483  -0.37340927 -0.12591858
  0.          0.        ]
2025-04-17 13:04:10,687 - DEBUG - After Noise(Next State): [ 0.28453368  1.4374268   0.75352323 -0.2842483  -0.37340927 -0.12591858
  0.          0.        ]
2025-04-17 13:04:10,706 - DEBUG - Before Noise(Next State): [ 0.30082235  1.4394314   0.7429125  -0.30724716 -0.37729442 -0.07770287
  0.          0.        ]
2025-04-17 13:04:10,707 - DEBUG - After Noise(Next State): [ 0.3060035   1.4446126   0.7429125  -0.30724716 -0.37729442 -0.07770287
  0.          0.        ]
2025-04-17 13:04:10,724 - DEBUG - Before Noise(Next State): [ 0.3081438   1.431983    0.7340083  -0.33153677 -0.37926546 -0.03942145
  0.          0.        ]
2025-04-17 13:04:10,725 - DEBUG - After Noise(Next State): [ 0.32950652  1.4533458   0.7340083  -0.33153677 -0.37926546 -0.03942145
  0.          0.        ]
2025-04-17 13:04:10,744 - DEBUG - Before Noise(Next State): [ 0.315804    1.424647    0.76726425 -0.32637453 -0.38058153 -0.0263215
  0.          0.        ]
2025-04-17 13:04:10,745 - DEBUG - After Noise(Next State): [ 0.31418392  1.4230269   0.76726425 -0.32637453 -0.38058153 -0.0263215
  0.          0.        ]
2025-04-17 13:04:10,764 - DEBUG - Before Noise(Next State): [ 0.3234643   1.4167229   0.7672642  -0.352508   -0.3818976  -0.02632129
  0.          0.        ]
2025-04-17 13:04:10,764 - DEBUG - After Noise(Next State): [ 0.34644374  1.4397023   0.7672642  -0.352508   -0.3818976  -0.02632129
  0.          0.        ]
2025-04-17 13:04:10,782 - DEBUG - Before Noise(Next State): [ 0.33141136  1.4088672   0.7955022  -0.3493553  -0.3827371  -0.01678994
  0.          0.        ]
2025-04-17 13:04:10,783 - DEBUG - After Noise(Next State): [ 0.3333943   1.4108502   0.7955022  -0.3493553  -0.3827371  -0.01678994
  0.          0.        ]
2025-04-17 13:04:10,801 - DEBUG - Before Noise(Next State): [ 0.33929023  1.4004694   0.7868315  -0.37295216 -0.38160783  0.02258531
  0.          0.        ]
2025-04-17 13:04:10,801 - DEBUG - After Noise(Next State): [ 0.3228159   1.383995    0.7868315  -0.37295216 -0.38160783  0.02258531
  0.          0.        ]
2025-04-17 13:04:10,820 - DEBUG - Before Noise(Next State): [ 0.34722692  1.3914393   0.7942081  -0.40148452 -0.38218734 -0.01158986
  0.          0.        ]
2025-04-17 13:04:10,820 - DEBUG - After Noise(Next State): [ 0.36698586  1.4111983   0.7942081  -0.40148452 -0.38218734 -0.01158986
  0.          0.        ]
2025-04-17 13:04:10,839 - DEBUG - Before Noise(Next State): [ 0.35520926  1.3824705   0.7992965  -0.39890516 -0.38331702 -0.02259397
  0.          0.        ]
2025-04-17 13:04:10,839 - DEBUG - After Noise(Next State): [ 0.386312    1.4135733   0.7992965  -0.39890516 -0.38331702 -0.02259397
  0.          0.        ]
2025-04-17 13:04:10,859 - DEBUG - Before Noise(Next State): [ 0.36319152  1.3729135   0.7992963  -0.42503864 -0.3844467  -0.02259363
  0.          0.        ]
2025-04-17 13:04:10,860 - DEBUG - After Noise(Next State): [ 0.34404892  1.3537709   0.7992963  -0.42503864 -0.3844467  -0.02259363
  0.          0.        ]
2025-04-17 13:04:10,878 - DEBUG - Before Noise(Next State): [ 0.371332    1.363381    0.8151342  -0.4239612  -0.385607   -0.02320578
  0.          0.        ]
2025-04-17 13:04:10,878 - DEBUG - After Noise(Next State): [ 0.35986927  1.3519183   0.8151342  -0.4239612  -0.385607   -0.02320578
  0.          0.        ]
2025-04-17 13:04:10,898 - DEBUG - Before Noise(Next State): [ 0.37952995  1.3532283   0.82238704 -0.45193514 -0.38837454 -0.0553504
  0.          0.        ]
2025-04-17 13:04:10,898 - DEBUG - After Noise(Next State): [ 0.38988462  1.363583    0.82238704 -0.45193514 -0.38837454 -0.0553504
  0.          0.        ]
2025-04-17 13:04:10,917 - DEBUG - Before Noise(Next State): [ 0.387654    1.3425384   0.81299865 -0.47527516 -0.3890022  -0.01255319
  0.          0.        ]
2025-04-17 13:04:10,917 - DEBUG - After Noise(Next State): [ 0.39784512  1.3527294   0.81299865 -0.47527516 -0.3890022  -0.01255319
  0.          0.        ]
2025-04-17 13:04:10,937 - DEBUG - Before Noise(Next State): [ 0.39581928  1.3318255   0.81756914 -0.47641042 -0.39011464 -0.02224833
  0.          0.        ]
2025-04-17 13:04:10,937 - DEBUG - After Noise(Next State): [ 0.41443646  1.3504426   0.81756914 -0.47641042 -0.39011464 -0.02224833
  0.          0.        ]
2025-04-17 13:04:10,956 - DEBUG - Before Noise(Next State): [ 0.40405282  1.3204957   0.82612497 -0.504312   -0.39306536 -0.05901433
  0.          0.        ]
2025-04-17 13:04:10,956 - DEBUG - After Noise(Next State): [ 0.40703353  1.3234764   0.82612497 -0.504312   -0.39306536 -0.05901433
  0.          0.        ]
2025-04-17 13:04:10,976 - DEBUG - Before Noise(Next State): [ 0.41228646  1.3085778   0.8261245  -0.53044593 -0.3960161  -0.05901449
  0.          0.        ]
2025-04-17 13:04:10,977 - DEBUG - After Noise(Next State): [ 0.40405875  1.3003501   0.8261245  -0.53044593 -0.3960161  -0.05901449
  0.          0.        ]
2025-04-17 13:04:10,996 - DEBUG - Before Noise(Next State): [ 0.42045355  1.2961248   0.8176066  -0.5537224  -0.3969764  -0.01920642
  0.          0.        ]
2025-04-17 13:04:10,996 - DEBUG - After Noise(Next State): [ 0.42297226  1.2986436   0.8176066  -0.5537224  -0.3969764  -0.01920642
  0.          0.        ]
2025-04-17 13:04:11,016 - DEBUG - Before Noise(Next State): [ 0.4289612   1.2844743   0.85185325 -0.5181069  -0.39814222 -0.02331606
  0.          0.        ]
2025-04-17 13:04:11,016 - DEBUG - After Noise(Next State): [ 0.44499254  1.3005056   0.85185325 -0.5181069  -0.39814222 -0.02331606
  0.          0.        ]
2025-04-17 13:04:11,037 - DEBUG - Before Noise(Next State): [ 0.43740827  1.2722762   0.8441664  -0.5419881  -0.39755908  0.01166269
  0.          0.        ]
2025-04-17 13:04:11,037 - DEBUG - After Noise(Next State): [ 0.4291448   1.2640127   0.8441664  -0.5419881  -0.39755908  0.01166269
  0.          0.        ]
2025-04-17 13:04:11,055 - DEBUG - Before Noise(Next State): [ 0.44591618  1.2600665   0.8506463  -0.54260796 -0.3974049   0.00308321
  0.          0.        ]
2025-04-17 13:04:11,055 - DEBUG - After Noise(Next State): [ 0.43402004  1.2481704   0.8506463  -0.54260796 -0.3974049   0.00308321
  0.          0.        ]
2025-04-17 13:04:11,075 - DEBUG - Before Noise(Next State): [ 0.45442408  1.2472689   0.8506463  -0.56874126 -0.39725074  0.0030833
  0.          0.        ]
2025-04-17 13:04:11,076 - DEBUG - After Noise(Next State): [ 0.43812042  1.2309653   0.8506463  -0.56874126 -0.39725074  0.0030833
  0.          0.        ]
2025-04-17 13:04:11,094 - DEBUG - Before Noise(Next State): [ 0.4630064   1.2338334   0.86009777 -0.5976566  -0.39924866 -0.03995852
  0.          0.        ]
2025-04-17 13:04:11,095 - DEBUG - After Noise(Next State): [ 0.45013756  1.2209646   0.86009777 -0.5976566  -0.39924866 -0.03995852
  0.          0.        ]
2025-04-17 13:04:11,113 - DEBUG - Before Noise(Next State): [ 0.47199717  1.2208662   0.9005022  -0.57672685 -0.40077245 -0.03047596
  0.          0.        ]
2025-04-17 13:04:11,113 - DEBUG - After Noise(Next State): [ 0.4948418   1.2437109   0.9005022  -0.57672685 -0.40077245 -0.03047596
  0.          0.        ]
2025-04-17 13:04:11,133 - DEBUG - Before Noise(Next State): [ 0.48098794  1.2073109   0.900502   -0.60286033 -0.40229622 -0.03047546
  0.          0.        ]
2025-04-17 13:04:11,133 - DEBUG - After Noise(Next State): [ 0.4836234   1.2099464   0.900502   -0.60286033 -0.40229622 -0.03047546
  0.          0.        ]
2025-04-17 13:04:11,152 - DEBUG - Before Noise(Next State): [ 0.49005365  1.1931123   0.9100567  -0.6320416  -0.40603167 -0.07470907
  0.          0.        ]
2025-04-17 13:04:11,152 - DEBUG - After Noise(Next State): [ 0.50762856  1.2106872   0.9100567  -0.6320416  -0.40603167 -0.07470907
  0.          0.        ]
2025-04-17 13:04:11,172 - DEBUG - Before Noise(Next State): [ 0.49919683  1.178286    0.9197668  -0.6605234  -0.4119037  -0.11744013
  0.          0.        ]
2025-04-17 13:04:11,172 - DEBUG - After Noise(Next State): [ 0.45637196  1.1354611   0.9197668  -0.6605234  -0.4119037  -0.11744013
  0.          0.        ]
2025-04-17 13:04:11,197 - DEBUG - Before Noise(Next State): [ 0.5086603   1.163465    0.95121133 -0.66013026 -0.41715115 -0.10494818
  0.          0.        ]
2025-04-17 13:04:11,197 - DEBUG - After Noise(Next State): [ 0.45930514  1.1141099   0.95121133 -0.66013026 -0.41715115 -0.10494818
  0.          0.        ]
2025-04-17 13:04:11,215 - DEBUG - Before Noise(Next State): [ 0.51805866  1.1481085   0.9428827  -0.6834164  -0.42043763 -0.06572983
  0.          0.        ]
2025-04-17 13:04:11,216 - DEBUG - After Noise(Next State): [ 0.52857     1.1586198   0.9428827  -0.6834164  -0.42043763 -0.06572983
  0.          0.        ]
2025-04-17 13:04:11,235 - DEBUG - Before Noise(Next State): [ 0.52763337  1.1327454   0.96049356 -0.6837143  -0.42371172 -0.0654821
  0.          0.        ]
2025-04-17 13:04:11,235 - DEBUG - After Noise(Next State): [ 0.5226668   1.1277788   0.96049356 -0.6837143  -0.42371172 -0.0654821
  0.          0.        ]
2025-04-17 13:04:11,255 - DEBUG - Before Noise(Next State): [ 0.5373443   1.1173313   0.97421247 -0.6860066  -0.42709255 -0.06761695
  0.          0.        ]
2025-04-17 13:04:11,256 - DEBUG - After Noise(Next State): [ 0.5217292   1.1017162   0.97421247 -0.6860066  -0.42709255 -0.06761695
  0.          0.        ]
2025-04-17 13:04:11,275 - DEBUG - Before Noise(Next State): [ 0.54705536  1.1013294   0.9742119  -0.71214086 -0.4304734  -0.06761689
  0.          0.        ]
2025-04-17 13:04:11,276 - DEBUG - After Noise(Next State): [ 0.57411367  1.1283877   0.9742119  -0.71214086 -0.4304734  -0.06761689
  0.          0.        ]
2025-04-17 13:04:11,295 - DEBUG - Before Noise(Next State): [ 0.55676633  1.0847398   0.9742114  -0.7382751  -0.43385428 -0.06761707
  0.          0.        ]
2025-04-17 13:04:11,295 - DEBUG - After Noise(Next State): [ 0.5541286   1.0821021   0.9742114  -0.7382751  -0.43385428 -0.06761707
  0.          0.        ]
2025-04-17 13:04:11,315 - DEBUG - Before Noise(Next State): [ 0.5664773   1.0675622   0.97421086 -0.7644093  -0.43723512 -0.06761704
  0.          0.        ]
2025-04-17 13:04:11,315 - DEBUG - After Noise(Next State): [ 0.5771041   1.078189    0.97421086 -0.7644093  -0.43723512 -0.06761704
  0.          0.        ]
2025-04-17 13:04:11,335 - DEBUG - Before Noise(Next State): [ 0.57611835  1.0498565   0.96522886 -0.7872694  -0.43846253 -0.02454809
  0.          0.        ]
2025-04-17 13:04:11,335 - DEBUG - After Noise(Next State): [ 0.5807283   1.0544665   0.96522886 -0.7872694  -0.43846253 -0.02454809
  0.          0.        ]
2025-04-17 13:04:11,353 - DEBUG - Before Noise(Next State): [ 0.5859331   1.0325844   0.9831666  -0.7681791  -0.44029927 -0.0367355
  0.          0.        ]
2025-04-17 13:04:11,354 - DEBUG - After Noise(Next State): [ 0.5960995   1.0427508   0.9831666  -0.7681791  -0.44029927 -0.0367355
  0.          0.        ]
2025-04-17 13:04:11,373 - DEBUG - Before Noise(Next State): [ 0.59574795  1.0147243   0.98316634 -0.7943127  -0.44213608 -0.03673546
  0.          0.        ]
2025-04-17 13:04:11,373 - DEBUG - After Noise(Next State): [ 0.5836263   1.0026026   0.98316634 -0.7943127  -0.44213608 -0.03673546
  0.          0.        ]
2025-04-17 13:04:11,392 - DEBUG - Before Noise(Next State): [ 0.6055845   0.9968564   0.9859551  -0.79485285 -0.44464734 -0.05022559
  0.          0.        ]
2025-04-17 13:04:11,392 - DEBUG - After Noise(Next State): [ 0.6288243   1.0200962   0.9859551  -0.79485285 -0.44464734 -0.05022559
  0.          0.        ]
2025-04-17 13:04:11,411 - DEBUG - Before Noise(Next State): [ 0.61542094  0.97840065  0.9859549  -0.8209867  -0.44715863 -0.05022566
  0.          0.        ]
2025-04-17 13:04:11,411 - DEBUG - After Noise(Next State): [ 0.59846574  0.96144545  0.9859549  -0.8209867  -0.44715863 -0.05022566
  0.          0.        ]
2025-04-17 13:04:11,429 - DEBUG - Before Noise(Next State): [ 0.6253317   0.9593163   0.9952575  -0.8495423  -0.45174494 -0.09172595
  0.          0.        ]
2025-04-17 13:04:11,429 - DEBUG - After Noise(Next State): [ 0.64310527  0.9770899   0.9952575  -0.8495423  -0.45174494 -0.09172595
  0.          0.        ]
2025-04-17 13:04:11,448 - DEBUG - Before Noise(Next State): [ 0.63524246  0.9396442   0.9952563  -0.87567735 -0.45633125 -0.09172581
  0.          0.        ]
2025-04-17 13:04:11,449 - DEBUG - After Noise(Next State): [ 0.58958507  0.8939868   0.9952563  -0.87567735 -0.45633125 -0.09172581
  0.          0.        ]
2025-04-17 13:04:11,468 - DEBUG - Before Noise(Next State): [ 0.64573956  0.92066616  1.0532656  -0.84463394 -0.4602255  -0.0778845
  0.          0.        ]
2025-04-17 13:04:11,469 - DEBUG - After Noise(Next State): [ 0.6330848   0.9080114   1.0532656  -0.84463394 -0.4602255  -0.0778845
  0.          0.        ]
2025-04-17 13:04:11,487 - DEBUG - Before Noise(Next State): [ 0.656538    0.90241903  1.0838765  -0.81232625 -0.46467832 -0.08905701
  0.          0.        ]
2025-04-17 13:04:11,487 - DEBUG - After Noise(Next State): [ 0.62668544  0.87256646  1.0838765  -0.81232625 -0.46467832 -0.08905701
  0.          0.        ]
2025-04-17 13:04:11,506 - DEBUG - Before Noise(Next State): [ 0.6673363   0.8835839   1.0838754  -0.83846104 -0.46913114 -0.08905684
  0.          0.        ]
2025-04-17 13:04:11,507 - DEBUG - After Noise(Next State): [ 0.6906427   0.90689033  1.0838754  -0.83846104 -0.46913114 -0.08905684
  0.          0.        ]
2025-04-17 13:04:11,527 - DEBUG - Before Noise(Next State): [ 0.6784891   0.86492056  1.118931   -0.83072734 -0.47318172 -0.08101231
  0.          0.        ]
2025-04-17 13:04:11,527 - DEBUG - After Noise(Next State): [ 0.67715216  0.8635836   1.118931   -0.83072734 -0.47318172 -0.08101231
  0.          0.        ]
2025-04-17 13:04:11,544 - DEBUG - Before Noise(Next State): [ 0.68970984  0.84560966  1.1276438  -0.860178   -0.47935677 -0.12350066
  0.          0.        ]
2025-04-17 13:04:11,545 - DEBUG - After Noise(Next State): [ 0.6826008   0.8385006   1.1276438  -0.860178   -0.47935677 -0.12350066
  0.          0.        ]
2025-04-17 13:04:11,565 - DEBUG - Before Noise(Next State): [ 0.70093095  0.82571113  1.1276416  -0.8863142  -0.48553178 -0.12350045
  0.          0.        ]
2025-04-17 13:04:11,565 - DEBUG - After Noise(Next State): [ 0.71159154  0.8363717   1.1276416  -0.8863142  -0.48553178 -0.12350045
  0.          0.        ]
2025-04-17 13:04:11,583 - DEBUG - Before Noise(Next State): [ 0.7122221   0.80517095  1.1365358  -0.9155304  -0.49382535 -0.165872
  0.          0.        ]
2025-04-17 13:04:11,584 - DEBUG - After Noise(Next State): [ 0.6996468   0.7925956   1.1365358  -0.9155304  -0.49382535 -0.165872
  0.          0.        ]
2025-04-17 13:04:11,602 - DEBUG - Before Noise(Next State): [ 0.7235136   0.7840436   1.1365317  -0.94166887 -0.5021189  -0.16587117
  0.          0.        ]
2025-04-17 13:04:11,602 - DEBUG - After Noise(Next State): [ 0.7309219   0.79145193  1.1365317  -0.94166887 -0.5021189  -0.16587117
  0.          0.        ]
2025-04-17 13:04:11,621 - DEBUG - Before Noise(Next State): [ 0.73489153  0.76226753  1.1474006  -0.97138244 -0.5129707  -0.21703658
  0.          0.        ]
2025-04-17 13:04:11,622 - DEBUG - After Noise(Next State): [ 0.7389468   0.7663228   1.1474006  -0.97138244 -0.5129707  -0.21703658
  0.          0.        ]
2025-04-17 13:04:11,640 - DEBUG - Before Noise(Next State): [ 0.74673     0.7409194   1.1931223  -0.9523275  -0.52350426 -0.21066985
  0.          0.        ]
2025-04-17 13:04:11,640 - DEBUG - After Noise(Next State): [ 0.7293065   0.7234959   1.1931223  -0.9523275  -0.52350426 -0.21066985
  0.          0.        ]
2025-04-17 13:04:11,660 - DEBUG - Before Noise(Next State): [ 0.7590704   0.71996915  1.242804   -0.9345384  -0.5335487  -0.20088899
  0.          0.        ]
2025-04-17 13:04:11,660 - DEBUG - After Noise(Next State): [ 0.7559747   0.71687347  1.242804   -0.9345384  -0.5335487  -0.20088899
  0.          0.        ]
2025-04-17 13:04:11,680 - DEBUG - Before Noise(Next State): [ 0.77148455  0.69837344  1.2521409  -0.9640685  -0.54585505 -0.2461268
  0.          0.        ]
2025-04-17 13:04:11,681 - DEBUG - After Noise(Next State): [ 0.7994761   0.726365    1.2521409  -0.9640685  -0.54585505 -0.2461268
  0.          0.        ]
2025-04-17 13:04:11,697 - DEBUG - Before Noise(Next State): [ 0.7843332   0.6768697   1.2949327  -0.95985574 -0.5575339  -0.23357794
  0.          0.        ]
2025-04-17 13:04:11,697 - DEBUG - After Noise(Next State): [ 0.8010609   0.6935974   1.2949327  -0.95985574 -0.5575339  -0.23357794
  0.          0.        ]
2025-04-17 13:04:11,718 - DEBUG - Before Noise(Next State): [ 0.7971157   0.65484595  1.2863731  -0.98223466 -0.56700724 -0.18946658
  0.          0.        ]
2025-04-17 13:04:11,718 - DEBUG - After Noise(Next State): [ 0.7815201   0.6392504   1.2863731  -0.98223466 -0.56700724 -0.18946658
  0.          0.        ]
2025-04-17 13:04:11,736 - DEBUG - Before Noise(Next State): [ 0.809828    0.6323078   1.277302   -1.00429    -0.57412046 -0.14226443
  0.          0.        ]
2025-04-17 13:04:11,736 - DEBUG - After Noise(Next State): [ 0.8209956   0.6434755   1.277302   -1.00429    -0.57412046 -0.14226443
  0.          0.        ]
2025-04-17 13:04:11,755 - DEBUG - Before Noise(Next State): [ 0.8228935   0.61040884  1.3131801  -0.9761714  -0.5819164  -0.15591845
  0.          0.        ]
2025-04-17 13:04:11,755 - DEBUG - After Noise(Next State): [ 0.8260009   0.6135163   1.3131801  -0.9761714  -0.5819164  -0.15591845
  0.          0.        ]
2025-04-17 13:04:11,775 - DEBUG - Before Noise(Next State): [ 0.83637846  0.58906734  1.3553433  -0.951539   -0.59003425 -0.16235715
  0.          0.        ]
2025-04-17 13:04:11,775 - DEBUG - After Noise(Next State): [ 0.8280082   0.58069706  1.3553433  -0.951539   -0.59003425 -0.16235715
  0.          0.        ]
2025-04-17 13:04:11,794 - DEBUG - Before Noise(Next State): [ 0.849942    0.5670684   1.3652563  -0.98175144 -0.6006583  -0.21248129
  0.          0.        ]
2025-04-17 13:04:11,794 - DEBUG - After Noise(Next State): [ 0.8467927   0.56391907  1.3652563  -0.98175144 -0.6006583  -0.21248129
  0.          0.        ]
2025-04-17 13:04:11,814 - DEBUG - Before Noise(Next State): [ 0.8638943   0.54556084  1.4044027  -0.96012944 -0.61167985 -0.22043149
  0.          0.        ]
2025-04-17 13:04:11,814 - DEBUG - After Noise(Next State): [ 0.8590887   0.5407553   1.4044027  -0.96012944 -0.61167985 -0.22043149
  0.          0.        ]
2025-04-17 13:04:11,834 - DEBUG - Before Noise(Next State): [ 0.8778471   0.5234666   1.4043939  -0.9862712  -0.62270135 -0.22042963
  0.          0.        ]
2025-04-17 13:04:11,835 - DEBUG - After Noise(Next State): [ 0.85246515  0.49808466  1.4043939  -0.9862712  -0.62270135 -0.22042963
  0.          0.        ]
2025-04-17 13:04:11,854 - DEBUG - Before Noise(Next State): [ 0.89185965  0.5007276   1.4119234  -1.015782   -0.635691   -0.25979227
  0.          0.        ]
2025-04-17 13:04:11,854 - DEBUG - After Noise(Next State): [ 0.9233632   0.53223115  1.4119234  -1.015782   -0.635691   -0.25979227
  0.          0.        ]
2025-04-17 13:04:11,874 - DEBUG - Before Noise(Next State): [ 0.9058172   0.47747397  1.4046056  -1.0378973  -0.64659935 -0.21816787
  0.          0.        ]
2025-04-17 13:04:11,874 - DEBUG - After Noise(Next State): [ 0.89328295  0.4649397   1.4046056  -1.0378973  -0.64659935 -0.21816787
  0.          0.        ]
2025-04-17 13:04:11,893 - DEBUG - Before Noise(Next State): [ 0.91977537  0.45363367  1.4045966  -1.0640388  -0.65750766 -0.21816604
  0.          0.        ]
2025-04-17 13:04:11,893 - DEBUG - After Noise(Next State): [ 0.93994534  0.4738036   1.4045966  -1.0640388  -0.65750766 -0.21816604
  0.          0.        ]
2025-04-17 13:04:11,911 - DEBUG - Before Noise(Next State): [ 0.93427104  0.43040243  1.4585103  -1.0371468  -0.6687042  -0.22393069
  0.          0.        ]
2025-04-17 13:04:11,911 - DEBUG - After Noise(Next State): [ 0.9416201   0.4377515   1.4585103  -1.0371468  -0.6687042  -0.22393069
  0.          0.        ]
2025-04-17 13:04:11,931 - DEBUG - Before Noise(Next State): [ 0.9487673   0.40658456  1.4585006  -1.0632883  -0.67990065 -0.22392872
  0.          0.        ]
2025-04-17 13:04:11,931 - DEBUG - After Noise(Next State): [ 0.9411658   0.39898303  1.4585006  -1.0632883  -0.67990065 -0.22392872
  0.          0.        ]
2025-04-17 13:04:11,950 - DEBUG - Before Noise(Next State): [ 0.9632063   0.38224298  1.4510838  -1.0857604  -0.68907255 -0.18343735
  0.          0.        ]
2025-04-17 13:04:11,951 - DEBUG - After Noise(Next State): [ 0.9520597   0.3710964   1.4510838  -1.0857604  -0.68907255 -0.18343735
  0.          0.        ]
2025-04-17 13:04:11,969 - DEBUG - Before Noise(Next State): [ 0.97770345  0.35725868  1.4583571  -1.1152031  -0.7001624  -0.22179738
  0.          0.        ]
2025-04-17 13:04:11,970 - DEBUG - After Noise(Next State): [ 0.999851    0.3794062   1.4583571  -1.1152031  -0.7001624  -0.22179738
  0.          0.        ]
2025-04-17 13:04:11,989 - DEBUG - Before Noise(Next State): [ 0.9922575   0.33163035  1.465431   -1.1447359  -0.7131618  -0.25998873
  0.          0.        ]
2025-04-17 13:04:11,989 - DEBUG - After Noise(Next State): [ 1.0101926   0.34956548  1.465431   -1.1447359  -0.7131618  -0.25998873
  0.          0.        ]
2025-04-17 13:04:12,008 - DEBUG - Before Noise(Next State): [ 1.0068756   0.30533803  1.4735006  -1.1753736  -0.72849536 -0.30667156
  0.          0.        ]
2025-04-17 13:04:12,008 - DEBUG - After Noise(Next State): [ 1.0163631   0.31482553  1.4735006  -1.1753736  -0.72849536 -0.30667156
  0.          0.        ]
2025-04-17 13:04:12,008 - DEBUG - Episode 18 received a Reward = -262.12592624629406 
2025-04-17 13:04:12,048 - DEBUG - Before Noise(Current State): [ 1.0047912e-03  1.4071088e+00  1.0176059e-01 -1.6939989e-01
 -1.1575354e-03 -2.3050329e-02  0.0000000e+00  0.0000000e+00]
2025-04-17 13:04:12,049 - DEBUG - After Noise(Current State): [-5.8064726e-03  1.4002975e+00  1.0176059e-01 -1.6939989e-01
 -1.1575354e-03 -2.3050329e-02  0.0000000e+00  0.0000000e+00]
2025-04-17 13:04:12,066 - DEBUG - Before Noise(Next State): [ 1.9234658e-03  1.4027418e+00  9.0823695e-02 -1.9408377e-01
 -1.3054101e-04  2.0542774e-02  0.0000000e+00  0.0000000e+00]
2025-04-17 13:04:12,067 - DEBUG - After Noise(Next State): [-2.5388846e-02  1.3754295e+00  9.0823695e-02 -1.9408377e-01
 -1.3054101e-04  2.0542774e-02  0.0000000e+00  0.0000000e+00]
2025-04-17 13:04:12,086 - DEBUG - Before Noise(Next State): [ 2.8420449e-03  1.3977869e+00  9.0820402e-02 -2.2022542e-01
  8.9590886e-04  2.0530757e-02  0.0000000e+00  0.0000000e+00]
2025-04-17 13:04:12,086 - DEBUG - After Noise(Next State): [ 2.1861749e-02  1.4168066e+00  9.0820402e-02 -2.2022542e-01
  8.9590886e-04  2.0530757e-02  0.0000000e+00  0.0000000e+00]
2025-04-17 13:04:12,105 - DEBUG - Before Noise(Next State): [ 0.00376062  1.3922436   0.0908175  -0.2463641   0.00192264  0.0205366
  0.          0.        ]
2025-04-17 13:04:12,106 - DEBUG - After Noise(Next State): [ 0.03733615  1.4258192   0.0908175  -0.2463641   0.00192264  0.0205366
  0.          0.        ]
2025-04-17 13:04:12,125 - DEBUG - Before Noise(Next State): [ 0.00461006  1.3861161   0.08213796 -0.27233467  0.00468891  0.05533034
  0.          0.        ]
2025-04-17 13:04:12,125 - DEBUG - After Noise(Next State): [-3.2934293e-04  1.3811767e+00  8.2137965e-02 -2.7233467e-01
  4.6889107e-03  5.5330344e-02  0.0000000e+00  0.0000000e+00]
2025-04-17 13:04:12,144 - DEBUG - Before Noise(Next State): [ 0.0053731   1.3794065   0.07131887 -0.29823548  0.00962117  0.09865446
  0.          0.        ]
2025-04-17 13:04:12,144 - DEBUG - After Noise(Next State): [ 0.00904581  1.3830792   0.07131887 -0.29823548  0.00962117  0.09865446
  0.          0.        ]
2025-04-17 13:04:12,162 - DEBUG - Before Noise(Next State): [ 0.00613604  1.3721089   0.0713041  -0.32437223  0.0145521   0.09862754
  0.          0.        ]
2025-04-17 13:04:12,163 - DEBUG - After Noise(Next State): [ 0.01206257  1.3780354   0.0713041  -0.32437223  0.0145521   0.09862754
  0.          0.        ]
2025-04-17 13:04:12,182 - DEBUG - Before Noise(Next State): [ 0.00699701  1.3642229   0.08361053 -0.35052225  0.01701291  0.04922063
  0.          0.        ]
2025-04-17 13:04:12,183 - DEBUG - After Noise(Next State): [ 0.02239396  1.3796198   0.08361053 -0.35052225  0.01701291  0.04922063
  0.          0.        ]
2025-04-17 13:04:12,201 - DEBUG - Before Noise(Next State): [ 0.00793943  1.3557487   0.09382468 -0.3766369   0.01742553  0.00825323
  0.          0.        ]
2025-04-17 13:04:12,201 - DEBUG - After Noise(Next State): [-0.01639496  1.3314142   0.09382468 -0.3766369   0.01742553  0.00825323
  0.          0.        ]
2025-04-17 13:04:12,223 - DEBUG - Before Noise(Next State): [ 0.00888185  1.3466864   0.09382363 -0.40277222  0.01783844  0.00825905
  0.          0.        ]
2025-04-17 13:04:12,223 - DEBUG - After Noise(Next State): [-0.02574538  1.3120592   0.09382363 -0.40277222  0.01783844  0.00825905
  0.          0.        ]
2025-04-17 13:04:12,243 - DEBUG - Before Noise(Next State): [ 0.0098876   1.3370302   0.10177703 -0.4291461   0.01665812 -0.0236084
  0.          0.        ]
2025-04-17 13:04:12,243 - DEBUG - After Noise(Next State): [ 0.02389133  1.3510339   0.10177703 -0.4291461   0.01665812 -0.0236084
  0.          0.        ]
2025-04-17 13:04:12,263 - DEBUG - Before Noise(Next State): [ 0.01080246  1.3267791   0.09035528 -0.45561564  0.01777065  0.02225248
  0.          0.        ]
2025-04-17 13:04:12,263 - DEBUG - After Noise(Next State): [ 0.04008992  1.3560666   0.09035528 -0.45561564  0.01777065  0.02225248
  0.          0.        ]
2025-04-17 13:04:12,282 - DEBUG - Before Noise(Next State): [ 0.01171722  1.3159401   0.09035147 -0.48175094  0.01888168  0.02222274
  0.          0.        ]
2025-04-17 13:04:12,282 - DEBUG - After Noise(Next State): [ 0.01134117  1.315564    0.09035147 -0.48175094  0.01888168  0.02222274
  0.          0.        ]
2025-04-17 13:04:12,301 - DEBUG - Before Noise(Next State): [ 0.01263199  1.3045129   0.09034839 -0.5078863   0.01999304  0.02222935
  0.          0.        ]
2025-04-17 13:04:12,301 - DEBUG - After Noise(Next State): [ 0.03926729  1.3311481   0.09034839 -0.5078863   0.01999304  0.02222935
  0.          0.        ]
2025-04-17 13:04:12,320 - DEBUG - Before Noise(Next State): [ 0.0136095   1.2925053   0.09822935 -0.5336624   0.01952179 -0.00942578
  0.          0.        ]
2025-04-17 13:04:12,321 - DEBUG - After Noise(Next State): [ 0.02122829  1.300124    0.09822935 -0.5336624   0.01952179 -0.00942578
  0.          0.        ]
2025-04-17 13:04:12,338 - DEBUG - Before Noise(Next State): [ 0.01467962  1.2799032   0.10983393 -0.5600587   0.01672844 -0.05587213
  0.          0.        ]
2025-04-17 13:04:12,339 - DEBUG - After Noise(Next State): [ 0.05321175  1.3184353   0.10983393 -0.5600587   0.01672844 -0.05587213
  0.          0.        ]
2025-04-17 13:04:12,358 - DEBUG - Before Noise(Next State): [ 0.0156764   1.2680935   0.10277684 -0.5248473   0.01366392 -0.06129588
  0.          0.        ]
2025-04-17 13:04:12,358 - DEBUG - After Noise(Next State): [-5.5304752e-04  1.2518640e+00  1.0277684e-01 -5.2484733e-01
  1.3663923e-02 -6.1295878e-02  0.0000000e+00  0.0000000e+00]
2025-04-17 13:04:12,376 - DEBUG - Before Noise(Next State): [ 0.01659784  1.2556967   0.09333055 -0.55095655  0.01249393 -0.02340197
  0.          0.        ]
2025-04-17 13:04:12,377 - DEBUG - After Noise(Next State): [ 0.00975681  1.2488556   0.09333055 -0.55095655  0.01249393 -0.02340197
  0.          0.        ]
2025-04-17 13:04:12,395 - DEBUG - Before Noise(Next State): [ 0.01751938  1.242712    0.09333333 -0.5770866   0.01132318 -0.02341721
  0.          0.        ]
2025-04-17 13:04:12,396 - DEBUG - After Noise(Next State): [ 0.04546565  1.2706583   0.09333333 -0.5770866   0.01132318 -0.02341721
  0.          0.        ]
2025-04-17 13:04:12,415 - DEBUG - Before Noise(Next State): [ 0.01837654  1.229127    0.08526275 -0.6037749   0.01177299  0.00899679
  0.          0.        ]
2025-04-17 13:04:12,415 - DEBUG - After Noise(Next State): [-0.00381736  1.2069331   0.08526275 -0.6037749   0.01177299  0.00899679
  0.          0.        ]
2025-04-17 13:04:12,434 - DEBUG - Before Noise(Next State): [ 0.01923361  1.2149543   0.08526115 -0.6299104   0.01222205  0.00898222
  0.          0.        ]
2025-04-17 13:04:12,434 - DEBUG - After Noise(Next State): [ 0.02408228  1.219803    0.08526115 -0.6299104   0.01222205  0.00898222
  0.          0.        ]
2025-04-17 13:04:12,454 - DEBUG - Before Noise(Next State): [ 0.02012043  1.2008221   0.08806361 -0.6280959   0.01283357  0.01223108
  0.          0.        ]
2025-04-17 13:04:12,455 - DEBUG - After Noise(Next State): [ 0.04796067  1.2286624   0.08806361 -0.6280959   0.01283357  0.01223108
  0.          0.        ]
2025-04-17 13:04:12,475 - DEBUG - Before Noise(Next State): [ 0.02100725  1.186102    0.08806186 -0.6542357   0.01344485  0.01222668
  0.          0.        ]
2025-04-17 13:04:12,475 - DEBUG - After Noise(Next State): [ 0.0176185   1.1827133   0.08806186 -0.6542357   0.01344485  0.01222668
  0.          0.        ]
2025-04-17 13:04:12,494 - DEBUG - Before Noise(Next State): [ 0.02183332  1.1707897   0.08043949 -0.68057257  0.01558351  0.0427772
  0.          0.        ]
2025-04-17 13:04:12,494 - DEBUG - After Noise(Next State): [ 7.2573771e-04  1.1496822e+00  8.0439493e-02 -6.8057257e-01
  1.5583514e-02  4.2777203e-02  0.0000000e+00  0.0000000e+00]
2025-04-17 13:04:12,513 - DEBUG - Before Noise(Next State): [ 0.02258654  1.15489     0.07131316 -0.70669925  0.01954774  0.07929142
  0.          0.        ]
2025-04-17 13:04:12,513 - DEBUG - After Noise(Next State): [ 0.03136487  1.1636683   0.07131316 -0.70669925  0.01954774  0.07929142
  0.          0.        ]
2025-04-17 13:04:12,532 - DEBUG - Before Noise(Next State): [ 0.02333994  1.138381    0.07132921 -0.7337898   0.02351164  0.07927779
  0.          0.        ]
2025-04-17 13:04:12,532 - DEBUG - After Noise(Next State): [-0.01363673  1.1014043   0.07132921 -0.7337898   0.02351164  0.07927779
  0.          0.        ]
2025-04-17 13:04:12,552 - DEBUG - Before Noise(Next State): [ 0.02409334  1.1212842   0.07132925 -0.75992453  0.02747553  0.07927766
  0.          0.        ]
2025-04-17 13:04:12,552 - DEBUG - After Noise(Next State): [ 0.01898459  1.1161755   0.07132925 -0.75992453  0.02747553  0.07927766
  0.          0.        ]
2025-04-17 13:04:12,572 - DEBUG - Before Noise(Next State): [ 0.02478142  1.1035972   0.06313767 -0.7862109   0.03308087  0.1121068
  0.          0.        ]
2025-04-17 13:04:12,572 - DEBUG - After Noise(Next State): [ 0.04541397  1.1242297   0.06313767 -0.7862109   0.03308087  0.1121068
  0.          0.        ]
2025-04-17 13:04:12,591 - DEBUG - Before Noise(Next State): [ 0.02540312  1.085331    0.05480858 -0.8120071   0.04034905  0.14536384
  0.          0.        ]
2025-04-17 13:04:12,591 - DEBUG - After Noise(Next State): [ 0.04462455  1.1045524   0.05480858 -0.8120071   0.04034905  0.14536384
  0.          0.        ]
2025-04-17 13:04:12,611 - DEBUG - Before Noise(Next State): [ 0.02608194  1.0679345   0.06007443 -0.773407    0.04806292  0.1542772
  0.          0.        ]
2025-04-17 13:04:12,612 - DEBUG - After Noise(Next State): [ 0.01659648  1.058449    0.06007443 -0.773407    0.04806292  0.1542772
  0.          0.        ]
2025-04-17 13:04:12,632 - DEBUG - Before Noise(Next State): [ 0.02665453  1.0514954   0.0497208  -0.7308816   0.05551527  0.14904697
  0.          0.        ]
2025-04-17 13:04:12,632 - DEBUG - After Noise(Next State): [ 0.00779311  1.032634    0.0497208  -0.7308816   0.05551527  0.14904697
  0.          0.        ]
2025-04-17 13:04:12,651 - DEBUG - Before Noise(Next State): [ 0.02731104  1.0344768   0.06025607 -0.7565957   0.06085218  0.10673817
  0.          0.        ]
2025-04-17 13:04:12,651 - DEBUG - After Noise(Next State): [-0.01737235  0.98979336  0.06025607 -0.7565957   0.06085218  0.10673817
  0.          0.        ]
2025-04-17 13:04:12,670 - DEBUG - Before Noise(Next State): [ 0.02796755  1.0168705   0.06025628 -0.78273135  0.0661891   0.10673799
  0.          0.        ]
2025-04-17 13:04:12,670 - DEBUG - After Noise(Next State): [ 0.01662037  1.0055233   0.06025628 -0.78273135  0.0661891   0.10673799
  0.          0.        ]
2025-04-17 13:04:12,689 - DEBUG - Before Noise(Next State): [ 0.0283843   1.0001047   0.03710657 -0.7453584   0.07071093  0.09043659
  0.          0.        ]
2025-04-17 13:04:12,690 - DEBUG - After Noise(Next State): [ 0.01572184  0.9874422   0.03710657 -0.7453584   0.07071093  0.09043659
  0.          0.        ]
2025-04-17 13:04:12,708 - DEBUG - Before Noise(Next State): [ 0.02889519  0.98275137  0.04889186 -0.7713631   0.07287508  0.043283
  0.          0.        ]
2025-04-17 13:04:12,709 - DEBUG - After Noise(Next State): [ 0.00906728  0.96292347  0.04889186 -0.7713631   0.07287508  0.043283
  0.          0.        ]
2025-04-17 13:04:12,727 - DEBUG - Before Noise(Next State): [ 0.02932682  0.96479243  0.03894814 -0.7983844   0.07704981  0.08349466
  0.          0.        ]
2025-04-17 13:04:12,727 - DEBUG - After Noise(Next State): [ 0.01993987  0.9554055   0.03894814 -0.7983844   0.07704981  0.08349466
  0.          0.        ]
2025-04-17 13:04:12,747 - DEBUG - Before Noise(Next State): [ 0.02975845  0.94624573  0.0389483  -0.8245192   0.08122454  0.08349453
  0.          0.        ]
2025-04-17 13:04:12,747 - DEBUG - After Noise(Next State): [ 0.01900826  0.93549556  0.0389483  -0.8245192   0.08122454  0.08349453
  0.          0.        ]
2025-04-17 13:04:12,771 - DEBUG - Before Noise(Next State): [ 0.03010597  0.92709607  0.02839459 -0.8514526   0.0875304   0.12611696
  0.          0.        ]
2025-04-17 13:04:12,772 - DEBUG - After Noise(Next State): [ 0.03439613  0.93138623  0.02839459 -0.8514526   0.0875304   0.12611696
  0.          0.        ]
2025-04-17 13:04:12,791 - DEBUG - Before Noise(Next State): [ 0.03045349  0.907359    0.02839502 -0.8775893   0.09383623  0.12611663
  0.          0.        ]
2025-04-17 13:04:12,792 - DEBUG - After Noise(Next State): [ 0.0351372   0.91204274  0.02839502 -0.8775893   0.09383623  0.12611663
  0.          0.        ]
2025-04-17 13:04:12,812 - DEBUG - Before Noise(Next State): [ 0.03078833  0.8876019   0.02702054 -0.87851495  0.10024767  0.12822863
  0.          0.        ]
2025-04-17 13:04:12,812 - DEBUG - After Noise(Next State): [ 0.02900254  0.88581616  0.02702054 -0.87851495  0.10024767  0.12822863
  0.          0.        ]
2025-04-17 13:04:12,830 - DEBUG - Before Noise(Next State): [ 0.03099918  0.868173    0.01491776 -0.8639362   0.1063714   0.12247448
  0.          0.        ]
2025-04-17 13:04:12,831 - DEBUG - After Noise(Next State): [ 0.03242234  0.8695962   0.01491776 -0.8639362   0.1063714   0.12247448
  0.          0.        ]
2025-04-17 13:04:12,858 - DEBUG - Before Noise(Next State): [ 0.03121004  0.8481566   0.01491824 -0.89007264  0.1124951   0.12247418
  0.          0.        ]
2025-04-17 13:04:12,859 - DEBUG - After Noise(Next State): [-0.0160322   0.80091435  0.01491824 -0.89007264  0.1124951   0.12247418
  0.          0.        ]
2025-04-17 13:04:12,879 - DEBUG - Before Noise(Next State): [ 0.03115931  0.8287048  -0.01042508 -0.8649382   0.11781575  0.10641297
  0.          0.        ]
2025-04-17 13:04:12,880 - DEBUG - After Noise(Next State): [-6.67383661e-04  7.96878099e-01 -1.04250815e-02 -8.64938200e-01
  1.17815748e-01  1.06412970e-01  0.00000000e+00  0.00000000e+00]
2025-04-17 13:04:12,898 - DEBUG - Before Noise(Next State): [ 0.03110867  0.8086653  -0.01042467 -0.89107394  0.12313638  0.10641279
  0.          0.        ]
2025-04-17 13:04:12,899 - DEBUG - After Noise(Next State): [ 0.02533763  0.80289423 -0.01042467 -0.89107394  0.12313638  0.10641279
  0.          0.        ]
2025-04-17 13:04:12,920 - DEBUG - Before Noise(Next State): [ 0.03099575  0.78803176 -0.01820455 -0.91763234  0.13002291  0.13773048
  0.          0.        ]
2025-04-17 13:04:12,921 - DEBUG - After Noise(Next State): [ 0.03732674  0.7943627  -0.01820455 -0.91763234  0.13002291  0.13773048
  0.          0.        ]
2025-04-17 13:04:12,939 - DEBUG - Before Noise(Next State): [ 0.03088284  0.76681095 -0.0182038  -0.94376963  0.13690941  0.13773003
  0.          0.        ]
2025-04-17 13:04:12,940 - DEBUG - After Noise(Next State): [ 0.04760151  0.78352964 -0.0182038  -0.94376963  0.13690941  0.13773003
  0.          0.        ]
2025-04-17 13:04:12,957 - DEBUG - Before Noise(Next State): [ 0.03085489  0.74501354 -0.00754928 -0.9692191   0.14164689  0.09474939
  0.          0.        ]
2025-04-17 13:04:12,957 - DEBUG - After Noise(Next State): [ 0.03235966  0.7465183  -0.00754928 -0.9692191   0.14164689  0.09474939
  0.          0.        ]
2025-04-17 13:04:12,982 - DEBUG - Before Noise(Next State): [ 0.03082686  0.7226283  -0.00754889 -0.99535435  0.14638436  0.09474925
  0.          0.        ]
2025-04-17 13:04:12,983 - DEBUG - After Noise(Next State): [ 0.0327644   0.72456586 -0.00754889 -0.99535435  0.14638436  0.09474925
  0.          0.        ]
2025-04-17 13:04:13,000 - DEBUG - Before Noise(Next State): [ 0.03076162  0.70106363 -0.01172846 -0.95895004  0.15158544  0.10402179
  0.          0.        ]
2025-04-17 13:04:13,001 - DEBUG - After Noise(Next State): [-0.01195393  0.6583481  -0.01172846 -0.95895004  0.15158544  0.10402179
  0.          0.        ]
2025-04-17 13:04:13,027 - DEBUG - Before Noise(Next State): [ 0.03044004  0.67984957 -0.03663335 -0.9433111   0.15605102  0.08931173
  0.          0.        ]
2025-04-17 13:04:13,027 - DEBUG - After Noise(Next State): [ 0.05485241  0.7042619  -0.03663335 -0.9433111   0.15605102  0.08931173
  0.          0.        ]
2025-04-17 13:04:13,045 - DEBUG - Before Noise(Next State): [ 0.03011837  0.6580476  -0.03663296 -0.9694461   0.16051659  0.08931161
  0.          0.        ]
2025-04-17 13:04:13,046 - DEBUG - After Noise(Next State): [ 0.02508857  0.6530178  -0.03663296 -0.9694461   0.16051659  0.08931161
  0.          0.        ]
2025-04-17 13:04:13,065 - DEBUG - Before Noise(Next State): [ 0.02985859  0.6356737  -0.028855   -0.99471134  0.16339207  0.05750965
  0.          0.        ]
2025-04-17 13:04:13,065 - DEBUG - After Noise(Next State): [ 0.03983608  0.64565116 -0.028855   -0.99471134  0.16339207  0.05750965
  0.          0.        ]
2025-04-17 13:04:13,085 - DEBUG - Before Noise(Next State): [ 0.02967377  0.6127376  -0.01940286 -1.019486    0.1643162   0.01848251
  0.          0.        ]
2025-04-17 13:04:13,086 - DEBUG - After Noise(Next State): [ 0.01860742  0.6016713  -0.01940286 -1.019486    0.1643162   0.01848251
  0.          0.        ]
2025-04-17 13:04:13,105 - DEBUG - Before Noise(Next State): [ 0.02955294  0.58923024 -0.01135897 -1.0446856   0.1635934  -0.01445639
  0.          0.        ]
2025-04-17 13:04:13,106 - DEBUG - After Noise(Next State): [ 0.0168645   0.5765418  -0.01135897 -1.0446856   0.1635934  -0.01445639
  0.          0.        ]
2025-04-17 13:04:13,125 - DEBUG - Before Noise(Next State): [ 2.9526139e-02  5.6514955e-01  4.2969460e-04 -1.0699188e+00
  1.6048595e-01 -6.2148757e-02  0.0000000e+00  0.0000000e+00]
2025-04-17 13:04:13,125 - DEBUG - After Noise(Next State): [ 2.4639700e-02  5.6026310e-01  4.2969460e-04 -1.0699188e+00
  1.6048595e-01 -6.2148757e-02  0.0000000e+00  0.0000000e+00]
2025-04-17 13:04:13,143 - DEBUG - Before Noise(Next State): [ 0.02940664  0.54045933 -0.01121459 -1.0972633   0.15975359 -0.01464706
  0.          0.        ]
2025-04-17 13:04:13,144 - DEBUG - After Noise(Next State): [ 0.03084582  0.5418985  -0.01121459 -1.0972633   0.15975359 -0.01464706
  0.          0.        ]
2025-04-17 13:04:13,162 - DEBUG - Before Noise(Next State): [ 0.02921247  0.51516277 -0.02060007 -1.1244186   0.16093832  0.02369454
  0.          0.        ]
2025-04-17 13:04:13,163 - DEBUG - After Noise(Next State): [ 0.04664255  0.53259283 -0.02060007 -1.1244186   0.16093832  0.02369454
  0.          0.        ]
2025-04-17 13:04:13,181 - DEBUG - Before Noise(Next State): [ 0.0289011   0.49049377 -0.03239518 -1.0965345   0.16218834  0.02500022
  0.          0.        ]
2025-04-17 13:04:13,181 - DEBUG - After Noise(Next State): [ 0.00493165  0.46652433 -0.03239518 -1.0965345   0.16218834  0.02500022
  0.          0.        ]
2025-04-17 13:04:13,199 - DEBUG - Before Noise(Next State): [ 0.0284667   0.4661738  -0.04459281 -1.0810134   0.16334398  0.02311294
  0.          0.        ]
2025-04-17 13:04:13,199 - DEBUG - After Noise(Next State): [ 0.04454905  0.48225614 -0.04459281 -1.0810134   0.16334398  0.02311294
  0.          0.        ]
2025-04-17 13:04:13,219 - DEBUG - Before Noise(Next State): [ 0.0280323   0.44126588 -0.04459278 -1.107147    0.16449963  0.02311292
  0.          0.        ]
2025-04-17 13:04:13,221 - DEBUG - After Noise(Next State): [ 0.03757711  0.4508107  -0.04459278 -1.107147    0.16449963  0.02311292
  0.          0.        ]
2025-04-17 13:04:13,238 - DEBUG - Before Noise(Next State): [ 0.0275979   0.41577002 -0.04459275 -1.1332805   0.16565526  0.02311294
  0.          0.        ]
2025-04-17 13:04:13,238 - DEBUG - After Noise(Next State): [ 0.03504131  0.42321342 -0.04459275 -1.1332805   0.16565526  0.02311294
  0.          0.        ]
2025-04-17 13:04:13,265 - DEBUG - Before Noise(Next State): [ 0.02694387  0.39078808 -0.06611843 -1.1103897   0.1663692   0.01427877
  0.          0.        ]
2025-04-17 13:04:13,266 - DEBUG - After Noise(Next State): [ 0.04791441  0.4117586  -0.06611843 -1.1103897   0.1663692   0.01427877
  0.          0.        ]
2025-04-17 13:04:13,284 - DEBUG - Before Noise(Next State): [ 0.02622566  0.36519358 -0.07420911 -1.1378049   0.16876139  0.0478437
  0.          0.        ]
2025-04-17 13:04:13,284 - DEBUG - After Noise(Next State): [ 0.01379925  0.35276717 -0.07420911 -1.1378049   0.16876139  0.0478437
  0.          0.        ]
2025-04-17 13:04:13,303 - DEBUG - Before Noise(Next State): [ 0.02544155  0.3389908  -0.08250818 -1.1650385   0.17286186  0.08200909
  0.          0.        ]
2025-04-17 13:04:13,304 - DEBUG - After Noise(Next State): [ 0.0371286   0.35067785 -0.08250818 -1.1650385   0.17286186  0.08200909
  0.          0.        ]
2025-04-17 13:04:13,322 - DEBUG - Before Noise(Next State): [ 0.02449932  0.3127166  -0.09786309 -1.1681713   0.17651631  0.07308896
  0.          0.        ]
2025-04-17 13:04:13,322 - DEBUG - After Noise(Next State): [-0.00274588  0.2854714  -0.09786309 -1.1681713   0.17651631  0.07308896
  0.          0.        ]
2025-04-17 13:04:13,342 - DEBUG - Before Noise(Next State): [ 0.02350445  0.2874155  -0.10372989 -1.1250061   0.18077663  0.0852064
  0.          0.        ]
2025-04-17 13:04:13,342 - DEBUG - After Noise(Next State): [ 0.00963075  0.2735418  -0.10372989 -1.1250061   0.18077663  0.0852064
  0.          0.        ]
2025-04-17 13:04:13,362 - DEBUG - Before Noise(Next State): [ 0.0224391   0.26149616 -0.11264135 -1.1527257   0.18690042  0.12247597
  0.          0.        ]
2025-04-17 13:04:13,363 - DEBUG - After Noise(Next State): [ 0.01282959  0.25188664 -0.11264135 -1.1527257   0.18690042  0.12247597
  0.          0.        ]
2025-04-17 13:04:13,380 - DEBUG - Before Noise(Next State): [ 0.02114124  0.23612238 -0.1354663  -1.1284511   0.19261782  0.11434798
  0.          0.        ]
2025-04-17 13:04:13,380 - DEBUG - After Noise(Next State): [ 0.02876441  0.24374555 -0.1354663  -1.1284511   0.19261782  0.11434798
  0.          0.        ]
2025-04-17 13:04:13,400 - DEBUG - Before Noise(Next State): [ 0.01984339  0.21016103 -0.13546553 -1.1545871   0.1983352   0.11434774
  0.          0.        ]
2025-04-17 13:04:13,401 - DEBUG - After Noise(Next State): [ 0.00368562  0.19400327 -0.13546553 -1.1545871   0.1983352   0.11434774
  0.          0.        ]
2025-04-17 13:04:13,429 - DEBUG - Before Noise(Next State): [ 0.01854544  0.18361217 -0.13546473 -1.1807232   0.20405258  0.1143475
  0.          0.        ]
2025-04-17 13:04:13,430 - DEBUG - After Noise(Next State): [-0.02237504  0.14269169 -0.13546473 -1.1807232   0.20405258  0.1143475
  0.          0.        ]
2025-04-17 13:04:13,447 - DEBUG - Before Noise(Next State): [ 0.0169857   0.15753895 -0.1611233  -1.1595308   0.20924881  0.103925
  0.          0.        ]
2025-04-17 13:04:13,448 - DEBUG - After Noise(Next State): [ 0.00197909  0.14253233 -0.1611233  -1.1595308   0.20924881  0.103925
  0.          0.        ]
2025-04-17 13:04:13,466 - DEBUG - Before Noise(Next State): [ 0.01551256  0.13089474 -0.15028292 -1.1846107   0.21223891  0.05980185
  0.          0.        ]
2025-04-17 13:04:13,466 - DEBUG - After Noise(Next State): [ 0.05071951  0.1661017  -0.15028292 -1.1846107   0.21223891  0.05980185
  0.          0.        ]
2025-04-17 13:04:13,484 - DEBUG - Before Noise(Next State): [ 0.0137702   0.1045571  -0.17656323 -1.1709006   0.21459334  0.04708835
  0.          0.        ]
2025-04-17 13:04:13,485 - DEBUG - After Noise(Next State): [ 0.02326004  0.11404693 -0.17656323 -1.1709006   0.21459334  0.04708835
  0.          0.        ]
2025-04-17 13:04:13,502 - DEBUG - Before Noise(Next State): [ 0.01202793  0.0776315  -0.1765631  -1.1970344   0.21694773  0.04708833
  0.          0.        ]
2025-04-17 13:04:13,502 - DEBUG - After Noise(Next State): [ 0.00862346  0.07422703 -0.1765631  -1.1970344   0.21694773  0.04708833
  0.          0.        ]
2025-04-17 13:04:13,522 - DEBUG - Before Noise(Next State): [ 0.01034727  0.05014838 -0.16875634 -1.221573    0.2176455   0.01395511
  0.          0.        ]
2025-04-17 13:04:13,522 - DEBUG - After Noise(Next State): [-0.00609625  0.03370486 -0.16875634 -1.221573    0.2176455   0.01395511
  0.          0.        ]
2025-04-17 13:04:13,541 - DEBUG - Before Noise(Next State): [ 0.00855484  0.02277196 -0.17989394 -1.2168243   0.21830106  0.01311109
  0.          1.        ]
2025-04-17 13:04:13,541 - DEBUG - After Noise(Next State): [ 0.01023502  0.02445215 -0.17989394 -1.2168243   0.21830106  0.01311109
  0.          1.        ]
2025-04-17 13:04:13,559 - DEBUG - Before Noise(Next State): [ 0.00676231 -0.00414647 -0.16128406 -1.1934249   0.20402974 -0.28040487
  0.          1.        ]
2025-04-17 13:04:13,560 - DEBUG - After Noise(Next State): [ 0.04933305  0.03842427 -0.16128406 -1.1934249   0.20402974 -0.28040487
  0.          1.        ]
2025-04-17 13:04:13,580 - DEBUG - Before Noise(Next State): [ 0.00461712 -0.03038992 -0.09603084 -0.72790563  0.15405774 -4.459935
  1.          1.        ]
2025-04-17 13:04:13,580 - DEBUG - After Noise(Next State): [-0.01168064 -0.04668768 -0.09603084 -0.72790563  0.15405774 -4.459935
  1.          1.        ]
2025-04-17 13:04:13,580 - DEBUG - Episode 19 received a Reward = -77.72547783060656 
2025-04-17 13:04:13,621 - DEBUG - Before Noise(Current State): [-0.00731373  1.4017222  -0.7408179  -0.40882465  0.00848157  0.1678063
  0.          0.        ]
2025-04-17 13:04:13,621 - DEBUG - After Noise(Current State): [-0.01394711  1.3950888  -0.7408179  -0.40882465  0.00848157  0.1678063
  0.          0.        ]
2025-04-17 13:04:13,640 - DEBUG - Before Noise(Next State): [-0.01463957  1.3934549  -0.7409542  -0.36750177  0.01675785  0.16554198
  0.          0.        ]
2025-04-17 13:04:13,640 - DEBUG - After Noise(Next State): [-0.02225791  1.3858366  -0.7409542  -0.36750177  0.01675785  0.16554198
  0.          0.        ]
2025-04-17 13:04:13,658 - DEBUG - Before Noise(Next State): [-0.0219656   1.3845997  -0.74097985 -0.3936821   0.0250293   0.16544478
  0.          0.        ]
2025-04-17 13:04:13,659 - DEBUG - After Noise(Next State): [ 0.01060291  1.4171681  -0.74097985 -0.3936821   0.0250293   0.16544478
  0.          0.        ]
2025-04-17 13:04:13,678 - DEBUG - Before Noise(Next State): [-0.02921953  1.3765585  -0.73421735 -0.3575498   0.03375864  0.17460325
  0.          0.        ]
2025-04-17 13:04:13,678 - DEBUG - After Noise(Next State): [-0.04872837  1.3570497  -0.73421735 -0.3575498   0.03375864  0.17460325
  0.          0.        ]
2025-04-17 13:04:13,697 - DEBUG - Before Noise(Next State): [-0.03655529  1.3679364  -0.74447125 -0.38349092  0.04453342  0.21551552
  0.          0.        ]
2025-04-17 13:04:13,698 - DEBUG - After Noise(Next State): [-0.0381074   1.3663843  -0.74447125 -0.38349092  0.04453342  0.21551552
  0.          0.        ]
2025-04-17 13:04:13,730 - DEBUG - Before Noise(Next State): [-0.04396667  1.3587233  -0.7539321  -0.4098944   0.05719891  0.25333285
  0.          0.        ]
2025-04-17 13:04:13,731 - DEBUG - After Noise(Next State): [-0.07410155  1.3285884  -0.7539321  -0.4098944   0.05719891  0.25333285
  0.          0.        ]
2025-04-17 13:04:13,754 - DEBUG - Before Noise(Next State): [-0.05140171  1.3500998  -0.75638306 -0.38380688  0.06996494  0.25534418
  0.          0.        ]
2025-04-17 13:04:13,755 - DEBUG - After Noise(Next State): [-0.05472848  1.346773   -0.75638306 -0.38380688  0.06996494  0.25534418
  0.          0.        ]
2025-04-17 13:04:13,778 - DEBUG - Before Noise(Next State): [-0.05891495  1.3408786  -0.7661891  -0.41059336  0.08470005  0.29472885
  0.          0.        ]
2025-04-17 13:04:13,779 - DEBUG - After Noise(Next State): [-0.02453621  1.3752574  -0.7661891  -0.41059336  0.08470005  0.29472885
  0.          0.        ]
2025-04-17 13:04:13,798 - DEBUG - Before Noise(Next State): [-0.06653996  1.3318307  -0.7770187  -0.40301147  0.09910806  0.2881871
  0.          0.        ]
2025-04-17 13:04:13,798 - DEBUG - After Noise(Next State): [-0.06406014  1.3343105  -0.7770187  -0.40301147  0.09910806  0.2881871
  0.          0.        ]
2025-04-17 13:04:13,824 - DEBUG - Before Noise(Next State): [-0.07416554  1.3221976  -0.77705777 -0.42916915  0.11351436  0.28815287
  0.          0.        ]
2025-04-17 13:04:13,825 - DEBUG - After Noise(Next State): [-0.05845798  1.3379052  -0.77705777 -0.42916915  0.11351436  0.28815287
  0.          0.        ]
2025-04-17 13:04:13,843 - DEBUG - Before Noise(Next State): [-0.08187313  1.311975   -0.7872642  -0.4556852   0.12995876  0.32891804
  0.          0.        ]
2025-04-17 13:04:13,843 - DEBUG - After Noise(Next State): [-0.07375294  1.3200952  -0.7872642  -0.4556852   0.12995876  0.32891804
  0.          0.        ]
2025-04-17 13:04:13,862 - DEBUG - Before Noise(Next State): [-0.08958139  1.3011676  -0.78730965 -0.48184305  0.14639945  0.32884413
  0.          0.        ]
2025-04-17 13:04:13,863 - DEBUG - After Noise(Next State): [-0.07886933  1.3118796  -0.78730965 -0.48184305  0.14639945  0.32884413
  0.          0.        ]
2025-04-17 13:04:13,882 - DEBUG - Before Noise(Next State): [-0.0972146   1.2897992  -0.7777854  -0.5067521   0.16087142  0.2894659
  0.          0.        ]
2025-04-17 13:04:13,883 - DEBUG - After Noise(Next State): [-0.05033563  1.3366781  -0.7777854  -0.5067521   0.16087142  0.2894659
  0.          0.        ]
2025-04-17 13:04:13,904 - DEBUG - Before Noise(Next State): [-0.10484848  1.2778456  -0.777822   -0.5329064   0.17534186  0.28943497
  0.          0.        ]
2025-04-17 13:04:13,904 - DEBUG - After Noise(Next State): [-0.1369885   1.2457056  -0.777822   -0.5329064   0.17534186  0.28943497
  0.          0.        ]
2025-04-17 13:04:13,922 - DEBUG - Before Noise(Next State): [-0.11261549  1.2661551  -0.7909449  -0.52132356  0.18966     0.28638908
  0.          0.        ]
2025-04-17 13:04:13,922 - DEBUG - After Noise(Next State): [-0.11365983  1.2651107  -0.7909449  -0.52132356  0.18966     0.28638908
  0.          0.        ]
2025-04-17 13:04:13,941 - DEBUG - Before Noise(Next State): [-0.12066726  1.2547675  -0.8185967  -0.5078883   0.20318897  0.27060434
  0.          0.        ]
2025-04-17 13:04:13,942 - DEBUG - After Noise(Next State): [-0.08073591  1.2946988  -0.8185967  -0.5078883   0.20318897  0.27060434
  0.          0.        ]
2025-04-17 13:04:13,960 - DEBUG - Before Noise(Next State): [-0.12862387  1.2428274  -0.80657464 -0.5322107   0.21421     0.2204407
  0.          0.        ]
2025-04-17 13:04:13,960 - DEBUG - After Noise(Next State): [-0.11325598  1.2581953  -0.80657464 -0.5322107   0.21421     0.2204407
  0.          0.        ]
2025-04-17 13:04:13,979 - DEBUG - Before Noise(Next State): [-0.13685827  1.2314695  -0.8338221  -0.5063341   0.22473654  0.21054955
  0.          0.        ]
2025-04-17 13:04:13,979 - DEBUG - After Noise(Next State): [-0.1328195   1.2355083  -0.8338221  -0.5063341   0.22473654  0.21054955
  0.          0.        ]
2025-04-17 13:04:13,997 - DEBUG - Before Noise(Next State): [-0.14534196  1.2201381  -0.85803974 -0.50512415  0.23455156  0.196318
  0.          0.        ]
2025-04-17 13:04:13,998 - DEBUG - After Noise(Next State): [-0.16230938  1.2031707  -0.85803974 -0.50512415  0.23455156  0.196318
  0.          0.        ]
2025-04-17 13:04:14,017 - DEBUG - Before Noise(Next State): [-0.15382615  1.2082198  -0.85806483 -0.53127176  0.24436548  0.19629596
  0.          0.        ]
2025-04-17 13:04:14,018 - DEBUG - After Noise(Next State): [-0.1650923   1.1969537  -0.85806483 -0.53127176  0.24436548  0.19629596
  0.          0.        ]
2025-04-17 13:04:14,035 - DEBUG - Before Noise(Next State): [-0.16240168  1.195686   -0.86949396 -0.55908066  0.25654694  0.24365118
  0.          0.        ]
2025-04-17 13:04:14,036 - DEBUG - After Noise(Next State): [-0.15511686  1.2029709  -0.86949396 -0.55908066  0.25654694  0.24365118
  0.          0.        ]
2025-04-17 13:04:14,054 - DEBUG - Before Noise(Next State): [-0.17105122  1.1825311  -0.8787777  -0.5871398   0.27070153  0.28311673
  0.          0.        ]
2025-04-17 13:04:14,054 - DEBUG - After Noise(Next State): [-0.18975602  1.1638263  -0.8787777  -0.5871398   0.27070153  0.28311673
  0.          0.        ]
2025-04-17 13:04:14,074 - DEBUG - Before Noise(Next State): [-0.17981854  1.1698624  -0.8908634  -0.56572974  0.2852169   0.29033357
  0.          0.        ]
2025-04-17 13:04:14,074 - DEBUG - After Noise(Next State): [-0.17595673  1.1737242  -0.8908634  -0.56572974  0.2852169   0.29033357
  0.          0.        ]
2025-04-17 13:04:14,094 - DEBUG - Before Noise(Next State): [-0.1885868   1.1566081  -0.8908924  -0.5918977   0.29973003  0.29028836
  0.          0.        ]
2025-04-17 13:04:14,094 - DEBUG - After Noise(Next State): [-0.23061989  1.114575   -0.8908924  -0.5918977   0.29973003  0.29028836
  0.          0.        ]
2025-04-17 13:04:14,113 - DEBUG - Before Noise(Next State): [-0.19728069  1.1428001  -0.88143986 -0.61621207  0.31221992  0.24982044
  0.          0.        ]
2025-04-17 13:04:14,114 - DEBUG - After Noise(Next State): [-0.18697101  1.1531098  -0.88143986 -0.61621207  0.31221992  0.24982044
  0.          0.        ]
2025-04-17 13:04:14,132 - DEBUG - Before Noise(Next State): [-0.20601997  1.1293013  -0.8865754  -0.60273015  0.32535905  0.26278245
  0.          0.        ]
2025-04-17 13:04:14,133 - DEBUG - After Noise(Next State): [-0.18133342  1.1539879  -0.8865754  -0.60273015  0.32535905  0.26278245
  0.          0.        ]
2025-04-17 13:04:14,152 - DEBUG - Before Noise(Next State): [-0.21475978  1.1152165  -0.88656867 -0.62887734  0.33849803  0.26277936
  0.          0.        ]
2025-04-17 13:04:14,152 - DEBUG - After Noise(Next State): [-0.21778877  1.1121875  -0.88656867 -0.62887734  0.33849803  0.26277936
  0.          0.        ]
2025-04-17 13:04:14,171 - DEBUG - Before Noise(Next State): [-0.22350016  1.1005459  -0.8865616  -0.6550243   0.35163683  0.26277623
  0.          0.        ]
2025-04-17 13:04:14,171 - DEBUG - After Noise(Next State): [-0.210374    1.113672   -0.8865616  -0.6550243   0.35163683  0.26277623
  0.          0.        ]
2025-04-17 13:04:14,191 - DEBUG - Before Noise(Next State): [-0.232241    1.0852892  -0.8865541  -0.68117124  0.36477548  0.26277307
  0.          0.        ]
2025-04-17 13:04:14,191 - DEBUG - After Noise(Next State): [-0.220651    1.0968792  -0.8865541  -0.68117124  0.36477548  0.26277307
  0.          0.        ]
2025-04-17 13:04:14,209 - DEBUG - Before Noise(Next State): [-0.24107242  1.0693903  -0.897957   -0.71047336  0.38047415  0.31397334
  0.          0.        ]
2025-04-17 13:04:14,209 - DEBUG - After Noise(Next State): [-0.22239324  1.0880694  -0.897957   -0.71047336  0.38047415  0.31397334
  0.          0.        ]
2025-04-17 13:04:14,228 - DEBUG - Before Noise(Next State): [-0.24999079  1.0528548  -0.9088419  -0.7395528   0.39860934  0.3627033
  0.          0.        ]
2025-04-17 13:04:14,228 - DEBUG - After Noise(Next State): [-0.2586103   1.0442352  -0.9088419  -0.7395528   0.39860934  0.3627033
  0.          0.        ]
2025-04-17 13:04:14,247 - DEBUG - Before Noise(Next State): [-0.25884214  1.0357689  -0.9002675  -0.7637075   0.41487092  0.3252317
  0.          0.        ]
2025-04-17 13:04:14,248 - DEBUG - After Noise(Next State): [-0.25897306  1.035638   -0.9002675  -0.7637075   0.41487092  0.3252317
  0.          0.        ]
2025-04-17 13:04:14,266 - DEBUG - Before Noise(Next State): [-0.26775885  1.0180465  -0.90848744 -0.7927096   0.43307522  0.36408606
  0.          0.        ]
2025-04-17 13:04:14,266 - DEBUG - After Noise(Next State): [-0.23875049  1.0470549  -0.90848744 -0.7927096   0.43307522  0.36408606
  0.          0.        ]
2025-04-17 13:04:14,291 - DEBUG - Before Noise(Next State): [-0.2767648   0.9996889  -0.91954577 -0.8218791   0.45376945  0.41388434
  0.          0.        ]
2025-04-17 13:04:14,291 - DEBUG - After Noise(Next State): [-0.26770708  1.0087466  -0.91954577 -0.8218791   0.45376945  0.41388434
  0.          0.        ]
2025-04-17 13:04:14,309 - DEBUG - Before Noise(Next State): [-0.2857058   0.9807903  -0.9111253  -0.84559095  0.4725454   0.37551886
  0.          0.        ]
2025-04-17 13:04:14,310 - DEBUG - After Noise(Next State): [-0.28176692  0.98472923 -0.9111253  -0.84559095  0.4725454   0.37551886
  0.          0.        ]
2025-04-17 13:04:14,327 - DEBUG - Before Noise(Next State): [-0.29519367  0.9626474  -0.9653165  -0.8121008   0.4909534   0.36816013
  0.          0.        ]
2025-04-17 13:04:14,328 - DEBUG - After Noise(Next State): [-0.29204655  0.9657945  -0.9653165  -0.8121008   0.4909534   0.36816013
  0.          0.        ]
2025-04-17 13:04:14,347 - DEBUG - Before Noise(Next State): [-0.3046028   0.9439848  -0.9551201  -0.8346016   0.5069122   0.31917605
  0.          0.        ]
2025-04-17 13:04:14,347 - DEBUG - After Noise(Next State): [-0.26744765  0.98113996 -0.9551201  -0.8346016   0.5069122   0.31917605
  0.          0.        ]
2025-04-17 13:04:14,368 - DEBUG - Before Noise(Next State): [-0.3140719  0.9247021 -0.9624518 -0.8628701  0.5245448  0.3526505
  0.         0.       ]
2025-04-17 13:04:14,368 - DEBUG - After Noise(Next State): [-0.31933793  0.91943604 -0.9624518  -0.8628701   0.5245448   0.3526505
  0.          0.        ]
2025-04-17 13:04:14,387 - DEBUG - Before Noise(Next State): [-0.32389873  0.9058617  -0.9982147  -0.84344673  0.5423346   0.3557969
  0.          0.        ]
2025-04-17 13:04:14,387 - DEBUG - After Noise(Next State): [-0.32979926  0.8999611  -0.9982147  -0.84344673  0.5423346   0.3557969
  0.          0.        ]
2025-04-17 13:04:14,407 - DEBUG - Before Noise(Next State): [-0.3338085  0.8863732 -1.0084751 -0.873329   0.5626136  0.4055802
  0.         0.       ]
2025-04-17 13:04:14,408 - DEBUG - After Noise(Next State): [-0.3602279  0.8599538 -1.0084751 -0.873329   0.5626136  0.4055802
  0.         0.       ]
2025-04-17 13:04:14,428 - DEBUG - Before Noise(Next State): [-0.34365445  0.86636466 -1.0000455  -0.8958786   0.5807407   0.3625422
  0.          0.        ]
2025-04-17 13:04:14,428 - DEBUG - After Noise(Next State): [-0.34084797  0.86917114 -1.0000455  -0.8958786   0.5807407   0.3625422
  0.          0.        ]
2025-04-17 13:04:14,447 - DEBUG - Before Noise(Next State): [-0.35350198  0.84577173 -1.0000231  -0.92203504  0.5988674   0.362534
  0.          0.        ]
2025-04-17 13:04:14,447 - DEBUG - After Noise(Next State): [-0.34321412  0.85605955 -1.0000231  -0.92203504  0.5988674   0.362534
  0.          0.        ]
2025-04-17 13:04:14,467 - DEBUG - Before Noise(Next State): [-0.3634204   0.8245175  -1.0089096  -0.95255655  0.61939716  0.4105947
  0.          0.        ]
2025-04-17 13:04:14,467 - DEBUG - After Noise(Next State): [-0.3620141   0.82592374 -1.0089096  -0.95255655  0.61939716  0.4105947
  0.          0.        ]
2025-04-17 13:04:14,486 - DEBUG - Before Noise(Next State): [-0.37328506  0.8027272  -1.001855   -0.9758989   0.63816303  0.37531683
  0.          0.        ]
2025-04-17 13:04:14,486 - DEBUG - After Noise(Next State): [-0.3613104   0.81470186 -1.001855   -0.9758989   0.63816303  0.37531683
  0.          0.        ]
